smileys	face-smiling	1F600	grinning face	
smileys	face-smiling	1F603	grinning face with big eyes	
smileys	face-smiling	1F604	grinning face with smiling eyes	
smileys	face-smiling	1F601	beaming face with smiling eyes	
smileys	face-smiling	1F606	grinning squinting face	
smileys	face-smiling	1F605	grinning face with sweat	
smileys	face-smiling	1F923	rolling on the floor laughing	
smileys	face-smiling	1F602	face with tears of joy	
smileys	face-smiling	1F642	slightly smiling face	
smileys	face-smiling	1F643	upside-down face	
smileys	face-smiling	1FAE0	melting face	
smileys	face-smiling	1F609	winking face	
smileys	face-smiling	1F60A	smiling face with smiling eyes	
smileys	face-smiling	1F607	smiling face with halo	
smileys	face-affection	1F970	smiling face with hearts	
smileys	face-affection	1F60D	smiling face with heart-eyes	
smileys	face-affection	1F929	star-struck	
smileys	face-affection	1F618	face blowing a kiss	
smileys	face-affection	1F617	kissing face	
smileys	face-affection	263A FE0F	smiling face	
smileys	face-affection	1F61A	kissing face with closed eyes	
smileys	face-affection	1F619	kissing face with smiling eyes	
smileys	face-affection	1F972	smiling face with tear	
smileys	face-tongue	1F60B	face savoring food	
smileys	face-tongue	1F61B	face with tongue	
smileys	face-tongue	1F61C	winking face with tongue	
smileys	face-tongue	1F92A	zany face	
smileys	face-tongue	1F61D	squinting face with tongue	
smileys	face-tongue	1F911	money-mouth face	
smileys	face-hand	1F917	smiling face with open hands	
smileys	face-hand	1F92D	face with hand over mouth	
smileys	face-hand	1FAE2	face with open eyes and hand over mouth	
smileys	face-hand	1FAE3	face with peeking eye	
smileys	face-hand	1F92B	shushing face	
smileys	face-hand	1F914	thinking face	
smileys	face-hand	1FAE1	saluting face	
smileys	face-neutral-skeptical	1F910	zipper-mouth face	
smileys	face-neutral-skeptical	1F928	face with raised eyebrow	
smileys	face-neutral-skeptical	1F610	neutral face	
smileys	face-neutral-skeptical	1F611	expressionless face	
smileys	face-neutral-skeptical	1F636	face without mouth	
smileys	face-neutral-skeptical	1FAE5	dotted line face	
smileys	face-neutral-skeptical	1F636 200D 1F32B FE0F	face in clouds	
smileys	face-neutral-skeptical	1F60F	smirking face	
smileys	face-neutral-skeptical	1F612	unamused face	
smileys	face-neutral-skeptical	1F644	face with rolling eyes	
smileys	face-neutral-skeptical	1F62C	grimacing face	
smileys	face-neutral-skeptical	1F62E 200D 1F4A8	face exhaling	
smileys	face-neutral-skeptical	1F925	lying face	
smileys	face-neutral-skeptical	1FAE8	shaking face	
smileys	face-neutral-skeptical	1F642 200D 2194 FE0F	head shaking horizontally	
smileys	face-neutral-skeptical	1F642 200D 2195 FE0F	head shaking vertically	
smileys	face-sleepy	1F60C	relieved face	
smileys	face-sleepy	1F614	pensive face	
smileys	face-sleepy	1F62A	sleepy face	
smileys	face-sleepy	1F924	drooling face	
smileys	face-sleepy	1F634	sleeping face	
smileys	face-unwell	1F637	face with medical mask	
smileys	face-unwell	1F912	face with thermometer	
smileys	face-unwell	1F915	face with head-bandage	
smileys	face-unwell	1F922	nauseated face	
smileys	face-unwell	1F92E	face vomiting	
smileys	face-unwell	1F927	sneezing face	
smileys	face-unwell	1F975	hot face	
smileys	face-unwell	1F976	cold face	
smileys	face-unwell	1F974	woozy face	
smileys	face-unwell	1F635	face with crossed-out eyes	
smileys	face-unwell	1F635 200D 1F4AB	face with spiral eyes	
smileys	face-unwell	1F92F	exploding head	
smileys	face-hat	1F920	cowboy hat face	
smileys	face-hat	1F973	partying face	
smileys	face-hat	1F978	disguised face	
smileys	face-glasses	1F60E	smiling face with sunglasses	
smileys	face-glasses	1F913	nerd face	
smileys	face-glasses	1F9D0	face with monocle	
smileys	face-concerned	1F615	confused face	
smileys	face-concerned	1FAE4	face with diagonal mouth	
smileys	face-concerned	1F61F	worried face	
smileys	face-concerned	1F641	slightly frowning face	
smileys	face-concerned	2639 FE0F	frowning face	
smileys	face-concerned	1F62E	face with open mouth	
smileys	face-concerned	1F62F	hushed face	
smileys	face-concerned	1F632	astonished face	
smileys	face-concerned	1F633	flushed face	
smileys	face-concerned	1F97A	pleading face	
smileys	face-concerned	1F979	face holding back tears	
smileys	face-concerned	1F626	frowning face with open mouth	
smileys	face-concerned	1F627	anguished face	
smileys	face-concerned	1F628	fearful face	
smileys	face-concerned	1F630	anxious face with sweat	
smileys	face-concerned	1F625	sad but relieved face	
smileys	face-concerned	1F622	crying face	
smileys	face-concerned	1F62D	loudly crying face	
smileys	face-concerned	1F631	face screaming in fear	
smileys	face-concerned	1F616	confounded face	
smileys	face-concerned	1F623	persevering face	
smileys	face-concerned	1F61E	disappointed face	
smileys	face-concerned	1F613	downcast face with sweat	
smileys	face-concerned	1F629	weary face	
smileys	face-concerned	1F62B	tired face	
smileys	face-concerned	1F971	yawning face	
smileys	face-negative	1F624	face with steam from nose	
smileys	face-negative	1F621	enraged face	
smileys	face-negative	1F620	angry face	
smileys	face-negative	1F92C	face with symbols on mouth	
smileys	face-negative	1F608	smiling face with horns	
smileys	face-negative	1F47F	angry face with horns	
smileys	face-negative	1F480	skull	
smileys	face-negative	2620 FE0F	skull and crossbones	
smileys	face-costume	1F4A9	pile of poo	
smileys	face-costume	1F921	clown face	
smileys	face-costume	1F479	ogre	
smileys	face-costume	1F47A	goblin	
smileys	face-costume	1F47B	ghost	
smileys	face-costume	1F47D	alien	
smileys	face-costume	1F47E	alien monster	
smileys	face-costume	1F916	robot	
smileys	cat-face	1F63A	grinning cat	
smileys	cat-face	1F638	grinning cat with smiling eyes	
smileys	cat-face	1F639	cat with tears of joy	
smileys	cat-face	1F63B	smiling cat with heart-eyes	
smileys	cat-face	1F63C	cat with wry smile	
smileys	cat-face	1F63D	kissing cat	
smileys	cat-face	1F640	weary cat	
smileys	cat-face	1F63F	crying cat	
smileys	cat-face	1F63E	pouting cat	
smileys	monkey-face	1F648	see-no-evil monkey	
smileys	monkey-face	1F649	hear-no-evil monkey	
smileys	monkey-face	1F64A	speak-no-evil monkey	
smileys	heart	1F48C	love letter	
smileys	heart	1F498	heart with arrow	
smileys	heart	1F49D	heart with ribbon	
smileys	heart	1F496	sparkling heart	
smileys	heart	1F497	growing heart	
smileys	heart	1F493	beating heart	
smileys	heart	1F49E	revolving hearts	
smileys	heart	1F495	two hearts	
smileys	heart	1F49F	heart decoration	
smileys	heart	2763 FE0F	heart exclamation	
smileys	heart	1F494	broken heart	
smileys	heart	2764 FE0F 200D 1F525	heart on fire	
smileys	heart	2764 FE0F 200D 1FA79	mending heart	
smileys	heart	2764 FE0F	red heart	
smileys	heart	1FA77	pink heart	
smileys	heart	1F9E1	orange heart	
smileys	heart	1F49B	yellow heart	
smileys	heart	1F49A	green heart	
smileys	heart	1F499	blue heart	
smileys	heart	1FA75	light blue heart	
smileys	heart	1F49C	purple heart	
smileys	heart	1F90E	brown heart	
smileys	heart	1F5A4	black heart	
smileys	heart	1FA76	grey heart	
smileys	heart	1F90D	white heart	
smileys	emotion	1F48B	kiss mark	
smileys	emotion	1F4AF	hundred points	
smileys	emotion	1F4A2	anger symbol	
smileys	emotion	1F4A5	collision	
smileys	emotion	1F4AB	dizzy	
smileys	emotion	1F4A6	sweat droplets	
smileys	emotion	1F4A8	dashing away	
smileys	emotion	1F573 FE0F	hole	
smileys	emotion	1F4AC	speech balloon	
smileys	emotion	1F441 FE0F 200D 1F5E8 FE0F	eye in speech bubble	
smileys	emotion	1F5E8 FE0F	left speech bubble	
smileys	emotion	1F5EF FE0F	right anger bubble	
smileys	emotion	1F4AD	thought balloon	
smileys	emotion	1F4A4	ZZZ	
people	hand-fingers-open	1F44B	waving hand	
variant	hand-fingers-open	1F44B 1F3FB	waving hand: light skin tone	1F44B
variant	hand-fingers-open	1F44B 1F3FC	waving hand: medium-light skin tone	1F44B
variant	hand-fingers-open	1F44B 1F3FD	waving hand: medium skin tone	1F44B
variant	hand-fingers-open	1F44B 1F3FE	waving hand: medium-dark skin tone	1F44B
variant	hand-fingers-open	1F44B 1F3FF	waving hand: dark skin tone	1F44B
people	hand-fingers-open	1F91A	raised back of hand	
variant	hand-fingers-open	1F91A 1F3FB	raised back of hand: light skin tone	1F91A
variant	hand-fingers-open	1F91A 1F3FC	raised back of hand: medium-light skin tone	1F91A
variant	hand-fingers-open	1F91A 1F3FD	raised back of hand: medium skin tone	1F91A
variant	hand-fingers-open	1F91A 1F3FE	raised back of hand: medium-dark skin tone	1F91A
variant	hand-fingers-open	1F91A 1F3FF	raised back of hand: dark skin tone	1F91A
people	hand-fingers-open	1F590 FE0F	hand with fingers splayed	
variant	hand-fingers-open	1F590 1F3FB	hand with fingers splayed: light skin tone	1F590
variant	hand-fingers-open	1F590 1F3FC	hand with fingers splayed: medium-light skin tone	1F590
variant	hand-fingers-open	1F590 1F3FD	hand with fingers splayed: medium skin tone	1F590
variant	hand-fingers-open	1F590 1F3FE	hand with fingers splayed: medium-dark skin tone	1F590
variant	hand-fingers-open	1F590 1F3FF	hand with fingers splayed: dark skin tone	1F590
people	hand-fingers-open	270B	raised hand	
variant	hand-fingers-open	270B 1F3FB	raised hand: light skin tone	270B
variant	hand-fingers-open	270B 1F3FC	raised hand: medium-light skin tone	270B
variant	hand-fingers-open	270B 1F3FD	raised hand: medium skin tone	270B
variant	hand-fingers-open	270B 1F3FE	raised hand: medium-dark skin tone	270B
variant	hand-fingers-open	270B 1F3FF	raised hand: dark skin tone	270B
people	hand-fingers-open	1F596	vulcan salute	
variant	hand-fingers-open	1F596 1F3FB	vulcan salute: light skin tone	1F596
variant	hand-fingers-open	1F596 1F3FC	vulcan salute: medium-light skin tone	1F596
variant	hand-fingers-open	1F596 1F3FD	vulcan salute: medium skin tone	1F596
variant	hand-fingers-open	1F596 1F3FE	vulcan salute: medium-dark skin tone	1F596
variant	hand-fingers-open	1F596 1F3FF	vulcan salute: dark skin tone	1F596
people	hand-fingers-open	1FAF1	rightwards hand	
variant	hand-fingers-open	1FAF1 1F3FB	rightwards hand: light skin tone	1FAF1
variant	hand-fingers-open	1FAF1 1F3FC	rightwards hand: medium-light skin tone	1FAF1
variant	hand-fingers-open	1FAF1 1F3FD	rightwards hand: medium skin tone	1FAF1
variant	hand-fingers-open	1FAF1 1F3FE	rightwards hand: medium-dark skin tone	1FAF1
variant	hand-fingers-open	1FAF1 1F3FF	rightwards hand: dark skin tone	1FAF1
people	hand-fingers-open	1FAF2	leftwards hand	
variant	hand-fingers-open	1FAF2 1F3FB	leftwards hand: light skin tone	1FAF2
variant	hand-fingers-open	1FAF2 1F3FC	leftwards hand: medium-light skin tone	1FAF2
variant	hand-fingers-open	1FAF2 1F3FD	leftwards hand: medium skin tone	1FAF2
variant	hand-fingers-open	1FAF2 1F3FE	leftwards hand: medium-dark skin tone	1FAF2
variant	hand-fingers-open	1FAF2 1F3FF	leftwards hand: dark skin tone	1FAF2
people	hand-fingers-open	1FAF3	palm down hand	
variant	hand-fingers-open	1FAF3 1F3FB	palm down hand: light skin tone	1FAF3
variant	hand-fingers-open	1FAF3 1F3FC	palm down hand: medium-light skin tone	1FAF3
variant	hand-fingers-open	1FAF3 1F3FD	palm down hand: medium skin tone	1FAF3
variant	hand-fingers-open	1FAF3 1F3FE	palm down hand: medium-dark skin tone	1FAF3
variant	hand-fingers-open	1FAF3 1F3FF	palm down hand: dark skin tone	1FAF3
people	hand-fingers-open	1FAF4	palm up hand	
variant	hand-fingers-open	1FAF4 1F3FB	palm up hand: light skin tone	1FAF4
variant	hand-fingers-open	1FAF4 1F3FC	palm up hand: medium-light skin tone	1FAF4
variant	hand-fingers-open	1FAF4 1F3FD	palm up hand: medium skin tone	1FAF4
variant	hand-fingers-open	1FAF4 1F3FE	palm up hand: medium-dark skin tone	1FAF4
variant	hand-fingers-open	1FAF4 1F3FF	palm up hand: dark skin tone	1FAF4
people	hand-fingers-open	1FAF7	leftwards pushing hand	
variant	hand-fingers-open	1FAF7 1F3FB	leftwards pushing hand: light skin tone	1FAF7
variant	hand-fingers-open	1FAF7 1F3FC	leftwards pushing hand: medium-light skin tone	1FAF7
variant	hand-fingers-open	1FAF7 1F3FD	leftwards pushing hand: medium skin tone	1FAF7
variant	hand-fingers-open	1FAF7 1F3FE	leftwards pushing hand: medium-dark skin tone	1FAF7
variant	hand-fingers-open	1FAF7 1F3FF	leftwards pushing hand: dark skin tone	1FAF7
people	hand-fingers-open	1FAF8	rightwards pushing hand	
variant	hand-fingers-open	1FAF8 1F3FB	rightwards pushing hand: light skin tone	1FAF8
variant	hand-fingers-open	1FAF8 1F3FC	rightwards pushing hand: medium-light skin tone	1FAF8
variant	hand-fingers-open	1FAF8 1F3FD	rightwards pushing hand: medium skin tone	1FAF8
variant	hand-fingers-open	1FAF8 1F3FE	rightwards pushing hand: medium-dark skin tone	1FAF8
variant	hand-fingers-open	1FAF8 1F3FF	rightwards pushing hand: dark skin tone	1FAF8
people	hand-fingers-partial	1F44C	OK hand	
variant	hand-fingers-partial	1F44C 1F3FB	OK hand: light skin tone	1F44C
variant	hand-fingers-partial	1F44C 1F3FC	OK hand: medium-light skin tone	1F44C
variant	hand-fingers-partial	1F44C 1F3FD	OK hand: medium skin tone	1F44C
variant	hand-fingers-partial	1F44C 1F3FE	OK hand: medium-dark skin tone	1F44C
variant	hand-fingers-partial	1F44C 1F3FF	OK hand: dark skin tone	1F44C
people	hand-fingers-partial	1F90C	pinched fingers	
variant	hand-fingers-partial	1F90C 1F3FB	pinched fingers: light skin tone	1F90C
variant	hand-fingers-partial	1F90C 1F3FC	pinched fingers: medium-light skin tone	1F90C
variant	hand-fingers-partial	1F90C 1F3FD	pinched fingers: medium skin tone	1F90C
variant	hand-fingers-partial	1F90C 1F3FE	pinched fingers: medium-dark skin tone	1F90C
variant	hand-fingers-partial	1F90C 1F3FF	pinched fingers: dark skin tone	1F90C
people	hand-fingers-partial	1F90F	pinching hand	
variant	hand-fingers-partial	1F90F 1F3FB	pinching hand: light skin tone	1F90F
variant	hand-fingers-partial	1F90F 1F3FC	pinching hand: medium-light skin tone	1F90F
variant	hand-fingers-partial	1F90F 1F3FD	pinching hand: medium skin tone	1F90F
variant	hand-fingers-partial	1F90F 1F3FE	pinching hand: medium-dark skin tone	1F90F
variant	hand-fingers-partial	1F90F 1F3FF	pinching hand: dark skin tone	1F90F
people	hand-fingers-partial	270C FE0F	victory hand	
variant	hand-fingers-partial	270C 1F3FB	victory hand: light skin tone	270C
variant	hand-fingers-partial	270C 1F3FC	victory hand: medium-light skin tone	270C
variant	hand-fingers-partial	270C 1F3FD	victory hand: medium skin tone	270C
variant	hand-fingers-partial	270C 1F3FE	victory hand: medium-dark skin tone	270C
variant	hand-fingers-partial	270C 1F3FF	victory hand: dark skin tone	270C
people	hand-fingers-partial	1F91E	crossed fingers	
variant	hand-fingers-partial	1F91E 1F3FB	crossed fingers: light skin tone	1F91E
variant	hand-fingers-partial	1F91E 1F3FC	crossed fingers: medium-light skin tone	1F91E
variant	hand-fingers-partial	1F91E 1F3FD	crossed fingers: medium skin tone	1F91E
variant	hand-fingers-partial	1F91E 1F3FE	crossed fingers: medium-dark skin tone	1F91E
variant	hand-fingers-partial	1F91E 1F3FF	crossed fingers: dark skin tone	1F91E
people	hand-fingers-partial	1FAF0	hand with index finger and thumb crossed	
variant	hand-fingers-partial	1FAF0 1F3FB	hand with index finger and thumb crossed: light skin tone	1FAF0
variant	hand-fingers-partial	1FAF0 1F3FC	hand with index finger and thumb crossed: medium-light skin tone	1FAF0
variant	hand-fingers-partial	1FAF0 1F3FD	hand with index finger and thumb crossed: medium skin tone	1FAF0
variant	hand-fingers-partial	1FAF0 1F3FE	hand with index finger and thumb crossed: medium-dark skin tone	1FAF0
variant	hand-fingers-partial	1FAF0 1F3FF	hand with index finger and thumb crossed: dark skin tone	1FAF0
people	hand-fingers-partial	1F91F	love-you gesture	
variant	hand-fingers-partial	1F91F 1F3FB	love-you gesture: light skin tone	1F91F
variant	hand-fingers-partial	1F91F 1F3FC	love-you gesture: medium-light skin tone	1F91F
variant	hand-fingers-partial	1F91F 1F3FD	love-you gesture: medium skin tone	1F91F
variant	hand-fingers-partial	1F91F 1F3FE	love-you gesture: medium-dark skin tone	1F91F
variant	hand-fingers-partial	1F91F 1F3FF	love-you gesture: dark skin tone	1F91F
people	hand-fingers-partial	1F918	sign of the horns	
variant	hand-fingers-partial	1F918 1F3FB	sign of the horns: light skin tone	1F918
variant	hand-fingers-partial	1F918 1F3FC	sign of the horns: medium-light skin tone	1F918
variant	hand-fingers-partial	1F918 1F3FD	sign of the horns: medium skin tone	1F918
variant	hand-fingers-partial	1F918 1F3FE	sign of the horns: medium-dark skin tone	1F918
variant	hand-fingers-partial	1F918 1F3FF	sign of the horns: dark skin tone	1F918
people	hand-fingers-partial	1F919	call me hand	
variant	hand-fingers-partial	1F919 1F3FB	call me hand: light skin tone	1F919
variant	hand-fingers-partial	1F919 1F3FC	call me hand: medium-light skin tone	1F919
variant	hand-fingers-partial	1F919 1F3FD	call me hand: medium skin tone	1F919
variant	hand-fingers-partial	1F919 1F3FE	call me hand: medium-dark skin tone	1F919
variant	hand-fingers-partial	1F919 1F3FF	call me hand: dark skin tone	1F919
people	hand-single-finger	1F448	backhand index pointing left	
variant	hand-single-finger	1F448 1F3FB	backhand index pointing left: light skin tone	1F448
variant	hand-single-finger	1F448 1F3FC	backhand index pointing left: medium-light skin tone	1F448
variant	hand-single-finger	1F448 1F3FD	backhand index pointing left: medium skin tone	1F448
variant	hand-single-finger	1F448 1F3FE	backhand index pointing left: medium-dark skin tone	1F448
variant	hand-single-finger	1F448 1F3FF	backhand index pointing left: dark skin tone	1F448
people	hand-single-finger	1F449	backhand index pointing right	
variant	hand-single-finger	1F449 1F3FB	backhand index pointing right: light skin tone	1F449
variant	hand-single-finger	1F449 1F3FC	backhand index pointing right: medium-light skin tone	1F449
variant	hand-single-finger	1F449 1F3FD	backhand index pointing right: medium skin tone	1F449
variant	hand-single-finger	1F449 1F3FE	backhand index pointing right: medium-dark skin tone	1F449
variant	hand-single-finger	1F449 1F3FF	backhand index pointing right: dark skin tone	1F449
people	hand-single-finger	1F446	backhand index pointing up	
variant	hand-single-finger	1F446 1F3FB	backhand index pointing up: light skin tone	1F446
variant	hand-single-finger	1F446 1F3FC	backhand index pointing up: medium-light skin tone	1F446
variant	hand-single-finger	1F446 1F3FD	backhand index pointing up: medium skin tone	1F446
variant	hand-single-finger	1F446 1F3FE	backhand index pointing up: medium-dark skin tone	1F446
variant	hand-single-finger	1F446 1F3FF	backhand index pointing up: dark skin tone	1F446
people	hand-single-finger	1F595	middle finger	
variant	hand-single-finger	1F595 1F3FB	middle finger: light skin tone	1F595
variant	hand-single-finger	1F595 1F3FC	middle finger: medium-light skin tone	1F595
variant	hand-single-finger	1F595 1F3FD	middle finger: medium skin tone	1F595
variant	hand-single-finger	1F595 1F3FE	middle finger: medium-dark skin tone	1F595
variant	hand-single-finger	1F595 1F3FF	middle finger: dark skin tone	1F595
people	hand-single-finger	1F447	backhand index pointing down	
variant	hand-single-finger	1F447 1F3FB	backhand index pointing down: light skin tone	1F447
variant	hand-single-finger	1F447 1F3FC	backhand index pointing down: medium-light skin tone	1F447
variant	hand-single-finger	1F447 1F3FD	backhand index pointing down: medium skin tone	1F447
variant	hand-single-finger	1F447 1F3FE	backhand index pointing down: medium-dark skin tone	1F447
variant	hand-single-finger	1F447 1F3FF	backhand index pointing down: dark skin tone	1F447
people	hand-single-finger	261D FE0F	index pointing up	
variant	hand-single-finger	261D 1F3FB	index pointing up: light skin tone	261D
variant	hand-single-finger	261D 1F3FC	index pointing up: medium-light skin tone	261D
variant	hand-single-finger	261D 1F3FD	index pointing up: medium skin tone	261D
variant	hand-single-finger	261D 1F3FE	index pointing up: medium-dark skin tone	261D
variant	hand-single-finger	261D 1F3FF	index pointing up: dark skin tone	261D
people	hand-single-finger	1FAF5	index pointing at the viewer	
variant	hand-single-finger	1FAF5 1F3FB	index pointing at the viewer: light skin tone	1FAF5
variant	hand-single-finger	1FAF5 1F3FC	index pointing at the viewer: medium-light skin tone	1FAF5
variant	hand-single-finger	1FAF5 1F3FD	index pointing at the viewer: medium skin tone	1FAF5
variant	hand-single-finger	1FAF5 1F3FE	index pointing at the viewer: medium-dark skin tone	1FAF5
variant	hand-single-finger	1FAF5 1F3FF	index pointing at the viewer: dark skin tone	1FAF5
people	hand-fingers-closed	1F44D	thumbs up	
variant	hand-fingers-closed	1F44D 1F3FB	thumbs up: light skin tone	1F44D
variant	hand-fingers-closed	1F44D 1F3FC	thumbs up: medium-light skin tone	1F44D
variant	hand-fingers-closed	1F44D 1F3FD	thumbs up: medium skin tone	1F44D
variant	hand-fingers-closed	1F44D 1F3FE	thumbs up: medium-dark skin tone	1F44D
variant	hand-fingers-closed	1F44D 1F3FF	thumbs up: dark skin tone	1F44D
people	hand-fingers-closed	1F44E	thumbs down	
variant	hand-fingers-closed	1F44E 1F3FB	thumbs down: light skin tone	1F44E
variant	hand-fingers-closed	1F44E 1F3FC	thumbs down: medium-light skin tone	1F44E
variant	hand-fingers-closed	1F44E 1F3FD	thumbs down: medium skin tone	1F44E
variant	hand-fingers-closed	1F44E 1F3FE	thumbs down: medium-dark skin tone	1F44E
variant	hand-fingers-closed	1F44E 1F3FF	thumbs down: dark skin tone	1F44E
people	hand-fingers-closed	270A	raised fist	
variant	hand-fingers-closed	270A 1F3FB	raised fist: light skin tone	270A
variant	hand-fingers-closed	270A 1F3FC	raised fist: medium-light skin tone	270A
variant	hand-fingers-closed	270A 1F3FD	raised fist: medium skin tone	270A
variant	hand-fingers-closed	270A 1F3FE	raised fist: medium-dark skin tone	270A
variant	hand-fingers-closed	270A 1F3FF	raised fist: dark skin tone	270A
people	hand-fingers-closed	1F44A	oncoming fist	
variant	hand-fingers-closed	1F44A 1F3FB	oncoming fist: light skin tone	1F44A
variant	hand-fingers-closed	1F44A 1F3FC	oncoming fist: medium-light skin tone	1F44A
variant	hand-fingers-closed	1F44A 1F3FD	oncoming fist: medium skin tone	1F44A
variant	hand-fingers-closed	1F44A 1F3FE	oncoming fist: medium-dark skin tone	1F44A
variant	hand-fingers-closed	1F44A 1F3FF	oncoming fist: dark skin tone	1F44A
people	hand-fingers-closed	1F91B	left-facing fist	
variant	hand-fingers-closed	1F91B 1F3FB	left-facing fist: light skin tone	1F91B
variant	hand-fingers-closed	1F91B 1F3FC	left-facing fist: medium-light skin tone	1F91B
variant	hand-fingers-closed	1F91B 1F3FD	left-facing fist: medium skin tone	1F91B
variant	hand-fingers-closed	1F91B 1F3FE	left-facing fist: medium-dark skin tone	1F91B
variant	hand-fingers-closed	1F91B 1F3FF	left-facing fist: dark skin tone	1F91B
people	hand-fingers-closed	1F91C	right-facing fist	
variant	hand-fingers-closed	1F91C 1F3FB	right-facing fist: light skin tone	1F91C
variant	hand-fingers-closed	1F91C 1F3FC	right-facing fist: medium-light skin tone	1F91C
variant	hand-fingers-closed	1F91C 1F3FD	right-facing fist: medium skin tone	1F91C
variant	hand-fingers-closed	1F91C 1F3FE	right-facing fist: medium-dark skin tone	1F91C
variant	hand-fingers-closed	1F91C 1F3FF	right-facing fist: dark skin tone	1F91C
people	hands	1F44F	clapping hands	
variant	hands	1F44F 1F3FB	clapping hands: light skin tone	1F44F
variant	hands	1F44F 1F3FC	clapping hands: medium-light skin tone	1F44F
variant	hands	1F44F 1F3FD	clapping hands: medium skin tone	1F44F
variant	hands	1F44F 1F3FE	clapping hands: medium-dark skin tone	1F44F
variant	hands	1F44F 1F3FF	clapping hands: dark skin tone	1F44F
people	hands	1F64C	raising hands	
variant	hands	1F64C 1F3FB	raising hands: light skin tone	1F64C
variant	hands	1F64C 1F3FC	raising hands: medium-light skin tone	1F64C
variant	hands	1F64C 1F3FD	raising hands: medium skin tone	1F64C
variant	hands	1F64C 1F3FE	raising hands: medium-dark skin tone	1F64C
variant	hands	1F64C 1F3FF	raising hands: dark skin tone	1F64C
people	hands	1FAF6	heart hands	
variant	hands	1FAF6 1F3FB	heart hands: light skin tone	1FAF6
variant	hands	1FAF6 1F3FC	heart hands: medium-light skin tone	1FAF6
variant	hands	1FAF6 1F3FD	heart hands: medium skin tone	1FAF6
variant	hands	1FAF6 1F3FE	heart hands: medium-dark skin tone	1FAF6
variant	hands	1FAF6 1F3FF	heart hands: dark skin tone	1FAF6
people	hands	1F450	open hands	
variant	hands	1F450 1F3FB	open hands: light skin tone	1F450
variant	hands	1F450 1F3FC	open hands: medium-light skin tone	1F450
variant	hands	1F450 1F3FD	open hands: medium skin tone	1F450
variant	hands	1F450 1F3FE	open hands: medium-dark skin tone	1F450
variant	hands	1F450 1F3FF	open hands: dark skin tone	1F450
people	hands	1F932	palms up together	
variant	hands	1F932 1F3FB	palms up together: light skin tone	1F932
variant	hands	1F932 1F3FC	palms up together: medium-light skin tone	1F932
variant	hands	1F932 1F3FD	palms up together: medium skin tone	1F932
variant	hands	1F932 1F3FE	palms up together: medium-dark skin tone	1F932
variant	hands	1F932 1F3FF	palms up together: dark skin tone	1F932
people	hands	1F91D	handshake	
variant	hands	1F91D 1F3FB	handshake: light skin tone	1F91D
variant	hands	1F91D 1F3FC	handshake: medium-light skin tone	1F91D
variant	hands	1F91D 1F3FD	handshake: medium skin tone	1F91D
variant	hands	1F91D 1F3FE	handshake: medium-dark skin tone	1F91D
variant	hands	1F91D 1F3FF	handshake: dark skin tone	1F91D
variant	hands	1FAF1 1F3FB 200D 1FAF2 1F3FC	handshake: light skin tone, medium-light skin tone	1FAF1 200D 1FAF2
variant	hands	1FAF1 1F3FB 200D 1FAF2 1F3FD	handshake: light skin tone, medium skin tone	1FAF1 200D 1FAF2
variant	hands	1FAF1 1F3FB 200D 1FAF2 1F3FE	handshake: light skin tone, medium-dark skin tone	1FAF1 200D 1FAF2
variant	hands	1FAF1 1F3FB 200D 1FAF2 1F3FF	handshake: light skin tone, dark skin tone	1FAF1 200D 1FAF2
variant	hands	1FAF1 1F3FC 200D 1FAF2 1F3FB	handshake: medium-light skin tone, light skin tone	1FAF1 200D 1FAF2
variant	hands	1FAF1 1F3FC 200D 1FAF2 1F3FD	handshake: medium-light skin tone, medium skin tone	1FAF1 200D 1FAF2
variant	hands	1FAF1 1F3FC 200D 1FAF2 1F3FE	handshake: medium-light skin tone, medium-dark skin tone	1FAF1 200D 1FAF2
variant	hands	1FAF1 1F3FC 200D 1FAF2 1F3FF	handshake: medium-light skin tone, dark skin tone	1FAF1 200D 1FAF2
variant	hands	1FAF1 1F3FD 200D 1FAF2 1F3FB	handshake: medium skin tone, light skin tone	1FAF1 200D 1FAF2
variant	hands	1FAF1 1F3FD 200D 1FAF2 1F3FC	handshake: medium skin tone, medium-light skin tone	1FAF1 200D 1FAF2
variant	hands	1FAF1 1F3FD 200D 1FAF2 1F3FE	handshake: medium skin tone, medium-dark skin tone	1FAF1 200D 1FAF2
variant	hands	1FAF1 1F3FD 200D 1FAF2 1F3FF	handshake: medium skin tone, dark skin tone	1FAF1 200D 1FAF2
variant	hands	1FAF1 1F3FE 200D 1FAF2 1F3FB	handshake: medium-dark skin tone, light skin tone	1FAF1 200D 1FAF2
variant	hands	1FAF1 1F3FE 200D 1FAF2 1F3FC	handshake: medium-dark skin tone, medium-light skin tone	1FAF1 200D 1FAF2
variant	hands	1FAF1 1F3FE 200D 1FAF2 1F3FD	handshake: medium-dark skin tone, medium skin tone	1FAF1 200D 1FAF2
variant	hands	1FAF1 1F3FE 200D 1FAF2 1F3FF	handshake: medium-dark skin tone, dark skin tone	1FAF1 200D 1FAF2
variant	hands	1FAF1 1F3FF 200D 1FAF2 1F3FB	handshake: dark skin tone, light skin tone	1FAF1 200D 1FAF2
variant	hands	1FAF1 1F3FF 200D 1FAF2 1F3FC	handshake: dark skin tone, medium-light skin tone	1FAF1 200D 1FAF2
variant	hands	1FAF1 1F3FF 200D 1FAF2 1F3FD	handshake: dark skin tone, medium skin tone	1FAF1 200D 1FAF2
variant	hands	1FAF1 1F3FF 200D 1FAF2 1F3FE	handshake: dark skin tone, medium-dark skin tone	1FAF1 200D 1FAF2
people	hands	1F64F	folded hands	
variant	hands	1F64F 1F3FB	folded hands: light skin tone	1F64F
variant	hands	1F64F 1F3FC	folded hands: medium-light skin tone	1F64F
variant	hands	1F64F 1F3FD	folded hands: medium skin tone	1F64F
variant	hands	1F64F 1F3FE	folded hands: medium-dark skin tone	1F64F
variant	hands	1F64F 1F3FF	folded hands: dark skin tone	1F64F
people	hand-prop	270D FE0F	writing hand	
variant	hand-prop	270D 1F3FB	writing hand: light skin tone	270D
variant	hand-prop	270D 1F3FC	writing hand: medium-light skin tone	270D
variant	hand-prop	270D 1F3FD	writing hand: medium skin tone	270D
variant	hand-prop	270D 1F3FE	writing hand: medium-dark skin tone	270D
variant	hand-prop	270D 1F3FF	writing hand: dark skin tone	270D
people	hand-prop	1F485	nail polish	
variant	hand-prop	1F485 1F3FB	nail polish: light skin tone	1F485
variant	hand-prop	1F485 1F3FC	nail polish: medium-light skin tone	1F485
variant	hand-prop	1F485 1F3FD	nail polish: medium skin tone	1F485
variant	hand-prop	1F485 1F3FE	nail polish: medium-dark skin tone	1F485
variant	hand-prop	1F485 1F3FF	nail polish: dark skin tone	1F485
people	hand-prop	1F933	selfie	
variant	hand-prop	1F933 1F3FB	selfie: light skin tone	1F933
variant	hand-prop	1F933 1F3FC	selfie: medium-light skin tone	1F933
variant	hand-prop	1F933 1F3FD	selfie: medium skin tone	1F933
variant	hand-prop	1F933 1F3FE	selfie: medium-dark skin tone	1F933
variant	hand-prop	1F933 1F3FF	selfie: dark skin tone	1F933
people	body-parts	1F4AA	flexed biceps	
variant	body-parts	1F4AA 1F3FB	flexed biceps: light skin tone	1F4AA
variant	body-parts	1F4AA 1F3FC	flexed biceps: medium-light skin tone	1F4AA
variant	body-parts	1F4AA 1F3FD	flexed biceps: medium skin tone	1F4AA
variant	body-parts	1F4AA 1F3FE	flexed biceps: medium-dark skin tone	1F4AA
variant	body-parts	1F4AA 1F3FF	flexed biceps: dark skin tone	1F4AA
people	body-parts	1F9BE	mechanical arm	
people	body-parts	1F9BF	mechanical leg	
people	body-parts	1F9B5	leg	
variant	body-parts	1F9B5 1F3FB	leg: light skin tone	1F9B5
variant	body-parts	1F9B5 1F3FC	leg: medium-light skin tone	1F9B5
variant	body-parts	1F9B5 1F3FD	leg: medium skin tone	1F9B5
variant	body-parts	1F9B5 1F3FE	leg: medium-dark skin tone	1F9B5
variant	body-parts	1F9B5 1F3FF	leg: dark skin tone	1F9B5
people	body-parts	1F9B6	foot	
variant	body-parts	1F9B6 1F3FB	foot: light skin tone	1F9B6
variant	body-parts	1F9B6 1F3FC	foot: medium-light skin tone	1F9B6
variant	body-parts	1F9B6 1F3FD	foot: medium skin tone	1F9B6
variant	body-parts	1F9B6 1F3FE	foot: medium-dark skin tone	1F9B6
variant	body-parts	1F9B6 1F3FF	foot: dark skin tone	1F9B6
people	body-parts	1F442	ear	
variant	body-parts	1F442 1F3FB	ear: light skin tone	1F442
variant	body-parts	1F442 1F3FC	ear: medium-light skin tone	1F442
variant	body-parts	1F442 1F3FD	ear: medium skin tone	1F442
variant	body-parts	1F442 1F3FE	ear: medium-dark skin tone	1F442
variant	body-parts	1F442 1F3FF	ear: dark skin tone	1F442
people	body-parts	1F9BB	ear with hearing aid	
variant	body-parts	1F9BB 1F3FB	ear with hearing aid: light skin tone	1F9BB
variant	body-parts	1F9BB 1F3FC	ear with hearing aid: medium-light skin tone	1F9BB
variant	body-parts	1F9BB 1F3FD	ear with hearing aid: medium skin tone	1F9BB
variant	body-parts	1F9BB 1F3FE	ear with hearing aid: medium-dark skin tone	1F9BB
variant	body-parts	1F9BB 1F3FF	ear with hearing aid: dark skin tone	1F9BB
people	body-parts	1F443	nose	
variant	body-parts	1F443 1F3FB	nose: light skin tone	1F443
variant	body-parts	1F443 1F3FC	nose: medium-light skin tone	1F443
variant	body-parts	1F443 1F3FD	nose: medium skin tone	1F443
variant	body-parts	1F443 1F3FE	nose: medium-dark skin tone	1F443
variant	body-parts	1F443 1F3FF	nose: dark skin tone	1F443
people	body-parts	1F9E0	brain	
people	body-parts	1FAC0	anatomical heart	
people	body-parts	1FAC1	lungs	
people	body-parts	1F9B7	tooth	
people	body-parts	1F9B4	bone	
people	body-parts	1F440	eyes	
people	body-parts	1F441 FE0F	eye	
people	body-parts	1F445	tongue	
people	body-parts	1F444	mouth	
people	body-parts	1FAE6	biting lip	
people	person	1F476	baby	
variant	person	1F476 1F3FB	baby: light skin tone	1F476
variant	person	1F476 1F3FC	baby: medium-light skin tone	1F476
variant	person	1F476 1F3FD	baby: medium skin tone	1F476
variant	person	1F476 1F3FE	baby: medium-dark skin tone	1F476
variant	person	1F476 1F3FF	baby: dark skin tone	1F476
people	person	1F9D2	child	
variant	person	1F9D2 1F3FB	child: light skin tone	1F9D2
variant	person	1F9D2 1F3FC	child: medium-light skin tone	1F9D2
variant	person	1F9D2 1F3FD	child: medium skin tone	1F9D2
variant	person	1F9D2 1F3FE	child: medium-dark skin tone	1F9D2
variant	person	1F9D2 1F3FF	child: dark skin tone	1F9D2
people	person	1F466	boy	
variant	person	1F466 1F3FB	boy: light skin tone	1F466
variant	person	1F466 1F3FC	boy: medium-light skin tone	1F466
variant	person	1F466 1F3FD	boy: medium skin tone	1F466
variant	person	1F466 1F3FE	boy: medium-dark skin tone	1F466
variant	person	1F466 1F3FF	boy: dark skin tone	1F466
people	person	1F467	girl	
variant	person	1F467 1F3FB	girl: light skin tone	1F467
variant	person	1F467 1F3FC	girl: medium-light skin tone	1F467
variant	person	1F467 1F3FD	girl: medium skin tone	1F467
variant	person	1F467 1F3FE	girl: medium-dark skin tone	1F467
variant	person	1F467 1F3FF	girl: dark skin tone	1F467
people	person	1F9D1	person	
variant	person	1F9D1 1F3FB	person: light skin tone	1F9D1
variant	person	1F9D1 1F3FC	person: medium-light skin tone	1F9D1
variant	person	1F9D1 1F3FD	person: medium skin tone	1F9D1
variant	person	1F9D1 1F3FE	person: medium-dark skin tone	1F9D1
variant	person	1F9D1 1F3FF	person: dark skin tone	1F9D1
people	person	1F471	person: blond hair	
variant	person	1F471 1F3FB	person: light skin tone, blond hair	1F471
variant	person	1F471 1F3FC	person: medium-light skin tone, blond hair	1F471
variant	person	1F471 1F3FD	person: medium skin tone, blond hair	1F471
variant	person	1F471 1F3FE	person: medium-dark skin tone, blond hair	1F471
variant	person	1F471 1F3FF	person: dark skin tone, blond hair	1F471
people	person	1F468	man	
variant	person	1F468 1F3FB	man: light skin tone	1F468
variant	person	1F468 1F3FC	man: medium-light skin tone	1F468
variant	person	1F468 1F3FD	man: medium skin tone	1F468
variant	person	1F468 1F3FE	man: medium-dark skin tone	1F468
variant	person	1F468 1F3FF	man: dark skin tone	1F468
people	person	1F9D4	person: beard	
variant	person	1F9D4 1F3FB	person: light skin tone, beard	1F9D4
variant	person	1F9D4 1F3FC	person: medium-light skin tone, beard	1F9D4
variant	person	1F9D4 1F3FD	person: medium skin tone, beard	1F9D4
variant	person	1F9D4 1F3FE	person: medium-dark skin tone, beard	1F9D4
variant	person	1F9D4 1F3FF	person: dark skin tone, beard	1F9D4
people	person	1F9D4 200D 2642 FE0F	man: beard	
variant	person	1F9D4 1F3FB 200D 2642 FE0F	man: light skin tone, beard	1F9D4 200D 2642 FE0F
variant	person	1F9D4 1F3FC 200D 2642 FE0F	man: medium-light skin tone, beard	1F9D4 200D 2642 FE0F
variant	person	1F9D4 1F3FD 200D 2642 FE0F	man: medium skin tone, beard	1F9D4 200D 2642 FE0F
variant	person	1F9D4 1F3FE 200D 2642 FE0F	man: medium-dark skin tone, beard	1F9D4 200D 2642 FE0F
variant	person	1F9D4 1F3FF 200D 2642 FE0F	man: dark skin tone, beard	1F9D4 200D 2642 FE0F
people	person	1F9D4 200D 2640 FE0F	woman: beard	
variant	person	1F9D4 1F3FB 200D 2640 FE0F	woman: light skin tone, beard	1F9D4 200D 2640 FE0F
variant	person	1F9D4 1F3FC 200D 2640 FE0F	woman: medium-light skin tone, beard	1F9D4 200D 2640 FE0F
variant	person	1F9D4 1F3FD 200D 2640 FE0F	woman: medium skin tone, beard	1F9D4 200D 2640 FE0F
variant	person	1F9D4 1F3FE 200D 2640 FE0F	woman: medium-dark skin tone, beard	1F9D4 200D 2640 FE0F
variant	person	1F9D4 1F3FF 200D 2640 FE0F	woman: dark skin tone, beard	1F9D4 200D 2640 FE0F
people	person	1F468 200D 1F9B0	man: red hair	
variant	person	1F468 1F3FB 200D 1F9B0	man: light skin tone, red hair	1F468 200D 1F9B0
variant	person	1F468 1F3FC 200D 1F9B0	man: medium-light skin tone, red hair	1F468 200D 1F9B0
variant	person	1F468 1F3FD 200D 1F9B0	man: medium skin tone, red hair	1F468 200D 1F9B0
variant	person	1F468 1F3FE 200D 1F9B0	man: medium-dark skin tone, red hair	1F468 200D 1F9B0
variant	person	1F468 1F3FF 200D 1F9B0	man: dark skin tone, red hair	1F468 200D 1F9B0
people	person	1F468 200D 1F9B1	man: curly hair	
variant	person	1F468 1F3FB 200D 1F9B1	man: light skin tone, curly hair	1F468 200D 1F9B1
variant	person	1F468 1F3FC 200D 1F9B1	man: medium-light skin tone, curly hair	1F468 200D 1F9B1
variant	person	1F468 1F3FD 200D 1F9B1	man: medium skin tone, curly hair	1F468 200D 1F9B1
variant	person	1F468 1F3FE 200D 1F9B1	man: medium-dark skin tone, curly hair	1F468 200D 1F9B1
variant	person	1F468 1F3FF 200D 1F9B1	man: dark skin tone, curly hair	1F468 200D 1F9B1
people	person	1F468 200D 1F9B3	man: white hair	
variant	person	1F468 1F3FB 200D 1F9B3	man: light skin tone, white hair	1F468 200D 1F9B3
variant	person	1F468 1F3FC 200D 1F9B3	man: medium-light skin tone, white hair	1F468 200D 1F9B3
variant	person	1F468 1F3FD 200D 1F9B3	man: medium skin tone, white hair	1F468 200D 1F9B3
variant	person	1F468 1F3FE 200D 1F9B3	man: medium-dark skin tone, white hair	1F468 200D 1F9B3
variant	person	1F468 1F3FF 200D 1F9B3	man: dark skin tone, white hair	1F468 200D 1F9B3
people	person	1F468 200D 1F9B2	man: bald	
variant	person	1F468 1F3FB 200D 1F9B2	man: light skin tone, bald	1F468 200D 1F9B2
variant	person	1F468 1F3FC 200D 1F9B2	man: medium-light skin tone, bald	1F468 200D 1F9B2
variant	person	1F468 1F3FD 200D 1F9B2	man: medium skin tone, bald	1F468 200D 1F9B2
variant	person	1F468 1F3FE 200D 1F9B2	man: medium-dark skin tone, bald	1F468 200D 1F9B2
variant	person	1F468 1F3FF 200D 1F9B2	man: dark skin tone, bald	1F468 200D 1F9B2
people	person	1F469	woman	
variant	person	1F469 1F3FB	woman: light skin tone	1F469
variant	person	1F469 1F3FC	woman: medium-light skin tone	1F469
variant	person	1F469 1F3FD	woman: medium skin tone	1F469
variant	person	1F469 1F3FE	woman: medium-dark skin tone	1F469
variant	person	1F469 1F3FF	woman: dark skin tone	1F469
people	person	1F469 200D 1F9B0	woman: red hair	
variant	person	1F469 1F3FB 200D 1F9B0	woman: light skin tone, red hair	1F469 200D 1F9B0
variant	person	1F469 1F3FC 200D 1F9B0	woman: medium-light skin tone, red hair	1F469 200D 1F9B0
variant	person	1F469 1F3FD 200D 1F9B0	woman: medium skin tone, red hair	1F469 200D 1F9B0
variant	person	1F469 1F3FE 200D 1F9B0	woman: medium-dark skin tone, red hair	1F469 200D 1F9B0
variant	person	1F469 1F3FF 200D 1F9B0	woman: dark skin tone, red hair	1F469 200D 1F9B0
people	person	1F9D1 200D 1F9B0	person: red hair	
variant	person	1F9D1 1F3FB 200D 1F9B0	person: light skin tone, red hair	1F9D1 200D 1F9B0
variant	person	1F9D1 1F3FC 200D 1F9B0	person: medium-light skin tone, red hair	1F9D1 200D 1F9B0
variant	person	1F9D1 1F3FD 200D 1F9B0	person: medium skin tone, red hair	1F9D1 200D 1F9B0
variant	person	1F9D1 1F3FE 200D 1F9B0	person: medium-dark skin tone, red hair	1F9D1 200D 1F9B0
variant	person	1F9D1 1F3FF 200D 1F9B0	person: dark skin tone, red hair	1F9D1 200D 1F9B0
people	person	1F469 200D 1F9B1	woman: curly hair	
variant	person	1F469 1F3FB 200D 1F9B1	woman: light skin tone, curly hair	1F469 200D 1F9B1
variant	person	1F469 1F3FC 200D 1F9B1	woman: medium-light skin tone, curly hair	1F469 200D 1F9B1
variant	person	1F469 1F3FD 200D 1F9B1	woman: medium skin tone, curly hair	1F469 200D 1F9B1
variant	person	1F469 1F3FE 200D 1F9B1	woman: medium-dark skin tone, curly hair	1F469 200D 1F9B1
variant	person	1F469 1F3FF 200D 1F9B1	woman: dark skin tone, curly hair	1F469 200D 1F9B1
people	person	1F9D1 200D 1F9B1	person: curly hair	
variant	person	1F9D1 1F3FB 200D 1F9B1	person: light skin tone, curly hair	1F9D1 200D 1F9B1
variant	person	1F9D1 1F3FC 200D 1F9B1	person: medium-light skin tone, curly hair	1F9D1 200D 1F9B1
variant	person	1F9D1 1F3FD 200D 1F9B1	person: medium skin tone, curly hair	1F9D1 200D 1F9B1
variant	person	1F9D1 1F3FE 200D 1F9B1	person: medium-dark skin tone, curly hair	1F9D1 200D 1F9B1
variant	person	1F9D1 1F3FF 200D 1F9B1	person: dark skin tone, curly hair	1F9D1 200D 1F9B1
people	person	1F469 200D 1F9B3	woman: white hair	
variant	person	1F469 1F3FB 200D 1F9B3	woman: light skin tone, white hair	1F469 200D 1F9B3
variant	person	1F469 1F3FC 200D 1F9B3	woman: medium-light skin tone, white hair	1F469 200D 1F9B3
variant	person	1F469 1F3FD 200D 1F9B3	woman: medium skin tone, white hair	1F469 200D 1F9B3
variant	person	1F469 1F3FE 200D 1F9B3	woman: medium-dark skin tone, white hair	1F469 200D 1F9B3
variant	person	1F469 1F3FF 200D 1F9B3	woman: dark skin tone, white hair	1F469 200D 1F9B3
people	person	1F9D1 200D 1F9B3	person: white hair	
variant	person	1F9D1 1F3FB 200D 1F9B3	person: light skin tone, white hair	1F9D1 200D 1F9B3
variant	person	1F9D1 1F3FC 200D 1F9B3	person: medium-light skin tone, white hair	1F9D1 200D 1F9B3
variant	person	1F9D1 1F3FD 200D 1F9B3	person: medium skin tone, white hair	1F9D1 200D 1F9B3
variant	person	1F9D1 1F3FE 200D 1F9B3	person: medium-dark skin tone, white hair	1F9D1 200D 1F9B3
variant	person	1F9D1 1F3FF 200D 1F9B3	person: dark skin tone, white hair	1F9D1 200D 1F9B3
people	person	1F469 200D 1F9B2	woman: bald	
variant	person	1F469 1F3FB 200D 1F9B2	woman: light skin tone, bald	1F469 200D 1F9B2
variant	person	1F469 1F3FC 200D 1F9B2	woman: medium-light skin tone, bald	1F469 200D 1F9B2
variant	person	1F469 1F3FD 200D 1F9B2	woman: medium skin tone, bald	1F469 200D 1F9B2
variant	person	1F469 1F3FE 200D 1F9B2	woman: medium-dark skin tone, bald	1F469 200D 1F9B2
variant	person	1F469 1F3FF 200D 1F9B2	woman: dark skin tone, bald	1F469 200D 1F9B2
people	person	1F9D1 200D 1F9B2	person: bald	
variant	person	1F9D1 1F3FB 200D 1F9B2	person: light skin tone, bald	1F9D1 200D 1F9B2
variant	person	1F9D1 1F3FC 200D 1F9B2	person: medium-light skin tone, bald	1F9D1 200D 1F9B2
variant	person	1F9D1 1F3FD 200D 1F9B2	person: medium skin tone, bald	1F9D1 200D 1F9B2
variant	person	1F9D1 1F3FE 200D 1F9B2	person: medium-dark skin tone, bald	1F9D1 200D 1F9B2
variant	person	1F9D1 1F3FF 200D 1F9B2	person: dark skin tone, bald	1F9D1 200D 1F9B2
people	person	1F471 200D 2640 FE0F	woman: blond hair	
variant	person	1F471 1F3FB 200D 2640 FE0F	woman: light skin tone, blond hair	1F471 200D 2640 FE0F
variant	person	1F471 1F3FC 200D 2640 FE0F	woman: medium-light skin tone, blond hair	1F471 200D 2640 FE0F
variant	person	1F471 1F3FD 200D 2640 FE0F	woman: medium skin tone, blond hair	1F471 200D 2640 FE0F
variant	person	1F471 1F3FE 200D 2640 FE0F	woman: medium-dark skin tone, blond hair	1F471 200D 2640 FE0F
variant	person	1F471 1F3FF 200D 2640 FE0F	woman: dark skin tone, blond hair	1F471 200D 2640 FE0F
people	person	1F471 200D 2642 FE0F	man: blond hair	
variant	person	1F471 1F3FB 200D 2642 FE0F	man: light skin tone, blond hair	1F471 200D 2642 FE0F
variant	person	1F471 1F3FC 200D 2642 FE0F	man: medium-light skin tone, blond hair	1F471 200D 2642 FE0F
variant	person	1F471 1F3FD 200D 2642 FE0F	man: medium skin tone, blond hair	1F471 200D 2642 FE0F
variant	person	1F471 1F3FE 200D 2642 FE0F	man: medium-dark skin tone, blond hair	1F471 200D 2642 FE0F
variant	person	1F471 1F3FF 200D 2642 FE0F	man: dark skin tone, blond hair	1F471 200D 2642 FE0F
people	person	1F9D3	older person	
variant	person	1F9D3 1F3FB	older person: light skin tone	1F9D3
variant	person	1F9D3 1F3FC	older person: medium-light skin tone	1F9D3
variant	person	1F9D3 1F3FD	older person: medium skin tone	1F9D3
variant	person	1F9D3 1F3FE	older person: medium-dark skin tone	1F9D3
variant	person	1F9D3 1F3FF	older person: dark skin tone	1F9D3
people	person	1F474	old man	
variant	person	1F474 1F3FB	old man: light skin tone	1F474
variant	person	1F474 1F3FC	old man: medium-light skin tone	1F474
variant	person	1F474 1F3FD	old man: medium skin tone	1F474
variant	person	1F474 1F3FE	old man: medium-dark skin tone	1F474
variant	person	1F474 1F3FF	old man: dark skin tone	1F474
people	person	1F475	old woman	
variant	person	1F475 1F3FB	old woman: light skin tone	1F475
variant	person	1F475 1F3FC	old woman: medium-light skin tone	1F475
variant	person	1F475 1F3FD	old woman: medium skin tone	1F475
variant	person	1F475 1F3FE	old woman: medium-dark skin tone	1F475
variant	person	1F475 1F3FF	old woman: dark skin tone	1F475
people	person-gesture	1F64D	person frowning	
variant	person-gesture	1F64D 1F3FB	person frowning: light skin tone	1F64D
variant	person-gesture	1F64D 1F3FC	person frowning: medium-light skin tone	1F64D
variant	person-gesture	1F64D 1F3FD	person frowning: medium skin tone	1F64D
variant	person-gesture	1F64D 1F3FE	person frowning: medium-dark skin tone	1F64D
variant	person-gesture	1F64D 1F3FF	person frowning: dark skin tone	1F64D
people	person-gesture	1F64D 200D 2642 FE0F	man frowning	
variant	person-gesture	1F64D 1F3FB 200D 2642 FE0F	man frowning: light skin tone	1F64D 200D 2642 FE0F
variant	person-gesture	1F64D 1F3FC 200D 2642 FE0F	man frowning: medium-light skin tone	1F64D 200D 2642 FE0F
variant	person-gesture	1F64D 1F3FD 200D 2642 FE0F	man frowning: medium skin tone	1F64D 200D 2642 FE0F
variant	person-gesture	1F64D 1F3FE 200D 2642 FE0F	man frowning: medium-dark skin tone	1F64D 200D 2642 FE0F
variant	person-gesture	1F64D 1F3FF 200D 2642 FE0F	man frowning: dark skin tone	1F64D 200D 2642 FE0F
people	person-gesture	1F64D 200D 2640 FE0F	woman frowning	
variant	person-gesture	1F64D 1F3FB 200D 2640 FE0F	woman frowning: light skin tone	1F64D 200D 2640 FE0F
variant	person-gesture	1F64D 1F3FC 200D 2640 FE0F	woman frowning: medium-light skin tone	1F64D 200D 2640 FE0F
variant	person-gesture	1F64D 1F3FD 200D 2640 FE0F	woman frowning: medium skin tone	1F64D 200D 2640 FE0F
variant	person-gesture	1F64D 1F3FE 200D 2640 FE0F	woman frowning: medium-dark skin tone	1F64D 200D 2640 FE0F
variant	person-gesture	1F64D 1F3FF 200D 2640 FE0F	woman frowning: dark skin tone	1F64D 200D 2640 FE0F
people	person-gesture	1F64E	person pouting	
variant	person-gesture	1F64E 1F3FB	person pouting: light skin tone	1F64E
variant	person-gesture	1F64E 1F3FC	person pouting: medium-light skin tone	1F64E
variant	person-gesture	1F64E 1F3FD	person pouting: medium skin tone	1F64E
variant	person-gesture	1F64E 1F3FE	person pouting: medium-dark skin tone	1F64E
variant	person-gesture	1F64E 1F3FF	person pouting: dark skin tone	1F64E
people	person-gesture	1F64E 200D 2642 FE0F	man pouting	
variant	person-gesture	1F64E 1F3FB 200D 2642 FE0F	man pouting: light skin tone	1F64E 200D 2642 FE0F
variant	person-gesture	1F64E 1F3FC 200D 2642 FE0F	man pouting: medium-light skin tone	1F64E 200D 2642 FE0F
variant	person-gesture	1F64E 1F3FD 200D 2642 FE0F	man pouting: medium skin tone	1F64E 200D 2642 FE0F
variant	person-gesture	1F64E 1F3FE 200D 2642 FE0F	man pouting: medium-dark skin tone	1F64E 200D 2642 FE0F
variant	person-gesture	1F64E 1F3FF 200D 2642 FE0F	man pouting: dark skin tone	1F64E 200D 2642 FE0F
people	person-gesture	1F64E 200D 2640 FE0F	woman pouting	
variant	person-gesture	1F64E 1F3FB 200D 2640 FE0F	woman pouting: light skin tone	1F64E 200D 2640 FE0F
variant	person-gesture	1F64E 1F3FC 200D 2640 FE0F	woman pouting: medium-light skin tone	1F64E 200D 2640 FE0F
variant	person-gesture	1F64E 1F3FD 200D 2640 FE0F	woman pouting: medium skin tone	1F64E 200D 2640 FE0F
variant	person-gesture	1F64E 1F3FE 200D 2640 FE0F	woman pouting: medium-dark skin tone	1F64E 200D 2640 FE0F
variant	person-gesture	1F64E 1F3FF 200D 2640 FE0F	woman pouting: dark skin tone	1F64E 200D 2640 FE0F
people	person-gesture	1F645	person gesturing NO	
variant	person-gesture	1F645 1F3FB	person gesturing NO: light skin tone	1F645
variant	person-gesture	1F645 1F3FC	person gesturing NO: medium-light skin tone	1F645
variant	person-gesture	1F645 1F3FD	person gesturing NO: medium skin tone	1F645
variant	person-gesture	1F645 1F3FE	person gesturing NO: medium-dark skin tone	1F645
variant	person-gesture	1F645 1F3FF	person gesturing NO: dark skin tone	1F645
people	person-gesture	1F645 200D 2642 FE0F	man gesturing NO	
variant	person-gesture	1F645 1F3FB 200D 2642 FE0F	man gesturing NO: light skin tone	1F645 200D 2642 FE0F
variant	person-gesture	1F645 1F3FC 200D 2642 FE0F	man gesturing NO: medium-light skin tone	1F645 200D 2642 FE0F
variant	person-gesture	1F645 1F3FD 200D 2642 FE0F	man gesturing NO: medium skin tone	1F645 200D 2642 FE0F
variant	person-gesture	1F645 1F3FE 200D 2642 FE0F	man gesturing NO: medium-dark skin tone	1F645 200D 2642 FE0F
variant	person-gesture	1F645 1F3FF 200D 2642 FE0F	man gesturing NO: dark skin tone	1F645 200D 2642 FE0F
people	person-gesture	1F645 200D 2640 FE0F	woman gesturing NO	
variant	person-gesture	1F645 1F3FB 200D 2640 FE0F	woman gesturing NO: light skin tone	1F645 200D 2640 FE0F
variant	person-gesture	1F645 1F3FC 200D 2640 FE0F	woman gesturing NO: medium-light skin tone	1F645 200D 2640 FE0F
variant	person-gesture	1F645 1F3FD 200D 2640 FE0F	woman gesturing NO: medium skin tone	1F645 200D 2640 FE0F
variant	person-gesture	1F645 1F3FE 200D 2640 FE0F	woman gesturing NO: medium-dark skin tone	1F645 200D 2640 FE0F
variant	person-gesture	1F645 1F3FF 200D 2640 FE0F	woman gesturing NO: dark skin tone	1F645 200D 2640 FE0F
people	person-gesture	1F646	person gesturing OK	
variant	person-gesture	1F646 1F3FB	person gesturing OK: light skin tone	1F646
variant	person-gesture	1F646 1F3FC	person gesturing OK: medium-light skin tone	1F646
variant	person-gesture	1F646 1F3FD	person gesturing OK: medium skin tone	1F646
variant	person-gesture	1F646 1F3FE	person gesturing OK: medium-dark skin tone	1F646
variant	person-gesture	1F646 1F3FF	person gesturing OK: dark skin tone	1F646
people	person-gesture	1F646 200D 2642 FE0F	man gesturing OK	
variant	person-gesture	1F646 1F3FB 200D 2642 FE0F	man gesturing OK: light skin tone	1F646 200D 2642 FE0F
variant	person-gesture	1F646 1F3FC 200D 2642 FE0F	man gesturing OK: medium-light skin tone	1F646 200D 2642 FE0F
variant	person-gesture	1F646 1F3FD 200D 2642 FE0F	man gesturing OK: medium skin tone	1F646 200D 2642 FE0F
variant	person-gesture	1F646 1F3FE 200D 2642 FE0F	man gesturing OK: medium-dark skin tone	1F646 200D 2642 FE0F
variant	person-gesture	1F646 1F3FF 200D 2642 FE0F	man gesturing OK: dark skin tone	1F646 200D 2642 FE0F
people	person-gesture	1F646 200D 2640 FE0F	woman gesturing OK	
variant	person-gesture	1F646 1F3FB 200D 2640 FE0F	woman gesturing OK: light skin tone	1F646 200D 2640 FE0F
variant	person-gesture	1F646 1F3FC 200D 2640 FE0F	woman gesturing OK: medium-light skin tone	1F646 200D 2640 FE0F
variant	person-gesture	1F646 1F3FD 200D 2640 FE0F	woman gesturing OK: medium skin tone	1F646 200D 2640 FE0F
variant	person-gesture	1F646 1F3FE 200D 2640 FE0F	woman gesturing OK: medium-dark skin tone	1F646 200D 2640 FE0F
variant	person-gesture	1F646 1F3FF 200D 2640 FE0F	woman gesturing OK: dark skin tone	1F646 200D 2640 FE0F
people	person-gesture	1F481	person tipping hand	
variant	person-gesture	1F481 1F3FB	person tipping hand: light skin tone	1F481
variant	person-gesture	1F481 1F3FC	person tipping hand: medium-light skin tone	1F481
variant	person-gesture	1F481 1F3FD	person tipping hand: medium skin tone	1F481
variant	person-gesture	1F481 1F3FE	person tipping hand: medium-dark skin tone	1F481
variant	person-gesture	1F481 1F3FF	person tipping hand: dark skin tone	1F481
people	person-gesture	1F481 200D 2642 FE0F	man tipping hand	
variant	person-gesture	1F481 1F3FB 200D 2642 FE0F	man tipping hand: light skin tone	1F481 200D 2642 FE0F
variant	person-gesture	1F481 1F3FC 200D 2642 FE0F	man tipping hand: medium-light skin tone	1F481 200D 2642 FE0F
variant	person-gesture	1F481 1F3FD 200D 2642 FE0F	man tipping hand: medium skin tone	1F481 200D 2642 FE0F
variant	person-gesture	1F481 1F3FE 200D 2642 FE0F	man tipping hand: medium-dark skin tone	1F481 200D 2642 FE0F
variant	person-gesture	1F481 1F3FF 200D 2642 FE0F	man tipping hand: dark skin tone	1F481 200D 2642 FE0F
people	person-gesture	1F481 200D 2640 FE0F	woman tipping hand	
variant	person-gesture	1F481 1F3FB 200D 2640 FE0F	woman tipping hand: light skin tone	1F481 200D 2640 FE0F
variant	person-gesture	1F481 1F3FC 200D 2640 FE0F	woman tipping hand: medium-light skin tone	1F481 200D 2640 FE0F
variant	person-gesture	1F481 1F3FD 200D 2640 FE0F	woman tipping hand: medium skin tone	1F481 200D 2640 FE0F
variant	person-gesture	1F481 1F3FE 200D 2640 FE0F	woman tipping hand: medium-dark skin tone	1F481 200D 2640 FE0F
variant	person-gesture	1F481 1F3FF 200D 2640 FE0F	woman tipping hand: dark skin tone	1F481 200D 2640 FE0F
people	person-gesture	1F64B	person raising hand	
variant	person-gesture	1F64B 1F3FB	person raising hand: light skin tone	1F64B
variant	person-gesture	1F64B 1F3FC	person raising hand: medium-light skin tone	1F64B
variant	person-gesture	1F64B 1F3FD	person raising hand: medium skin tone	1F64B
variant	person-gesture	1F64B 1F3FE	person raising hand: medium-dark skin tone	1F64B
variant	person-gesture	1F64B 1F3FF	person raising hand: dark skin tone	1F64B
people	person-gesture	1F64B 200D 2642 FE0F	man raising hand	
variant	person-gesture	1F64B 1F3FB 200D 2642 FE0F	man raising hand: light skin tone	1F64B 200D 2642 FE0F
variant	person-gesture	1F64B 1F3FC 200D 2642 FE0F	man raising hand: medium-light skin tone	1F64B 200D 2642 FE0F
variant	person-gesture	1F64B 1F3FD 200D 2642 FE0F	man raising hand: medium skin tone	1F64B 200D 2642 FE0F
variant	person-gesture	1F64B 1F3FE 200D 2642 FE0F	man raising hand: medium-dark skin tone	1F64B 200D 2642 FE0F
variant	person-gesture	1F64B 1F3FF 200D 2642 FE0F	man raising hand: dark skin tone	1F64B 200D 2642 FE0F
people	person-gesture	1F64B 200D 2640 FE0F	woman raising hand	
variant	person-gesture	1F64B 1F3FB 200D 2640 FE0F	woman raising hand: light skin tone	1F64B 200D 2640 FE0F
variant	person-gesture	1F64B 1F3FC 200D 2640 FE0F	woman raising hand: medium-light skin tone	1F64B 200D 2640 FE0F
variant	person-gesture	1F64B 1F3FD 200D 2640 FE0F	woman raising hand: medium skin tone	1F64B 200D 2640 FE0F
variant	person-gesture	1F64B 1F3FE 200D 2640 FE0F	woman raising hand: medium-dark skin tone	1F64B 200D 2640 FE0F
variant	person-gesture	1F64B 1F3FF 200D 2640 FE0F	woman raising hand: dark skin tone	1F64B 200D 2640 FE0F
people	person-gesture	1F9CF	deaf person	
variant	person-gesture	1F9CF 1F3FB	deaf person: light skin tone	1F9CF
variant	person-gesture	1F9CF 1F3FC	deaf person: medium-light skin tone	1F9CF
variant	person-gesture	1F9CF 1F3FD	deaf person: medium skin tone	1F9CF
variant	person-gesture	1F9CF 1F3FE	deaf person: medium-dark skin tone	1F9CF
variant	person-gesture	1F9CF 1F3FF	deaf person: dark skin tone	1F9CF
people	person-gesture	1F9CF 200D 2642 FE0F	deaf man	
variant	person-gesture	1F9CF 1F3FB 200D 2642 FE0F	deaf man: light skin tone	1F9CF 200D 2642 FE0F
variant	person-gesture	1F9CF 1F3FC 200D 2642 FE0F	deaf man: medium-light skin tone	1F9CF 200D 2642 FE0F
variant	person-gesture	1F9CF 1F3FD 200D 2642 FE0F	deaf man: medium skin tone	1F9CF 200D 2642 FE0F
variant	person-gesture	1F9CF 1F3FE 200D 2642 FE0F	deaf man: medium-dark skin tone	1F9CF 200D 2642 FE0F
variant	person-gesture	1F9CF 1F3FF 200D 2642 FE0F	deaf man: dark skin tone	1F9CF 200D 2642 FE0F
people	person-gesture	1F9CF 200D 2640 FE0F	deaf woman	
variant	person-gesture	1F9CF 1F3FB 200D 2640 FE0F	deaf woman: light skin tone	1F9CF 200D 2640 FE0F
variant	person-gesture	1F9CF 1F3FC 200D 2640 FE0F	deaf woman: medium-light skin tone	1F9CF 200D 2640 FE0F
variant	person-gesture	1F9CF 1F3FD 200D 2640 FE0F	deaf woman: medium skin tone	1F9CF 200D 2640 FE0F
variant	person-gesture	1F9CF 1F3FE 200D 2640 FE0F	deaf woman: medium-dark skin tone	1F9CF 200D 2640 FE0F
variant	person-gesture	1F9CF 1F3FF 200D 2640 FE0F	deaf woman: dark skin tone	1F9CF 200D 2640 FE0F
people	person-gesture	1F647	person bowing	
variant	person-gesture	1F647 1F3FB	person bowing: light skin tone	1F647
variant	person-gesture	1F647 1F3FC	person bowing: medium-light skin tone	1F647
variant	person-gesture	1F647 1F3FD	person bowing: medium skin tone	1F647
variant	person-gesture	1F647 1F3FE	person bowing: medium-dark skin tone	1F647
variant	person-gesture	1F647 1F3FF	person bowing: dark skin tone	1F647
people	person-gesture	1F647 200D 2642 FE0F	man bowing	
variant	person-gesture	1F647 1F3FB 200D 2642 FE0F	man bowing: light skin tone	1F647 200D 2642 FE0F
variant	person-gesture	1F647 1F3FC 200D 2642 FE0F	man bowing: medium-light skin tone	1F647 200D 2642 FE0F
variant	person-gesture	1F647 1F3FD 200D 2642 FE0F	man bowing: medium skin tone	1F647 200D 2642 FE0F
variant	person-gesture	1F647 1F3FE 200D 2642 FE0F	man bowing: medium-dark skin tone	1F647 200D 2642 FE0F
variant	person-gesture	1F647 1F3FF 200D 2642 FE0F	man bowing: dark skin tone	1F647 200D 2642 FE0F
people	person-gesture	1F647 200D 2640 FE0F	woman bowing	
variant	person-gesture	1F647 1F3FB 200D 2640 FE0F	woman bowing: light skin tone	1F647 200D 2640 FE0F
variant	person-gesture	1F647 1F3FC 200D 2640 FE0F	woman bowing: medium-light skin tone	1F647 200D 2640 FE0F
variant	person-gesture	1F647 1F3FD 200D 2640 FE0F	woman bowing: medium skin tone	1F647 200D 2640 FE0F
variant	person-gesture	1F647 1F3FE 200D 2640 FE0F	woman bowing: medium-dark skin tone	1F647 200D 2640 FE0F
variant	person-gesture	1F647 1F3FF 200D 2640 FE0F	woman bowing: dark skin tone	1F647 200D 2640 FE0F
people	person-gesture	1F926	person facepalming	
variant	person-gesture	1F926 1F3FB	person facepalming: light skin tone	1F926
variant	person-gesture	1F926 1F3FC	person facepalming: medium-light skin tone	1F926
variant	person-gesture	1F926 1F3FD	person facepalming: medium skin tone	1F926
variant	person-gesture	1F926 1F3FE	person facepalming: medium-dark skin tone	1F926
variant	person-gesture	1F926 1F3FF	person facepalming: dark skin tone	1F926
people	person-gesture	1F926 200D 2642 FE0F	man facepalming	
variant	person-gesture	1F926 1F3FB 200D 2642 FE0F	man facepalming: light skin tone	1F926 200D 2642 FE0F
variant	person-gesture	1F926 1F3FC 200D 2642 FE0F	man facepalming: medium-light skin tone	1F926 200D 2642 FE0F
variant	person-gesture	1F926 1F3FD 200D 2642 FE0F	man facepalming: medium skin tone	1F926 200D 2642 FE0F
variant	person-gesture	1F926 1F3FE 200D 2642 FE0F	man facepalming: medium-dark skin tone	1F926 200D 2642 FE0F
variant	person-gesture	1F926 1F3FF 200D 2642 FE0F	man facepalming: dark skin tone	1F926 200D 2642 FE0F
people	person-gesture	1F926 200D 2640 FE0F	woman facepalming	
variant	person-gesture	1F926 1F3FB 200D 2640 FE0F	woman facepalming: light skin tone	1F926 200D 2640 FE0F
variant	person-gesture	1F926 1F3FC 200D 2640 FE0F	woman facepalming: medium-light skin tone	1F926 200D 2640 FE0F
variant	person-gesture	1F926 1F3FD 200D 2640 FE0F	woman facepalming: medium skin tone	1F926 200D 2640 FE0F
variant	person-gesture	1F926 1F3FE 200D 2640 FE0F	woman facepalming: medium-dark skin tone	1F926 200D 2640 FE0F
variant	person-gesture	1F926 1F3FF 200D 2640 FE0F	woman facepalming: dark skin tone	1F926 200D 2640 FE0F
people	person-gesture	1F937	person shrugging	
variant	person-gesture	1F937 1F3FB	person shrugging: light skin tone	1F937
variant	person-gesture	1F937 1F3FC	person shrugging: medium-light skin tone	1F937
variant	person-gesture	1F937 1F3FD	person shrugging: medium skin tone	1F937
variant	person-gesture	1F937 1F3FE	person shrugging: medium-dark skin tone	1F937
variant	person-gesture	1F937 1F3FF	person shrugging: dark skin tone	1F937
people	person-gesture	1F937 200D 2642 FE0F	man shrugging	
variant	person-gesture	1F937 1F3FB 200D 2642 FE0F	man shrugging: light skin tone	1F937 200D 2642 FE0F
variant	person-gesture	1F937 1F3FC 200D 2642 FE0F	man shrugging: medium-light skin tone	1F937 200D 2642 FE0F
variant	person-gesture	1F937 1F3FD 200D 2642 FE0F	man shrugging: medium skin tone	1F937 200D 2642 FE0F
variant	person-gesture	1F937 1F3FE 200D 2642 FE0F	man shrugging: medium-dark skin tone	1F937 200D 2642 FE0F
variant	person-gesture	1F937 1F3FF 200D 2642 FE0F	man shrugging: dark skin tone	1F937 200D 2642 FE0F
people	person-gesture	1F937 200D 2640 FE0F	woman shrugging	
variant	person-gesture	1F937 1F3FB 200D 2640 FE0F	woman shrugging: light skin tone	1F937 200D 2640 FE0F
variant	person-gesture	1F937 1F3FC 200D 2640 FE0F	woman shrugging: medium-light skin tone	1F937 200D 2640 FE0F
variant	person-gesture	1F937 1F3FD 200D 2640 FE0F	woman shrugging: medium skin tone	1F937 200D 2640 FE0F
variant	person-gesture	1F937 1F3FE 200D 2640 FE0F	woman shrugging: medium-dark skin tone	1F937 200D 2640 FE0F
variant	person-gesture	1F937 1F3FF 200D 2640 FE0F	woman shrugging: dark skin tone	1F937 200D 2640 FE0F
people	person-role	1F9D1 200D 2695 FE0F	health worker	
variant	person-role	1F9D1 1F3FB 200D 2695 FE0F	health worker: light skin tone	1F9D1 200D 2695 FE0F
variant	person-role	1F9D1 1F3FC 200D 2695 FE0F	health worker: medium-light skin tone	1F9D1 200D 2695 FE0F
variant	person-role	1F9D1 1F3FD 200D 2695 FE0F	health worker: medium skin tone	1F9D1 200D 2695 FE0F
variant	person-role	1F9D1 1F3FE 200D 2695 FE0F	health worker: medium-dark skin tone	1F9D1 200D 2695 FE0F
variant	person-role	1F9D1 1F3FF 200D 2695 FE0F	health worker: dark skin tone	1F9D1 200D 2695 FE0F
people	person-role	1F468 200D 2695 FE0F	man health worker	
variant	person-role	1F468 1F3FB 200D 2695 FE0F	man health worker: light skin tone	1F468 200D 2695 FE0F
variant	person-role	1F468 1F3FC 200D 2695 FE0F	man health worker: medium-light skin tone	1F468 200D 2695 FE0F
variant	person-role	1F468 1F3FD 200D 2695 FE0F	man health worker: medium skin tone	1F468 200D 2695 FE0F
variant	person-role	1F468 1F3FE 200D 2695 FE0F	man health worker: medium-dark skin tone	1F468 200D 2695 FE0F
variant	person-role	1F468 1F3FF 200D 2695 FE0F	man health worker: dark skin tone	1F468 200D 2695 FE0F
people	person-role	1F469 200D 2695 FE0F	woman health worker	
variant	person-role	1F469 1F3FB 200D 2695 FE0F	woman health worker: light skin tone	1F469 200D 2695 FE0F
variant	person-role	1F469 1F3FC 200D 2695 FE0F	woman health worker: medium-light skin tone	1F469 200D 2695 FE0F
variant	person-role	1F469 1F3FD 200D 2695 FE0F	woman health worker: medium skin tone	1F469 200D 2695 FE0F
variant	person-role	1F469 1F3FE 200D 2695 FE0F	woman health worker: medium-dark skin tone	1F469 200D 2695 FE0F
variant	person-role	1F469 1F3FF 200D 2695 FE0F	woman health worker: dark skin tone	1F469 200D 2695 FE0F
people	person-role	1F9D1 200D 1F393	student	
variant	person-role	1F9D1 1F3FB 200D 1F393	student: light skin tone	1F9D1 200D 1F393
variant	person-role	1F9D1 1F3FC 200D 1F393	student: medium-light skin tone	1F9D1 200D 1F393
variant	person-role	1F9D1 1F3FD 200D 1F393	student: medium skin tone	1F9D1 200D 1F393
variant	person-role	1F9D1 1F3FE 200D 1F393	student: medium-dark skin tone	1F9D1 200D 1F393
variant	person-role	1F9D1 1F3FF 200D 1F393	student: dark skin tone	1F9D1 200D 1F393
people	person-role	1F468 200D 1F393	man student	
variant	person-role	1F468 1F3FB 200D 1F393	man student: light skin tone	1F468 200D 1F393
variant	person-role	1F468 1F3FC 200D 1F393	man student: medium-light skin tone	1F468 200D 1F393
variant	person-role	1F468 1F3FD 200D 1F393	man student: medium skin tone	1F468 200D 1F393
variant	person-role	1F468 1F3FE 200D 1F393	man student: medium-dark skin tone	1F468 200D 1F393
variant	person-role	1F468 1F3FF 200D 1F393	man student: dark skin tone	1F468 200D 1F393
people	person-role	1F469 200D 1F393	woman student	
variant	person-role	1F469 1F3FB 200D 1F393	woman student: light skin tone	1F469 200D 1F393
variant	person-role	1F469 1F3FC 200D 1F393	woman student: medium-light skin tone	1F469 200D 1F393
variant	person-role	1F469 1F3FD 200D 1F393	woman student: medium skin tone	1F469 200D 1F393
variant	person-role	1F469 1F3FE 200D 1F393	woman student: medium-dark skin tone	1F469 200D 1F393
variant	person-role	1F469 1F3FF 200D 1F393	woman student: dark skin tone	1F469 200D 1F393
people	person-role	1F9D1 200D 1F3EB	teacher	
variant	person-role	1F9D1 1F3FB 200D 1F3EB	teacher: light skin tone	1F9D1 200D 1F3EB
variant	person-role	1F9D1 1F3FC 200D 1F3EB	teacher: medium-light skin tone	1F9D1 200D 1F3EB
variant	person-role	1F9D1 1F3FD 200D 1F3EB	teacher: medium skin tone	1F9D1 200D 1F3EB
variant	person-role	1F9D1 1F3FE 200D 1F3EB	teacher: medium-dark skin tone	1F9D1 200D 1F3EB
variant	person-role	1F9D1 1F3FF 200D 1F3EB	teacher: dark skin tone	1F9D1 200D 1F3EB
people	person-role	1F468 200D 1F3EB	man teacher	
variant	person-role	1F468 1F3FB 200D 1F3EB	man teacher: light skin tone	1F468 200D 1F3EB
variant	person-role	1F468 1F3FC 200D 1F3EB	man teacher: medium-light skin tone	1F468 200D 1F3EB
variant	person-role	1F468 1F3FD 200D 1F3EB	man teacher: medium skin tone	1F468 200D 1F3EB
variant	person-role	1F468 1F3FE 200D 1F3EB	man teacher: medium-dark skin tone	1F468 200D 1F3EB
variant	person-role	1F468 1F3FF 200D 1F3EB	man teacher: dark skin tone	1F468 200D 1F3EB
people	person-role	1F469 200D 1F3EB	woman teacher	
variant	person-role	1F469 1F3FB 200D 1F3EB	woman teacher: light skin tone	1F469 200D 1F3EB
variant	person-role	1F469 1F3FC 200D 1F3EB	woman teacher: medium-light skin tone	1F469 200D 1F3EB
variant	person-role	1F469 1F3FD 200D 1F3EB	woman teacher: medium skin tone	1F469 200D 1F3EB
variant	person-role	1F469 1F3FE 200D 1F3EB	woman teacher: medium-dark skin tone	1F469 200D 1F3EB
variant	person-role	1F469 1F3FF 200D 1F3EB	woman teacher: dark skin tone	1F469 200D 1F3EB
people	person-role	1F9D1 200D 2696 FE0F	judge	
variant	person-role	1F9D1 1F3FB 200D 2696 FE0F	judge: light skin tone	1F9D1 200D 2696 FE0F
variant	person-role	1F9D1 1F3FC 200D 2696 FE0F	judge: medium-light skin tone	1F9D1 200D 2696 FE0F
variant	person-role	1F9D1 1F3FD 200D 2696 FE0F	judge: medium skin tone	1F9D1 200D 2696 FE0F
variant	person-role	1F9D1 1F3FE 200D 2696 FE0F	judge: medium-dark skin tone	1F9D1 200D 2696 FE0F
variant	person-role	1F9D1 1F3FF 200D 2696 FE0F	judge: dark skin tone	1F9D1 200D 2696 FE0F
people	person-role	1F468 200D 2696 FE0F	man judge	
variant	person-role	1F468 1F3FB 200D 2696 FE0F	man judge: light skin tone	1F468 200D 2696 FE0F
variant	person-role	1F468 1F3FC 200D 2696 FE0F	man judge: medium-light skin tone	1F468 200D 2696 FE0F
variant	person-role	1F468 1F3FD 200D 2696 FE0F	man judge: medium skin tone	1F468 200D 2696 FE0F
variant	person-role	1F468 1F3FE 200D 2696 FE0F	man judge: medium-dark skin tone	1F468 200D 2696 FE0F
variant	person-role	1F468 1F3FF 200D 2696 FE0F	man judge: dark skin tone	1F468 200D 2696 FE0F
people	person-role	1F469 200D 2696 FE0F	woman judge	
variant	person-role	1F469 1F3FB 200D 2696 FE0F	woman judge: light skin tone	1F469 200D 2696 FE0F
variant	person-role	1F469 1F3FC 200D 2696 FE0F	woman judge: medium-light skin tone	1F469 200D 2696 FE0F
variant	person-role	1F469 1F3FD 200D 2696 FE0F	woman judge: medium skin tone	1F469 200D 2696 FE0F
variant	person-role	1F469 1F3FE 200D 2696 FE0F	woman judge: medium-dark skin tone	1F469 200D 2696 FE0F
variant	person-role	1F469 1F3FF 200D 2696 FE0F	woman judge: dark skin tone	1F469 200D 2696 FE0F
people	person-role	1F9D1 200D 1F33E	farmer	
variant	person-role	1F9D1 1F3FB 200D 1F33E	farmer: light skin tone	1F9D1 200D 1F33E
variant	person-role	1F9D1 1F3FC 200D 1F33E	farmer: medium-light skin tone	1F9D1 200D 1F33E
variant	person-role	1F9D1 1F3FD 200D 1F33E	farmer: medium skin tone	1F9D1 200D 1F33E
variant	person-role	1F9D1 1F3FE 200D 1F33E	farmer: medium-dark skin tone	1F9D1 200D 1F33E
variant	person-role	1F9D1 1F3FF 200D 1F33E	farmer: dark skin tone	1F9D1 200D 1F33E
people	person-role	1F468 200D 1F33E	man farmer	
variant	person-role	1F468 1F3FB 200D 1F33E	man farmer: light skin tone	1F468 200D 1F33E
variant	person-role	1F468 1F3FC 200D 1F33E	man farmer: medium-light skin tone	1F468 200D 1F33E
variant	person-role	1F468 1F3FD 200D 1F33E	man farmer: medium skin tone	1F468 200D 1F33E
variant	person-role	1F468 1F3FE 200D 1F33E	man farmer: medium-dark skin tone	1F468 200D 1F33E
variant	person-role	1F468 1F3FF 200D 1F33E	man farmer: dark skin tone	1F468 200D 1F33E
people	person-role	1F469 200D 1F33E	woman farmer	
variant	person-role	1F469 1F3FB 200D 1F33E	woman farmer: light skin tone	1F469 200D 1F33E
variant	person-role	1F469 1F3FC 200D 1F33E	woman farmer: medium-light skin tone	1F469 200D 1F33E
variant	person-role	1F469 1F3FD 200D 1F33E	woman farmer: medium skin tone	1F469 200D 1F33E
variant	person-role	1F469 1F3FE 200D 1F33E	woman farmer: medium-dark skin tone	1F469 200D 1F33E
variant	person-role	1F469 1F3FF 200D 1F33E	woman farmer: dark skin tone	1F469 200D 1F33E
people	person-role	1F9D1 200D 1F373	cook	
variant	person-role	1F9D1 1F3FB 200D 1F373	cook: light skin tone	1F9D1 200D 1F373
variant	person-role	1F9D1 1F3FC 200D 1F373	cook: medium-light skin tone	1F9D1 200D 1F373
variant	person-role	1F9D1 1F3FD 200D 1F373	cook: medium skin tone	1F9D1 200D 1F373
variant	person-role	1F9D1 1F3FE 200D 1F373	cook: medium-dark skin tone	1F9D1 200D 1F373
variant	person-role	1F9D1 1F3FF 200D 1F373	cook: dark skin tone	1F9D1 200D 1F373
people	person-role	1F468 200D 1F373	man cook	
variant	person-role	1F468 1F3FB 200D 1F373	man cook: light skin tone	1F468 200D 1F373
variant	person-role	1F468 1F3FC 200D 1F373	man cook: medium-light skin tone	1F468 200D 1F373
variant	person-role	1F468 1F3FD 200D 1F373	man cook: medium skin tone	1F468 200D 1F373
variant	person-role	1F468 1F3FE 200D 1F373	man cook: medium-dark skin tone	1F468 200D 1F373
variant	person-role	1F468 1F3FF 200D 1F373	man cook: dark skin tone	1F468 200D 1F373
people	person-role	1F469 200D 1F373	woman cook	
variant	person-role	1F469 1F3FB 200D 1F373	woman cook: light skin tone	1F469 200D 1F373
variant	person-role	1F469 1F3FC 200D 1F373	woman cook: medium-light skin tone	1F469 200D 1F373
variant	person-role	1F469 1F3FD 200D 1F373	woman cook: medium skin tone	1F469 200D 1F373
variant	person-role	1F469 1F3FE 200D 1F373	woman cook: medium-dark skin tone	1F469 200D 1F373
variant	person-role	1F469 1F3FF 200D 1F373	woman cook: dark skin tone	1F469 200D 1F373
people	person-role	1F9D1 200D 1F527	mechanic	
variant	person-role	1F9D1 1F3FB 200D 1F527	mechanic: light skin tone	1F9D1 200D 1F527
variant	person-role	1F9D1 1F3FC 200D 1F527	mechanic: medium-light skin tone	1F9D1 200D 1F527
variant	person-role	1F9D1 1F3FD 200D 1F527	mechanic: medium skin tone	1F9D1 200D 1F527
variant	person-role	1F9D1 1F3FE 200D 1F527	mechanic: medium-dark skin tone	1F9D1 200D 1F527
variant	person-role	1F9D1 1F3FF 200D 1F527	mechanic: dark skin tone	1F9D1 200D 1F527
people	person-role	1F468 200D 1F527	man mechanic	
variant	person-role	1F468 1F3FB 200D 1F527	man mechanic: light skin tone	1F468 200D 1F527
variant	person-role	1F468 1F3FC 200D 1F527	man mechanic: medium-light skin tone	1F468 200D 1F527
variant	person-role	1F468 1F3FD 200D 1F527	man mechanic: medium skin tone	1F468 200D 1F527
variant	person-role	1F468 1F3FE 200D 1F527	man mechanic: medium-dark skin tone	1F468 200D 1F527
variant	person-role	1F468 1F3FF 200D 1F527	man mechanic: dark skin tone	1F468 200D 1F527
people	person-role	1F469 200D 1F527	woman mechanic	
variant	person-role	1F469 1F3FB 200D 1F527	woman mechanic: light skin tone	1F469 200D 1F527
variant	person-role	1F469 1F3FC 200D 1F527	woman mechanic: medium-light skin tone	1F469 200D 1F527
variant	person-role	1F469 1F3FD 200D 1F527	woman mechanic: medium skin tone	1F469 200D 1F527
variant	person-role	1F469 1F3FE 200D 1F527	woman mechanic: medium-dark skin tone	1F469 200D 1F527
variant	person-role	1F469 1F3FF 200D 1F527	woman mechanic: dark skin tone	1F469 200D 1F527
people	person-role	1F9D1 200D 1F3ED	factory worker	
variant	person-role	1F9D1 1F3FB 200D 1F3ED	factory worker: light skin tone	1F9D1 200D 1F3ED
variant	person-role	1F9D1 1F3FC 200D 1F3ED	factory worker: medium-light skin tone	1F9D1 200D 1F3ED
variant	person-role	1F9D1 1F3FD 200D 1F3ED	factory worker: medium skin tone	1F9D1 200D 1F3ED
variant	person-role	1F9D1 1F3FE 200D 1F3ED	factory worker: medium-dark skin tone	1F9D1 200D 1F3ED
variant	person-role	1F9D1 1F3FF 200D 1F3ED	factory worker: dark skin tone	1F9D1 200D 1F3ED
people	person-role	1F468 200D 1F3ED	man factory worker	
variant	person-role	1F468 1F3FB 200D 1F3ED	man factory worker: light skin tone	1F468 200D 1F3ED
variant	person-role	1F468 1F3FC 200D 1F3ED	man factory worker: medium-light skin tone	1F468 200D 1F3ED
variant	person-role	1F468 1F3FD 200D 1F3ED	man factory worker: medium skin tone	1F468 200D 1F3ED
variant	person-role	1F468 1F3FE 200D 1F3ED	man factory worker: medium-dark skin tone	1F468 200D 1F3ED
variant	person-role	1F468 1F3FF 200D 1F3ED	man factory worker: dark skin tone	1F468 200D 1F3ED
people	person-role	1F469 200D 1F3ED	woman factory worker	
variant	person-role	1F469 1F3FB 200D 1F3ED	woman factory worker: light skin tone	1F469 200D 1F3ED
variant	person-role	1F469 1F3FC 200D 1F3ED	woman factory worker: medium-light skin tone	1F469 200D 1F3ED
variant	person-role	1F469 1F3FD 200D 1F3ED	woman factory worker: medium skin tone	1F469 200D 1F3ED
variant	person-role	1F469 1F3FE 200D 1F3ED	woman factory worker: medium-dark skin tone	1F469 200D 1F3ED
variant	person-role	1F469 1F3FF 200D 1F3ED	woman factory worker: dark skin tone	1F469 200D 1F3ED
people	person-role	1F9D1 200D 1F4BC	office worker	
variant	person-role	1F9D1 1F3FB 200D 1F4BC	office worker: light skin tone	1F9D1 200D 1F4BC
variant	person-role	1F9D1 1F3FC 200D 1F4BC	office worker: medium-light skin tone	1F9D1 200D 1F4BC
variant	person-role	1F9D1 1F3FD 200D 1F4BC	office worker: medium skin tone	1F9D1 200D 1F4BC
variant	person-role	1F9D1 1F3FE 200D 1F4BC	office worker: medium-dark skin tone	1F9D1 200D 1F4BC
variant	person-role	1F9D1 1F3FF 200D 1F4BC	office worker: dark skin tone	1F9D1 200D 1F4BC
people	person-role	1F468 200D 1F4BC	man office worker	
variant	person-role	1F468 1F3FB 200D 1F4BC	man office worker: light skin tone	1F468 200D 1F4BC
variant	person-role	1F468 1F3FC 200D 1F4BC	man office worker: medium-light skin tone	1F468 200D 1F4BC
variant	person-role	1F468 1F3FD 200D 1F4BC	man office worker: medium skin tone	1F468 200D 1F4BC
variant	person-role	1F468 1F3FE 200D 1F4BC	man office worker: medium-dark skin tone	1F468 200D 1F4BC
variant	person-role	1F468 1F3FF 200D 1F4BC	man office worker: dark skin tone	1F468 200D 1F4BC
people	person-role	1F469 200D 1F4BC	woman office worker	
variant	person-role	1F469 1F3FB 200D 1F4BC	woman office worker: light skin tone	1F469 200D 1F4BC
variant	person-role	1F469 1F3FC 200D 1F4BC	woman office worker: medium-light skin tone	1F469 200D 1F4BC
variant	person-role	1F469 1F3FD 200D 1F4BC	woman office worker: medium skin tone	1F469 200D 1F4BC
variant	person-role	1F469 1F3FE 200D 1F4BC	woman office worker: medium-dark skin tone	1F469 200D 1F4BC
variant	person-role	1F469 1F3FF 200D 1F4BC	woman office worker: dark skin tone	1F469 200D 1F4BC
people	person-role	1F9D1 200D 1F52C	scientist	
variant	person-role	1F9D1 1F3FB 200D 1F52C	scientist: light skin tone	1F9D1 200D 1F52C
variant	person-role	1F9D1 1F3FC 200D 1F52C	scientist: medium-light skin tone	1F9D1 200D 1F52C
variant	person-role	1F9D1 1F3FD 200D 1F52C	scientist: medium skin tone	1F9D1 200D 1F52C
variant	person-role	1F9D1 1F3FE 200D 1F52C	scientist: medium-dark skin tone	1F9D1 200D 1F52C
variant	person-role	1F9D1 1F3FF 200D 1F52C	scientist: dark skin tone	1F9D1 200D 1F52C
people	person-role	1F468 200D 1F52C	man scientist	
variant	person-role	1F468 1F3FB 200D 1F52C	man scientist: light skin tone	1F468 200D 1F52C
variant	person-role	1F468 1F3FC 200D 1F52C	man scientist: medium-light skin tone	1F468 200D 1F52C
variant	person-role	1F468 1F3FD 200D 1F52C	man scientist: medium skin tone	1F468 200D 1F52C
variant	person-role	1F468 1F3FE 200D 1F52C	man scientist: medium-dark skin tone	1F468 200D 1F52C
variant	person-role	1F468 1F3FF 200D 1F52C	man scientist: dark skin tone	1F468 200D 1F52C
people	person-role	1F469 200D 1F52C	woman scientist	
variant	person-role	1F469 1F3FB 200D 1F52C	woman scientist: light skin tone	1F469 200D 1F52C
variant	person-role	1F469 1F3FC 200D 1F52C	woman scientist: medium-light skin tone	1F469 200D 1F52C
variant	person-role	1F469 1F3FD 200D 1F52C	woman scientist: medium skin tone	1F469 200D 1F52C
variant	person-role	1F469 1F3FE 200D 1F52C	woman scientist: medium-dark skin tone	1F469 200D 1F52C
variant	person-role	1F469 1F3FF 200D 1F52C	woman scientist: dark skin tone	1F469 200D 1F52C
people	person-role	1F9D1 200D 1F4BB	technologist	
variant	person-role	1F9D1 1F3FB 200D 1F4BB	technologist: light skin tone	1F9D1 200D 1F4BB
variant	person-role	1F9D1 1F3FC 200D 1F4BB	technologist: medium-light skin tone	1F9D1 200D 1F4BB
variant	person-role	1F9D1 1F3FD 200D 1F4BB	technologist: medium skin tone	1F9D1 200D 1F4BB
variant	person-role	1F9D1 1F3FE 200D 1F4BB	technologist: medium-dark skin tone	1F9D1 200D 1F4BB
variant	person-role	1F9D1 1F3FF 200D 1F4BB	technologist: dark skin tone	1F9D1 200D 1F4BB
people	person-role	1F468 200D 1F4BB	man technologist	
variant	person-role	1F468 1F3FB 200D 1F4BB	man technologist: light skin tone	1F468 200D 1F4BB
variant	person-role	1F468 1F3FC 200D 1F4BB	man technologist: medium-light skin tone	1F468 200D 1F4BB
variant	person-role	1F468 1F3FD 200D 1F4BB	man technologist: medium skin tone	1F468 200D 1F4BB
variant	person-role	1F468 1F3FE 200D 1F4BB	man technologist: medium-dark skin tone	1F468 200D 1F4BB
variant	person-role	1F468 1F3FF 200D 1F4BB	man technologist: dark skin tone	1F468 200D 1F4BB
people	person-role	1F469 200D 1F4BB	woman technologist	
variant	person-role	1F469 1F3FB 200D 1F4BB	woman technologist: light skin tone	1F469 200D 1F4BB
variant	person-role	1F469 1F3FC 200D 1F4BB	woman technologist: medium-light skin tone	1F469 200D 1F4BB
variant	person-role	1F469 1F3FD 200D 1F4BB	woman technologist: medium skin tone	1F469 200D 1F4BB
variant	person-role	1F469 1F3FE 200D 1F4BB	woman technologist: medium-dark skin tone	1F469 200D 1F4BB
variant	person-role	1F469 1F3FF 200D 1F4BB	woman technologist: dark skin tone	1F469 200D 1F4BB
people	person-role	1F9D1 200D 1F3A4	singer	
variant	person-role	1F9D1 1F3FB 200D 1F3A4	singer: light skin tone	1F9D1 200D 1F3A4
variant	person-role	1F9D1 1F3FC 200D 1F3A4	singer: medium-light skin tone	1F9D1 200D 1F3A4
variant	person-role	1F9D1 1F3FD 200D 1F3A4	singer: medium skin tone	1F9D1 200D 1F3A4
variant	person-role	1F9D1 1F3FE 200D 1F3A4	singer: medium-dark skin tone	1F9D1 200D 1F3A4
variant	person-role	1F9D1 1F3FF 200D 1F3A4	singer: dark skin tone	1F9D1 200D 1F3A4
people	person-role	1F468 200D 1F3A4	man singer	
variant	person-role	1F468 1F3FB 200D 1F3A4	man singer: light skin tone	1F468 200D 1F3A4
variant	person-role	1F468 1F3FC 200D 1F3A4	man singer: medium-light skin tone	1F468 200D 1F3A4
variant	person-role	1F468 1F3FD 200D 1F3A4	man singer: medium skin tone	1F468 200D 1F3A4
variant	person-role	1F468 1F3FE 200D 1F3A4	man singer: medium-dark skin tone	1F468 200D 1F3A4
variant	person-role	1F468 1F3FF 200D 1F3A4	man singer: dark skin tone	1F468 200D 1F3A4
people	person-role	1F469 200D 1F3A4	woman singer	
variant	person-role	1F469 1F3FB 200D 1F3A4	woman singer: light skin tone	1F469 200D 1F3A4
variant	person-role	1F469 1F3FC 200D 1F3A4	woman singer: medium-light skin tone	1F469 200D 1F3A4
variant	person-role	1F469 1F3FD 200D 1F3A4	woman singer: medium skin tone	1F469 200D 1F3A4
variant	person-role	1F469 1F3FE 200D 1F3A4	woman singer: medium-dark skin tone	1F469 200D 1F3A4
variant	person-role	1F469 1F3FF 200D 1F3A4	woman singer: dark skin tone	1F469 200D 1F3A4
people	person-role	1F9D1 200D 1F3A8	artist	
variant	person-role	1F9D1 1F3FB 200D 1F3A8	artist: light skin tone	1F9D1 200D 1F3A8
variant	person-role	1F9D1 1F3FC 200D 1F3A8	artist: medium-light skin tone	1F9D1 200D 1F3A8
variant	person-role	1F9D1 1F3FD 200D 1F3A8	artist: medium skin tone	1F9D1 200D 1F3A8
variant	person-role	1F9D1 1F3FE 200D 1F3A8	artist: medium-dark skin tone	1F9D1 200D 1F3A8
variant	person-role	1F9D1 1F3FF 200D 1F3A8	artist: dark skin tone	1F9D1 200D 1F3A8
people	person-role	1F468 200D 1F3A8	man artist	
variant	person-role	1F468 1F3FB 200D 1F3A8	man artist: light skin tone	1F468 200D 1F3A8
variant	person-role	1F468 1F3FC 200D 1F3A8	man artist: medium-light skin tone	1F468 200D 1F3A8
variant	person-role	1F468 1F3FD 200D 1F3A8	man artist: medium skin tone	1F468 200D 1F3A8
variant	person-role	1F468 1F3FE 200D 1F3A8	man artist: medium-dark skin tone	1F468 200D 1F3A8
variant	person-role	1F468 1F3FF 200D 1F3A8	man artist: dark skin tone	1F468 200D 1F3A8
people	person-role	1F469 200D 1F3A8	woman artist	
variant	person-role	1F469 1F3FB 200D 1F3A8	woman artist: light skin tone	1F469 200D 1F3A8
variant	person-role	1F469 1F3FC 200D 1F3A8	woman artist: medium-light skin tone	1F469 200D 1F3A8
variant	person-role	1F469 1F3FD 200D 1F3A8	woman artist: medium skin tone	1F469 200D 1F3A8
variant	person-role	1F469 1F3FE 200D 1F3A8	woman artist: medium-dark skin tone	1F469 200D 1F3A8
variant	person-role	1F469 1F3FF 200D 1F3A8	woman artist: dark skin tone	1F469 200D 1F3A8
people	person-role	1F9D1 200D 2708 FE0F	pilot	
variant	person-role	1F9D1 1F3FB 200D 2708 FE0F	pilot: light skin tone	1F9D1 200D 2708 FE0F
variant	person-role	1F9D1 1F3FC 200D 2708 FE0F	pilot: medium-light skin tone	1F9D1 200D 2708 FE0F
variant	person-role	1F9D1 1F3FD 200D 2708 FE0F	pilot: medium skin tone	1F9D1 200D 2708 FE0F
variant	person-role	1F9D1 1F3FE 200D 2708 FE0F	pilot: medium-dark skin tone	1F9D1 200D 2708 FE0F
variant	person-role	1F9D1 1F3FF 200D 2708 FE0F	pilot: dark skin tone	1F9D1 200D 2708 FE0F
people	person-role	1F468 200D 2708 FE0F	man pilot	
variant	person-role	1F468 1F3FB 200D 2708 FE0F	man pilot: light skin tone	1F468 200D 2708 FE0F
variant	person-role	1F468 1F3FC 200D 2708 FE0F	man pilot: medium-light skin tone	1F468 200D 2708 FE0F
variant	person-role	1F468 1F3FD 200D 2708 FE0F	man pilot: medium skin tone	1F468 200D 2708 FE0F
variant	person-role	1F468 1F3FE 200D 2708 FE0F	man pilot: medium-dark skin tone	1F468 200D 2708 FE0F
variant	person-role	1F468 1F3FF 200D 2708 FE0F	man pilot: dark skin tone	1F468 200D 2708 FE0F
people	person-role	1F469 200D 2708 FE0F	woman pilot	
variant	person-role	1F469 1F3FB 200D 2708 FE0F	woman pilot: light skin tone	1F469 200D 2708 FE0F
variant	person-role	1F469 1F3FC 200D 2708 FE0F	woman pilot: medium-light skin tone	1F469 200D 2708 FE0F
variant	person-role	1F469 1F3FD 200D 2708 FE0F	woman pilot: medium skin tone	1F469 200D 2708 FE0F
variant	person-role	1F469 1F3FE 200D 2708 FE0F	woman pilot: medium-dark skin tone	1F469 200D 2708 FE0F
variant	person-role	1F469 1F3FF 200D 2708 FE0F	woman pilot: dark skin tone	1F469 200D 2708 FE0F
people	person-role	1F9D1 200D 1F680	astronaut	
variant	person-role	1F9D1 1F3FB 200D 1F680	astronaut: light skin tone	1F9D1 200D 1F680
variant	person-role	1F9D1 1F3FC 200D 1F680	astronaut: medium-light skin tone	1F9D1 200D 1F680
variant	person-role	1F9D1 1F3FD 200D 1F680	astronaut: medium skin tone	1F9D1 200D 1F680
variant	person-role	1F9D1 1F3FE 200D 1F680	astronaut: medium-dark skin tone	1F9D1 200D 1F680
variant	person-role	1F9D1 1F3FF 200D 1F680	astronaut: dark skin tone	1F9D1 200D 1F680
people	person-role	1F468 200D 1F680	man astronaut	
variant	person-role	1F468 1F3FB 200D 1F680	man astronaut: light skin tone	1F468 200D 1F680
variant	person-role	1F468 1F3FC 200D 1F680	man astronaut: medium-light skin tone	1F468 200D 1F680
variant	person-role	1F468 1F3FD 200D 1F680	man astronaut: medium skin tone	1F468 200D 1F680
variant	person-role	1F468 1F3FE 200D 1F680	man astronaut: medium-dark skin tone	1F468 200D 1F680
variant	person-role	1F468 1F3FF 200D 1F680	man astronaut: dark skin tone	1F468 200D 1F680
people	person-role	1F469 200D 1F680	woman astronaut	
variant	person-role	1F469 1F3FB 200D 1F680	woman astronaut: light skin tone	1F469 200D 1F680
variant	person-role	1F469 1F3FC 200D 1F680	woman astronaut: medium-light skin tone	1F469 200D 1F680
variant	person-role	1F469 1F3FD 200D 1F680	woman astronaut: medium skin tone	1F469 200D 1F680
variant	person-role	1F469 1F3FE 200D 1F680	woman astronaut: medium-dark skin tone	1F469 200D 1F680
variant	person-role	1F469 1F3FF 200D 1F680	woman astronaut: dark skin tone	1F469 200D 1F680
people	person-role	1F9D1 200D 1F692	firefighter	
variant	person-role	1F9D1 1F3FB 200D 1F692	firefighter: light skin tone	1F9D1 200D 1F692
variant	person-role	1F9D1 1F3FC 200D 1F692	firefighter: medium-light skin tone	1F9D1 200D 1F692
variant	person-role	1F9D1 1F3FD 200D 1F692	firefighter: medium skin tone	1F9D1 200D 1F692
variant	person-role	1F9D1 1F3FE 200D 1F692	firefighter: medium-dark skin tone	1F9D1 200D 1F692
variant	person-role	1F9D1 1F3FF 200D 1F692	firefighter: dark skin tone	1F9D1 200D 1F692
people	person-role	1F468 200D 1F692	man firefighter	
variant	person-role	1F468 1F3FB 200D 1F692	man firefighter: light skin tone	1F468 200D 1F692
variant	person-role	1F468 1F3FC 200D 1F692	man firefighter: medium-light skin tone	1F468 200D 1F692
variant	person-role	1F468 1F3FD 200D 1F692	man firefighter: medium skin tone	1F468 200D 1F692
variant	person-role	1F468 1F3FE 200D 1F692	man firefighter: medium-dark skin tone	1F468 200D 1F692
variant	person-role	1F468 1F3FF 200D 1F692	man firefighter: dark skin tone	1F468 200D 1F692
people	person-role	1F469 200D 1F692	woman firefighter	
variant	person-role	1F469 1F3FB 200D 1F692	woman firefighter: light skin tone	1F469 200D 1F692
variant	person-role	1F469 1F3FC 200D 1F692	woman firefighter: medium-light skin tone	1F469 200D 1F692
variant	person-role	1F469 1F3FD 200D 1F692	woman firefighter: medium skin tone	1F469 200D 1F692
variant	person-role	1F469 1F3FE 200D 1F692	woman firefighter: medium-dark skin tone	1F469 200D 1F692
variant	person-role	1F469 1F3FF 200D 1F692	woman firefighter: dark skin tone	1F469 200D 1F692
people	person-role	1F46E	police officer	
variant	person-role	1F46E 1F3FB	police officer: light skin tone	1F46E
variant	person-role	1F46E 1F3FC	police officer: medium-light skin tone	1F46E
variant	person-role	1F46E 1F3FD	police officer: medium skin tone	1F46E
variant	person-role	1F46E 1F3FE	police officer: medium-dark skin tone	1F46E
variant	person-role	1F46E 1F3FF	police officer: dark skin tone	1F46E
people	person-role	1F46E 200D 2642 FE0F	man police officer	
variant	person-role	1F46E 1F3FB 200D 2642 FE0F	man police officer: light skin tone	1F46E 200D 2642 FE0F
variant	person-role	1F46E 1F3FC 200D 2642 FE0F	man police officer: medium-light skin tone	1F46E 200D 2642 FE0F
variant	person-role	1F46E 1F3FD 200D 2642 FE0F	man police officer: medium skin tone	1F46E 200D 2642 FE0F
variant	person-role	1F46E 1F3FE 200D 2642 FE0F	man police officer: medium-dark skin tone	1F46E 200D 2642 FE0F
variant	person-role	1F46E 1F3FF 200D 2642 FE0F	man police officer: dark skin tone	1F46E 200D 2642 FE0F
people	person-role	1F46E 200D 2640 FE0F	woman police officer	
variant	person-role	1F46E 1F3FB 200D 2640 FE0F	woman police officer: light skin tone	1F46E 200D 2640 FE0F
variant	person-role	1F46E 1F3FC 200D 2640 FE0F	woman police officer: medium-light skin tone	1F46E 200D 2640 FE0F
variant	person-role	1F46E 1F3FD 200D 2640 FE0F	woman police officer: medium skin tone	1F46E 200D 2640 FE0F
variant	person-role	1F46E 1F3FE 200D 2640 FE0F	woman police officer: medium-dark skin tone	1F46E 200D 2640 FE0F
variant	person-role	1F46E 1F3FF 200D 2640 FE0F	woman police officer: dark skin tone	1F46E 200D 2640 FE0F
people	person-role	1F575 FE0F	detective	
variant	person-role	1F575 1F3FB	detective: light skin tone	1F575
variant	person-role	1F575 1F3FC	detective: medium-light skin tone	1F575
variant	person-role	1F575 1F3FD	detective: medium skin tone	1F575
variant	person-role	1F575 1F3FE	detective: medium-dark skin tone	1F575
variant	person-role	1F575 1F3FF	detective: dark skin tone	1F575
people	person-role	1F575 FE0F 200D 2642 FE0F	man detective	
variant	person-role	1F575 1F3FB 200D 2642 FE0F	man detective: light skin tone	1F575 200D 2642 FE0F
variant	person-role	1F575 1F3FC 200D 2642 FE0F	man detective: medium-light skin tone	1F575 200D 2642 FE0F
variant	person-role	1F575 1F3FD 200D 2642 FE0F	man detective: medium skin tone	1F575 200D 2642 FE0F
variant	person-role	1F575 1F3FE 200D 2642 FE0F	man detective: medium-dark skin tone	1F575 200D 2642 FE0F
variant	person-role	1F575 1F3FF 200D 2642 FE0F	man detective: dark skin tone	1F575 200D 2642 FE0F
people	person-role	1F575 FE0F 200D 2640 FE0F	woman detective	
variant	person-role	1F575 1F3FB 200D 2640 FE0F	woman detective: light skin tone	1F575 200D 2640 FE0F
variant	person-role	1F575 1F3FC 200D 2640 FE0F	woman detective: medium-light skin tone	1F575 200D 2640 FE0F
variant	person-role	1F575 1F3FD 200D 2640 FE0F	woman detective: medium skin tone	1F575 200D 2640 FE0F
variant	person-role	1F575 1F3FE 200D 2640 FE0F	woman detective: medium-dark skin tone	1F575 200D 2640 FE0F
variant	person-role	1F575 1F3FF 200D 2640 FE0F	woman detective: dark skin tone	1F575 200D 2640 FE0F
people	person-role	1F482	guard	
variant	person-role	1F482 1F3FB	guard: light skin tone	1F482
variant	person-role	1F482 1F3FC	guard: medium-light skin tone	1F482
variant	person-role	1F482 1F3FD	guard: medium skin tone	1F482
variant	person-role	1F482 1F3FE	guard: medium-dark skin tone	1F482
variant	person-role	1F482 1F3FF	guard: dark skin tone	1F482
people	person-role	1F482 200D 2642 FE0F	man guard	
variant	person-role	1F482 1F3FB 200D 2642 FE0F	man guard: light skin tone	1F482 200D 2642 FE0F
variant	person-role	1F482 1F3FC 200D 2642 FE0F	man guard: medium-light skin tone	1F482 200D 2642 FE0F
variant	person-role	1F482 1F3FD 200D 2642 FE0F	man guard: medium skin tone	1F482 200D 2642 FE0F
variant	person-role	1F482 1F3FE 200D 2642 FE0F	man guard: medium-dark skin tone	1F482 200D 2642 FE0F
variant	person-role	1F482 1F3FF 200D 2642 FE0F	man guard: dark skin tone	1F482 200D 2642 FE0F
people	person-role	1F482 200D 2640 FE0F	woman guard	
variant	person-role	1F482 1F3FB 200D 2640 FE0F	woman guard: light skin tone	1F482 200D 2640 FE0F
variant	person-role	1F482 1F3FC 200D 2640 FE0F	woman guard: medium-light skin tone	1F482 200D 2640 FE0F
variant	person-role	1F482 1F3FD 200D 2640 FE0F	woman guard: medium skin tone	1F482 200D 2640 FE0F
variant	person-role	1F482 1F3FE 200D 2640 FE0F	woman guard: medium-dark skin tone	1F482 200D 2640 FE0F
variant	person-role	1F482 1F3FF 200D 2640 FE0F	woman guard: dark skin tone	1F482 200D 2640 FE0F
people	person-role	1F977	ninja	
variant	person-role	1F977 1F3FB	ninja: light skin tone	1F977
variant	person-role	1F977 1F3FC	ninja: medium-light skin tone	1F977
variant	person-role	1F977 1F3FD	ninja: medium skin tone	1F977
variant	person-role	1F977 1F3FE	ninja: medium-dark skin tone	1F977
variant	person-role	1F977 1F3FF	ninja: dark skin tone	1F977
people	person-role	1F477	construction worker	
variant	person-role	1F477 1F3FB	construction worker: light skin tone	1F477
variant	person-role	1F477 1F3FC	construction worker: medium-light skin tone	1F477
variant	person-role	1F477 1F3FD	construction worker: medium skin tone	1F477
variant	person-role	1F477 1F3FE	construction worker: medium-dark skin tone	1F477
variant	person-role	1F477 1F3FF	construction worker: dark skin tone	1F477
people	person-role	1F477 200D 2642 FE0F	man construction worker	
variant	person-role	1F477 1F3FB 200D 2642 FE0F	man construction worker: light skin tone	1F477 200D 2642 FE0F
variant	person-role	1F477 1F3FC 200D 2642 FE0F	man construction worker: medium-light skin tone	1F477 200D 2642 FE0F
variant	person-role	1F477 1F3FD 200D 2642 FE0F	man construction worker: medium skin tone	1F477 200D 2642 FE0F
variant	person-role	1F477 1F3FE 200D 2642 FE0F	man construction worker: medium-dark skin tone	1F477 200D 2642 FE0F
variant	person-role	1F477 1F3FF 200D 2642 FE0F	man construction worker: dark skin tone	1F477 200D 2642 FE0F
people	person-role	1F477 200D 2640 FE0F	woman construction worker	
variant	person-role	1F477 1F3FB 200D 2640 FE0F	woman construction worker: light skin tone	1F477 200D 2640 FE0F
variant	person-role	1F477 1F3FC 200D 2640 FE0F	woman construction worker: medium-light skin tone	1F477 200D 2640 FE0F
variant	person-role	1F477 1F3FD 200D 2640 FE0F	woman construction worker: medium skin tone	1F477 200D 2640 FE0F
variant	person-role	1F477 1F3FE 200D 2640 FE0F	woman construction worker: medium-dark skin tone	1F477 200D 2640 FE0F
variant	person-role	1F477 1F3FF 200D 2640 FE0F	woman construction worker: dark skin tone	1F477 200D 2640 FE0F
people	person-role	1FAC5	person with crown	
variant	person-role	1FAC5 1F3FB	person with crown: light skin tone	1FAC5
variant	person-role	1FAC5 1F3FC	person with crown: medium-light skin tone	1FAC5
variant	person-role	1FAC5 1F3FD	person with crown: medium skin tone	1FAC5
variant	person-role	1FAC5 1F3FE	person with crown: medium-dark skin tone	1FAC5
variant	person-role	1FAC5 1F3FF	person with crown: dark skin tone	1FAC5
people	person-role	1F934	prince	
variant	person-role	1F934 1F3FB	prince: light skin tone	1F934
variant	person-role	1F934 1F3FC	prince: medium-light skin tone	1F934
variant	person-role	1F934 1F3FD	prince: medium skin tone	1F934
variant	person-role	1F934 1F3FE	prince: medium-dark skin tone	1F934
variant	person-role	1F934 1F3FF	prince: dark skin tone	1F934
people	person-role	1F478	princess	
variant	person-role	1F478 1F3FB	princess: light skin tone	1F478
variant	person-role	1F478 1F3FC	princess: medium-light skin tone	1F478
variant	person-role	1F478 1F3FD	princess: medium skin tone	1F478
variant	person-role	1F478 1F3FE	princess: medium-dark skin tone	1F478
variant	person-role	1F478 1F3FF	princess: dark skin tone	1F478
people	person-role	1F473	person wearing turban	
variant	person-role	1F473 1F3FB	person wearing turban: light skin tone	1F473
variant	person-role	1F473 1F3FC	person wearing turban: medium-light skin tone	1F473
variant	person-role	1F473 1F3FD	person wearing turban: medium skin tone	1F473
variant	person-role	1F473 1F3FE	person wearing turban: medium-dark skin tone	1F473
variant	person-role	1F473 1F3FF	person wearing turban: dark skin tone	1F473
people	person-role	1F473 200D 2642 FE0F	man wearing turban	
variant	person-role	1F473 1F3FB 200D 2642 FE0F	man wearing turban: light skin tone	1F473 200D 2642 FE0F
variant	person-role	1F473 1F3FC 200D 2642 FE0F	man wearing turban: medium-light skin tone	1F473 200D 2642 FE0F
variant	person-role	1F473 1F3FD 200D 2642 FE0F	man wearing turban: medium skin tone	1F473 200D 2642 FE0F
variant	person-role	1F473 1F3FE 200D 2642 FE0F	man wearing turban: medium-dark skin tone	1F473 200D 2642 FE0F
variant	person-role	1F473 1F3FF 200D 2642 FE0F	man wearing turban: dark skin tone	1F473 200D 2642 FE0F
people	person-role	1F473 200D 2640 FE0F	woman wearing turban	
variant	person-role	1F473 1F3FB 200D 2640 FE0F	woman wearing turban: light skin tone	1F473 200D 2640 FE0F
variant	person-role	1F473 1F3FC 200D 2640 FE0F	woman wearing turban: medium-light skin tone	1F473 200D 2640 FE0F
variant	person-role	1F473 1F3FD 200D 2640 FE0F	woman wearing turban: medium skin tone	1F473 200D 2640 FE0F
variant	person-role	1F473 1F3FE 200D 2640 FE0F	woman wearing turban: medium-dark skin tone	1F473 200D 2640 FE0F
variant	person-role	1F473 1F3FF 200D 2640 FE0F	woman wearing turban: dark skin tone	1F473 200D 2640 FE0F
people	person-role	1F472	person with skullcap	
variant	person-role	1F472 1F3FB	person with skullcap: light skin tone	1F472
variant	person-role	1F472 1F3FC	person with skullcap: medium-light skin tone	1F472
variant	person-role	1F472 1F3FD	person with skullcap: medium skin tone	1F472
variant	person-role	1F472 1F3FE	person with skullcap: medium-dark skin tone	1F472
variant	person-role	1F472 1F3FF	person with skullcap: dark skin tone	1F472
people	person-role	1F9D5	woman with headscarf	
variant	person-role	1F9D5 1F3FB	woman with headscarf: light skin tone	1F9D5
variant	person-role	1F9D5 1F3FC	woman with headscarf: medium-light skin tone	1F9D5
variant	person-role	1F9D5 1F3FD	woman with headscarf: medium skin tone	1F9D5
variant	person-role	1F9D5 1F3FE	woman with headscarf: medium-dark skin tone	1F9D5
variant	person-role	1F9D5 1F3FF	woman with headscarf: dark skin tone	1F9D5
people	person-role	1F935	person in tuxedo	
variant	person-role	1F935 1F3FB	person in tuxedo: light skin tone	1F935
variant	person-role	1F935 1F3FC	person in tuxedo: medium-light skin tone	1F935
variant	person-role	1F935 1F3FD	person in tuxedo: medium skin tone	1F935
variant	person-role	1F935 1F3FE	person in tuxedo: medium-dark skin tone	1F935
variant	person-role	1F935 1F3FF	person in tuxedo: dark skin tone	1F935
people	person-role	1F935 200D 2642 FE0F	man in tuxedo	
variant	person-role	1F935 1F3FB 200D 2642 FE0F	man in tuxedo: light skin tone	1F935 200D 2642 FE0F
variant	person-role	1F935 1F3FC 200D 2642 FE0F	man in tuxedo: medium-light skin tone	1F935 200D 2642 FE0F
variant	person-role	1F935 1F3FD 200D 2642 FE0F	man in tuxedo: medium skin tone	1F935 200D 2642 FE0F
variant	person-role	1F935 1F3FE 200D 2642 FE0F	man in tuxedo: medium-dark skin tone	1F935 200D 2642 FE0F
variant	person-role	1F935 1F3FF 200D 2642 FE0F	man in tuxedo: dark skin tone	1F935 200D 2642 FE0F
people	person-role	1F935 200D 2640 FE0F	woman in tuxedo	
variant	person-role	1F935 1F3FB 200D 2640 FE0F	woman in tuxedo: light skin tone	1F935 200D 2640 FE0F
variant	person-role	1F935 1F3FC 200D 2640 FE0F	woman in tuxedo: medium-light skin tone	1F935 200D 2640 FE0F
variant	person-role	1F935 1F3FD 200D 2640 FE0F	woman in tuxedo: medium skin tone	1F935 200D 2640 FE0F
variant	person-role	1F935 1F3FE 200D 2640 FE0F	woman in tuxedo: medium-dark skin tone	1F935 200D 2640 FE0F
variant	person-role	1F935 1F3FF 200D 2640 FE0F	woman in tuxedo: dark skin tone	1F935 200D 2640 FE0F
people	person-role	1F470	person with veil	
variant	person-role	1F470 1F3FB	person with veil: light skin tone	1F470
variant	person-role	1F470 1F3FC	person with veil: medium-light skin tone	1F470
variant	person-role	1F470 1F3FD	person with veil: medium skin tone	1F470
variant	person-role	1F470 1F3FE	person with veil: medium-dark skin tone	1F470
variant	person-role	1F470 1F3FF	person with veil: dark skin tone	1F470
people	person-role	1F470 200D 2642 FE0F	man with veil	
variant	person-role	1F470 1F3FB 200D 2642 FE0F	man with veil: light skin tone	1F470 200D 2642 FE0F
variant	person-role	1F470 1F3FC 200D 2642 FE0F	man with veil: medium-light skin tone	1F470 200D 2642 FE0F
variant	person-role	1F470 1F3FD 200D 2642 FE0F	man with veil: medium skin tone	1F470 200D 2642 FE0F
variant	person-role	1F470 1F3FE 200D 2642 FE0F	man with veil: medium-dark skin tone	1F470 200D 2642 FE0F
variant	person-role	1F470 1F3FF 200D 2642 FE0F	man with veil: dark skin tone	1F470 200D 2642 FE0F
people	person-role	1F470 200D 2640 FE0F	woman with veil	
variant	person-role	1F470 1F3FB 200D 2640 FE0F	woman with veil: light skin tone	1F470 200D 2640 FE0F
variant	person-role	1F470 1F3FC 200D 2640 FE0F	woman with veil: medium-light skin tone	1F470 200D 2640 FE0F
variant	person-role	1F470 1F3FD 200D 2640 FE0F	woman with veil: medium skin tone	1F470 200D 2640 FE0F
variant	person-role	1F470 1F3FE 200D 2640 FE0F	woman with veil: medium-dark skin tone	1F470 200D 2640 FE0F
variant	person-role	1F470 1F3FF 200D 2640 FE0F	woman with veil: dark skin tone	1F470 200D 2640 FE0F
people	person-role	1F930	pregnant woman	
variant	person-role	1F930 1F3FB	pregnant woman: light skin tone	1F930
variant	person-role	1F930 1F3FC	pregnant woman: medium-light skin tone	1F930
variant	person-role	1F930 1F3FD	pregnant woman: medium skin tone	1F930
variant	person-role	1F930 1F3FE	pregnant woman: medium-dark skin tone	1F930
variant	person-role	1F930 1F3FF	pregnant woman: dark skin tone	1F930
people	person-role	1FAC3	pregnant man	
variant	person-role	1FAC3 1F3FB	pregnant man: light skin tone	1FAC3
variant	person-role	1FAC3 1F3FC	pregnant man: medium-light skin tone	1FAC3
variant	person-role	1FAC3 1F3FD	pregnant man: medium skin tone	1FAC3
variant	person-role	1FAC3 1F3FE	pregnant man: medium-dark skin tone	1FAC3
variant	person-role	1FAC3 1F3FF	pregnant man: dark skin tone	1FAC3
people	person-role	1FAC4	pregnant person	
variant	person-role	1FAC4 1F3FB	pregnant person: light skin tone	1FAC4
variant	person-role	1FAC4 1F3FC	pregnant person: medium-light skin tone	1FAC4
variant	person-role	1FAC4 1F3FD	pregnant person: medium skin tone	1FAC4
variant	person-role	1FAC4 1F3FE	pregnant person: medium-dark skin tone	1FAC4
variant	person-role	1FAC4 1F3FF	pregnant person: dark skin tone	1FAC4
people	person-role	1F931	breast-feeding	
variant	person-role	1F931 1F3FB	breast-feeding: light skin tone	1F931
variant	person-role	1F931 1F3FC	breast-feeding: medium-light skin tone	1F931
variant	person-role	1F931 1F3FD	breast-feeding: medium skin tone	1F931
variant	person-role	1F931 1F3FE	breast-feeding: medium-dark skin tone	1F931
variant	person-role	1F931 1F3FF	breast-feeding: dark skin tone	1F931
people	person-role	1F469 200D 1F37C	woman feeding baby	
variant	person-role	1F469 1F3FB 200D 1F37C	woman feeding baby: light skin tone	1F469 200D 1F37C
variant	person-role	1F469 1F3FC 200D 1F37C	woman feeding baby: medium-light skin tone	1F469 200D 1F37C
variant	person-role	1F469 1F3FD 200D 1F37C	woman feeding baby: medium skin tone	1F469 200D 1F37C
variant	person-role	1F469 1F3FE 200D 1F37C	woman feeding baby: medium-dark skin tone	1F469 200D 1F37C
variant	person-role	1F469 1F3FF 200D 1F37C	woman feeding baby: dark skin tone	1F469 200D 1F37C
people	person-role	1F468 200D 1F37C	man feeding baby	
variant	person-role	1F468 1F3FB 200D 1F37C	man feeding baby: light skin tone	1F468 200D 1F37C
variant	person-role	1F468 1F3FC 200D 1F37C	man feeding baby: medium-light skin tone	1F468 200D 1F37C
variant	person-role	1F468 1F3FD 200D 1F37C	man feeding baby: medium skin tone	1F468 200D 1F37C
variant	person-role	1F468 1F3FE 200D 1F37C	man feeding baby: medium-dark skin tone	1F468 200D 1F37C
variant	person-role	1F468 1F3FF 200D 1F37C	man feeding baby: dark skin tone	1F468 200D 1F37C
people	person-role	1F9D1 200D 1F37C	person feeding baby	
variant	person-role	1F9D1 1F3FB 200D 1F37C	person feeding baby: light skin tone	1F9D1 200D 1F37C
variant	person-role	1F9D1 1F3FC 200D 1F37C	person feeding baby: medium-light skin tone	1F9D1 200D 1F37C
variant	person-role	1F9D1 1F3FD 200D 1F37C	person feeding baby: medium skin tone	1F9D1 200D 1F37C
variant	person-role	1F9D1 1F3FE 200D 1F37C	person feeding baby: medium-dark skin tone	1F9D1 200D 1F37C
variant	person-role	1F9D1 1F3FF 200D 1F37C	person feeding baby: dark skin tone	1F9D1 200D 1F37C
people	person-fantasy	1F47C	baby angel	
variant	person-fantasy	1F47C 1F3FB	baby angel: light skin tone	1F47C
variant	person-fantasy	1F47C 1F3FC	baby angel: medium-light skin tone	1F47C
variant	person-fantasy	1F47C 1F3FD	baby angel: medium skin tone	1F47C
variant	person-fantasy	1F47C 1F3FE	baby angel: medium-dark skin tone	1F47C
variant	person-fantasy	1F47C 1F3FF	baby angel: dark skin tone	1F47C
people	person-fantasy	1F385	Santa Claus	
variant	person-fantasy	1F385 1F3FB	Santa Claus: light skin tone	1F385
variant	person-fantasy	1F385 1F3FC	Santa Claus: medium-light skin tone	1F385
variant	person-fantasy	1F385 1F3FD	Santa Claus: medium skin tone	1F385
variant	person-fantasy	1F385 1F3FE	Santa Claus: medium-dark skin tone	1F385
variant	person-fantasy	1F385 1F3FF	Santa Claus: dark skin tone	1F385
people	person-fantasy	1F936	Mrs. Claus	
variant	person-fantasy	1F936 1F3FB	Mrs. Claus: light skin tone	1F936
variant	person-fantasy	1F936 1F3FC	Mrs. Claus: medium-light skin tone	1F936
variant	person-fantasy	1F936 1F3FD	Mrs. Claus: medium skin tone	1F936
variant	person-fantasy	1F936 1F3FE	Mrs. Claus: medium-dark skin tone	1F936
variant	person-fantasy	1F936 1F3FF	Mrs. Claus: dark skin tone	1F936
people	person-fantasy	1F9D1 200D 1F384	mx claus	
variant	person-fantasy	1F9D1 1F3FB 200D 1F384	mx claus: light skin tone	1F9D1 200D 1F384
variant	person-fantasy	1F9D1 1F3FC 200D 1F384	mx claus: medium-light skin tone	1F9D1 200D 1F384
variant	person-fantasy	1F9D1 1F3FD 200D 1F384	mx claus: medium skin tone	1F9D1 200D 1F384
variant	person-fantasy	1F9D1 1F3FE 200D 1F384	mx claus: medium-dark skin tone	1F9D1 200D 1F384
variant	person-fantasy	1F9D1 1F3FF 200D 1F384	mx claus: dark skin tone	1F9D1 200D 1F384
people	person-fantasy	1F9B8	superhero	
variant	person-fantasy	1F9B8 1F3FB	superhero: light skin tone	1F9B8
variant	person-fantasy	1F9B8 1F3FC	superhero: medium-light skin tone	1F9B8
variant	person-fantasy	1F9B8 1F3FD	superhero: medium skin tone	1F9B8
variant	person-fantasy	1F9B8 1F3FE	superhero: medium-dark skin tone	1F9B8
variant	person-fantasy	1F9B8 1F3FF	superhero: dark skin tone	1F9B8
people	person-fantasy	1F9B8 200D 2642 FE0F	man superhero	
variant	person-fantasy	1F9B8 1F3FB 200D 2642 FE0F	man superhero: light skin tone	1F9B8 200D 2642 FE0F
variant	person-fantasy	1F9B8 1F3FC 200D 2642 FE0F	man superhero: medium-light skin tone	1F9B8 200D 2642 FE0F
variant	person-fantasy	1F9B8 1F3FD 200D 2642 FE0F	man superhero: medium skin tone	1F9B8 200D 2642 FE0F
variant	person-fantasy	1F9B8 1F3FE 200D 2642 FE0F	man superhero: medium-dark skin tone	1F9B8 200D 2642 FE0F
variant	person-fantasy	1F9B8 1F3FF 200D 2642 FE0F	man superhero: dark skin tone	1F9B8 200D 2642 FE0F
people	person-fantasy	1F9B8 200D 2640 FE0F	woman superhero	
variant	person-fantasy	1F9B8 1F3FB 200D 2640 FE0F	woman superhero: light skin tone	1F9B8 200D 2640 FE0F
variant	person-fantasy	1F9B8 1F3FC 200D 2640 FE0F	woman superhero: medium-light skin tone	1F9B8 200D 2640 FE0F
variant	person-fantasy	1F9B8 1F3FD 200D 2640 FE0F	woman superhero: medium skin tone	1F9B8 200D 2640 FE0F
variant	person-fantasy	1F9B8 1F3FE 200D 2640 FE0F	woman superhero: medium-dark skin tone	1F9B8 200D 2640 FE0F
variant	person-fantasy	1F9B8 1F3FF 200D 2640 FE0F	woman superhero: dark skin tone	1F9B8 200D 2640 FE0F
people	person-fantasy	1F9B9	supervillain	
variant	person-fantasy	1F9B9 1F3FB	supervillain: light skin tone	1F9B9
variant	person-fantasy	1F9B9 1F3FC	supervillain: medium-light skin tone	1F9B9
variant	person-fantasy	1F9B9 1F3FD	supervillain: medium skin tone	1F9B9
variant	person-fantasy	1F9B9 1F3FE	supervillain: medium-dark skin tone	1F9B9
variant	person-fantasy	1F9B9 1F3FF	supervillain: dark skin tone	1F9B9
people	person-fantasy	1F9B9 200D 2642 FE0F	man supervillain	
variant	person-fantasy	1F9B9 1F3FB 200D 2642 FE0F	man supervillain: light skin tone	1F9B9 200D 2642 FE0F
variant	person-fantasy	1F9B9 1F3FC 200D 2642 FE0F	man supervillain: medium-light skin tone	1F9B9 200D 2642 FE0F
variant	person-fantasy	1F9B9 1F3FD 200D 2642 FE0F	man supervillain: medium skin tone	1F9B9 200D 2642 FE0F
variant	person-fantasy	1F9B9 1F3FE 200D 2642 FE0F	man supervillain: medium-dark skin tone	1F9B9 200D 2642 FE0F
variant	person-fantasy	1F9B9 1F3FF 200D 2642 FE0F	man supervillain: dark skin tone	1F9B9 200D 2642 FE0F
people	person-fantasy	1F9B9 200D 2640 FE0F	woman supervillain	
variant	person-fantasy	1F9B9 1F3FB 200D 2640 FE0F	woman supervillain: light skin tone	1F9B9 200D 2640 FE0F
variant	person-fantasy	1F9B9 1F3FC 200D 2640 FE0F	woman supervillain: medium-light skin tone	1F9B9 200D 2640 FE0F
variant	person-fantasy	1F9B9 1F3FD 200D 2640 FE0F	woman supervillain: medium skin tone	1F9B9 200D 2640 FE0F
variant	person-fantasy	1F9B9 1F3FE 200D 2640 FE0F	woman supervillain: medium-dark skin tone	1F9B9 200D 2640 FE0F
variant	person-fantasy	1F9B9 1F3FF 200D 2640 FE0F	woman supervillain: dark skin tone	1F9B9 200D 2640 FE0F
people	person-fantasy	1F9D9	mage	
variant	person-fantasy	1F9D9 1F3FB	mage: light skin tone	1F9D9
variant	person-fantasy	1F9D9 1F3FC	mage: medium-light skin tone	1F9D9
variant	person-fantasy	1F9D9 1F3FD	mage: medium skin tone	1F9D9
variant	person-fantasy	1F9D9 1F3FE	mage: medium-dark skin tone	1F9D9
variant	person-fantasy	1F9D9 1F3FF	mage: dark skin tone	1F9D9
people	person-fantasy	1F9D9 200D 2642 FE0F	man mage	
variant	person-fantasy	1F9D9 1F3FB 200D 2642 FE0F	man mage: light skin tone	1F9D9 200D 2642 FE0F
variant	person-fantasy	1F9D9 1F3FC 200D 2642 FE0F	man mage: medium-light skin tone	1F9D9 200D 2642 FE0F
variant	person-fantasy	1F9D9 1F3FD 200D 2642 FE0F	man mage: medium skin tone	1F9D9 200D 2642 FE0F
variant	person-fantasy	1F9D9 1F3FE 200D 2642 FE0F	man mage: medium-dark skin tone	1F9D9 200D 2642 FE0F
variant	person-fantasy	1F9D9 1F3FF 200D 2642 FE0F	man mage: dark skin tone	1F9D9 200D 2642 FE0F
people	person-fantasy	1F9D9 200D 2640 FE0F	woman mage	
variant	person-fantasy	1F9D9 1F3FB 200D 2640 FE0F	woman mage: light skin tone	1F9D9 200D 2640 FE0F
variant	person-fantasy	1F9D9 1F3FC 200D 2640 FE0F	woman mage: medium-light skin tone	1F9D9 200D 2640 FE0F
variant	person-fantasy	1F9D9 1F3FD 200D 2640 FE0F	woman mage: medium skin tone	1F9D9 200D 2640 FE0F
variant	person-fantasy	1F9D9 1F3FE 200D 2640 FE0F	woman mage: medium-dark skin tone	1F9D9 200D 2640 FE0F
variant	person-fantasy	1F9D9 1F3FF 200D 2640 FE0F	woman mage: dark skin tone	1F9D9 200D 2640 FE0F
people	person-fantasy	1F9DA	fairy	
variant	person-fantasy	1F9DA 1F3FB	fairy: light skin tone	1F9DA
variant	person-fantasy	1F9DA 1F3FC	fairy: medium-light skin tone	1F9DA
variant	person-fantasy	1F9DA 1F3FD	fairy: medium skin tone	1F9DA
variant	person-fantasy	1F9DA 1F3FE	fairy: medium-dark skin tone	1F9DA
variant	person-fantasy	1F9DA 1F3FF	fairy: dark skin tone	1F9DA
people	person-fantasy	1F9DA 200D 2642 FE0F	man fairy	
variant	person-fantasy	1F9DA 1F3FB 200D 2642 FE0F	man fairy: light skin tone	1F9DA 200D 2642 FE0F
variant	person-fantasy	1F9DA 1F3FC 200D 2642 FE0F	man fairy: medium-light skin tone	1F9DA 200D 2642 FE0F
variant	person-fantasy	1F9DA 1F3FD 200D 2642 FE0F	man fairy: medium skin tone	1F9DA 200D 2642 FE0F
variant	person-fantasy	1F9DA 1F3FE 200D 2642 FE0F	man fairy: medium-dark skin tone	1F9DA 200D 2642 FE0F
variant	person-fantasy	1F9DA 1F3FF 200D 2642 FE0F	man fairy: dark skin tone	1F9DA 200D 2642 FE0F
people	person-fantasy	1F9DA 200D 2640 FE0F	woman fairy	
variant	person-fantasy	1F9DA 1F3FB 200D 2640 FE0F	woman fairy: light skin tone	1F9DA 200D 2640 FE0F
variant	person-fantasy	1F9DA 1F3FC 200D 2640 FE0F	woman fairy: medium-light skin tone	1F9DA 200D 2640 FE0F
variant	person-fantasy	1F9DA 1F3FD 200D 2640 FE0F	woman fairy: medium skin tone	1F9DA 200D 2640 FE0F
variant	person-fantasy	1F9DA 1F3FE 200D 2640 FE0F	woman fairy: medium-dark skin tone	1F9DA 200D 2640 FE0F
variant	person-fantasy	1F9DA 1F3FF 200D 2640 FE0F	woman fairy: dark skin tone	1F9DA 200D 2640 FE0F
people	person-fantasy	1F9DB	vampire	
variant	person-fantasy	1F9DB 1F3FB	vampire: light skin tone	1F9DB
variant	person-fantasy	1F9DB 1F3FC	vampire: medium-light skin tone	1F9DB
variant	person-fantasy	1F9DB 1F3FD	vampire: medium skin tone	1F9DB
variant	person-fantasy	1F9DB 1F3FE	vampire: medium-dark skin tone	1F9DB
variant	person-fantasy	1F9DB 1F3FF	vampire: dark skin tone	1F9DB
people	person-fantasy	1F9DB 200D 2642 FE0F	man vampire	
variant	person-fantasy	1F9DB 1F3FB 200D 2642 FE0F	man vampire: light skin tone	1F9DB 200D 2642 FE0F
variant	person-fantasy	1F9DB 1F3FC 200D 2642 FE0F	man vampire: medium-light skin tone	1F9DB 200D 2642 FE0F
variant	person-fantasy	1F9DB 1F3FD 200D 2642 FE0F	man vampire: medium skin tone	1F9DB 200D 2642 FE0F
variant	person-fantasy	1F9DB 1F3FE 200D 2642 FE0F	man vampire: medium-dark skin tone	1F9DB 200D 2642 FE0F
variant	person-fantasy	1F9DB 1F3FF 200D 2642 FE0F	man vampire: dark skin tone	1F9DB 200D 2642 FE0F
people	person-fantasy	1F9DB 200D 2640 FE0F	woman vampire	
variant	person-fantasy	1F9DB 1F3FB 200D 2640 FE0F	woman vampire: light skin tone	1F9DB 200D 2640 FE0F
variant	person-fantasy	1F9DB 1F3FC 200D 2640 FE0F	woman vampire: medium-light skin tone	1F9DB 200D 2640 FE0F
variant	person-fantasy	1F9DB 1F3FD 200D 2640 FE0F	woman vampire: medium skin tone	1F9DB 200D 2640 FE0F
variant	person-fantasy	1F9DB 1F3FE 200D 2640 FE0F	woman vampire: medium-dark skin tone	1F9DB 200D 2640 FE0F
variant	person-fantasy	1F9DB 1F3FF 200D 2640 FE0F	woman vampire: dark skin tone	1F9DB 200D 2640 FE0F
people	person-fantasy	1F9DC	merperson	
variant	person-fantasy	1F9DC 1F3FB	merperson: light skin tone	1F9DC
variant	person-fantasy	1F9DC 1F3FC	merperson: medium-light skin tone	1F9DC
variant	person-fantasy	1F9DC 1F3FD	merperson: medium skin tone	1F9DC
variant	person-fantasy	1F9DC 1F3FE	merperson: medium-dark skin tone	1F9DC
variant	person-fantasy	1F9DC 1F3FF	merperson: dark skin tone	1F9DC
people	person-fantasy	1F9DC 200D 2642 FE0F	merman	
variant	person-fantasy	1F9DC 1F3FB 200D 2642 FE0F	merman: light skin tone	1F9DC 200D 2642 FE0F
variant	person-fantasy	1F9DC 1F3FC 200D 2642 FE0F	merman: medium-light skin tone	1F9DC 200D 2642 FE0F
variant	person-fantasy	1F9DC 1F3FD 200D 2642 FE0F	merman: medium skin tone	1F9DC 200D 2642 FE0F
variant	person-fantasy	1F9DC 1F3FE 200D 2642 FE0F	merman: medium-dark skin tone	1F9DC 200D 2642 FE0F
variant	person-fantasy	1F9DC 1F3FF 200D 2642 FE0F	merman: dark skin tone	1F9DC 200D 2642 FE0F
people	person-fantasy	1F9DC 200D 2640 FE0F	mermaid	
variant	person-fantasy	1F9DC 1F3FB 200D 2640 FE0F	mermaid: light skin tone	1F9DC 200D 2640 FE0F
variant	person-fantasy	1F9DC 1F3FC 200D 2640 FE0F	mermaid: medium-light skin tone	1F9DC 200D 2640 FE0F
variant	person-fantasy	1F9DC 1F3FD 200D 2640 FE0F	mermaid: medium skin tone	1F9DC 200D 2640 FE0F
variant	person-fantasy	1F9DC 1F3FE 200D 2640 FE0F	mermaid: medium-dark skin tone	1F9DC 200D 2640 FE0F
variant	person-fantasy	1F9DC 1F3FF 200D 2640 FE0F	mermaid: dark skin tone	1F9DC 200D 2640 FE0F
people	person-fantasy	1F9DD	elf	
variant	person-fantasy	1F9DD 1F3FB	elf: light skin tone	1F9DD
variant	person-fantasy	1F9DD 1F3FC	elf: medium-light skin tone	1F9DD
variant	person-fantasy	1F9DD 1F3FD	elf: medium skin tone	1F9DD
variant	person-fantasy	1F9DD 1F3FE	elf: medium-dark skin tone	1F9DD
variant	person-fantasy	1F9DD 1F3FF	elf: dark skin tone	1F9DD
people	person-fantasy	1F9DD 200D 2642 FE0F	man elf	
variant	person-fantasy	1F9DD 1F3FB 200D 2642 FE0F	man elf: light skin tone	1F9DD 200D 2642 FE0F
variant	person-fantasy	1F9DD 1F3FC 200D 2642 FE0F	man elf: medium-light skin tone	1F9DD 200D 2642 FE0F
variant	person-fantasy	1F9DD 1F3FD 200D 2642 FE0F	man elf: medium skin tone	1F9DD 200D 2642 FE0F
variant	person-fantasy	1F9DD 1F3FE 200D 2642 FE0F	man elf: medium-dark skin tone	1F9DD 200D 2642 FE0F
variant	person-fantasy	1F9DD 1F3FF 200D 2642 FE0F	man elf: dark skin tone	1F9DD 200D 2642 FE0F
people	person-fantasy	1F9DD 200D 2640 FE0F	woman elf	
variant	person-fantasy	1F9DD 1F3FB 200D 2640 FE0F	woman elf: light skin tone	1F9DD 200D 2640 FE0F
variant	person-fantasy	1F9DD 1F3FC 200D 2640 FE0F	woman elf: medium-light skin tone	1F9DD 200D 2640 FE0F
variant	person-fantasy	1F9DD 1F3FD 200D 2640 FE0F	woman elf: medium skin tone	1F9DD 200D 2640 FE0F
variant	person-fantasy	1F9DD 1F3FE 200D 2640 FE0F	woman elf: medium-dark skin tone	1F9DD 200D 2640 FE0F
variant	person-fantasy	1F9DD 1F3FF 200D 2640 FE0F	woman elf: dark skin tone	1F9DD 200D 2640 FE0F
people	person-fantasy	1F9DE	genie	
people	person-fantasy	1F9DE 200D 2642 FE0F	man genie	
people	person-fantasy	1F9DE 200D 2640 FE0F	woman genie	
people	person-fantasy	1F9DF	zombie	
people	person-fantasy	1F9DF 200D 2642 FE0F	man zombie	
people	person-fantasy	1F9DF 200D 2640 FE0F	woman zombie	
people	person-fantasy	1F9CC	troll	
people	person-activity	1F486	person getting massage	
variant	person-activity	1F486 1F3FB	person getting massage: light skin tone	1F486
variant	person-activity	1F486 1F3FC	person getting massage: medium-light skin tone	1F486
variant	person-activity	1F486 1F3FD	person getting massage: medium skin tone	1F486
variant	person-activity	1F486 1F3FE	person getting massage: medium-dark skin tone	1F486
variant	person-activity	1F486 1F3FF	person getting massage: dark skin tone	1F486
people	person-activity	1F486 200D 2642 FE0F	man getting massage	
variant	person-activity	1F486 1F3FB 200D 2642 FE0F	man getting massage: light skin tone	1F486 200D 2642 FE0F
variant	person-activity	1F486 1F3FC 200D 2642 FE0F	man getting massage: medium-light skin tone	1F486 200D 2642 FE0F
variant	person-activity	1F486 1F3FD 200D 2642 FE0F	man getting massage: medium skin tone	1F486 200D 2642 FE0F
variant	person-activity	1F486 1F3FE 200D 2642 FE0F	man getting massage: medium-dark skin tone	1F486 200D 2642 FE0F
variant	person-activity	1F486 1F3FF 200D 2642 FE0F	man getting massage: dark skin tone	1F486 200D 2642 FE0F
people	person-activity	1F486 200D 2640 FE0F	woman getting massage	
variant	person-activity	1F486 1F3FB 200D 2640 FE0F	woman getting massage: light skin tone	1F486 200D 2640 FE0F
variant	person-activity	1F486 1F3FC 200D 2640 FE0F	woman getting massage: medium-light skin tone	1F486 200D 2640 FE0F
variant	person-activity	1F486 1F3FD 200D 2640 FE0F	woman getting massage: medium skin tone	1F486 200D 2640 FE0F
variant	person-activity	1F486 1F3FE 200D 2640 FE0F	woman getting massage: medium-dark skin tone	1F486 200D 2640 FE0F
variant	person-activity	1F486 1F3FF 200D 2640 FE0F	woman getting massage: dark skin tone	1F486 200D 2640 FE0F
people	person-activity	1F487	person getting haircut	
variant	person-activity	1F487 1F3FB	person getting haircut: light skin tone	1F487
variant	person-activity	1F487 1F3FC	person getting haircut: medium-light skin tone	1F487
variant	person-activity	1F487 1F3FD	person getting haircut: medium skin tone	1F487
variant	person-activity	1F487 1F3FE	person getting haircut: medium-dark skin tone	1F487
variant	person-activity	1F487 1F3FF	person getting haircut: dark skin tone	1F487
people	person-activity	1F487 200D 2642 FE0F	man getting haircut	
variant	person-activity	1F487 1F3FB 200D 2642 FE0F	man getting haircut: light skin tone	1F487 200D 2642 FE0F
variant	person-activity	1F487 1F3FC 200D 2642 FE0F	man getting haircut: medium-light skin tone	1F487 200D 2642 FE0F
variant	person-activity	1F487 1F3FD 200D 2642 FE0F	man getting haircut: medium skin tone	1F487 200D 2642 FE0F
variant	person-activity	1F487 1F3FE 200D 2642 FE0F	man getting haircut: medium-dark skin tone	1F487 200D 2642 FE0F
variant	person-activity	1F487 1F3FF 200D 2642 FE0F	man getting haircut: dark skin tone	1F487 200D 2642 FE0F
people	person-activity	1F487 200D 2640 FE0F	woman getting haircut	
variant	person-activity	1F487 1F3FB 200D 2640 FE0F	woman getting haircut: light skin tone	1F487 200D 2640 FE0F
variant	person-activity	1F487 1F3FC 200D 2640 FE0F	woman getting haircut: medium-light skin tone	1F487 200D 2640 FE0F
variant	person-activity	1F487 1F3FD 200D 2640 FE0F	woman getting haircut: medium skin tone	1F487 200D 2640 FE0F
variant	person-activity	1F487 1F3FE 200D 2640 FE0F	woman getting haircut: medium-dark skin tone	1F487 200D 2640 FE0F
variant	person-activity	1F487 1F3FF 200D 2640 FE0F	woman getting haircut: dark skin tone	1F487 200D 2640 FE0F
people	person-activity	1F6B6	person walking	
variant	person-activity	1F6B6 1F3FB	person walking: light skin tone	1F6B6
variant	person-activity	1F6B6 1F3FC	person walking: medium-light skin tone	1F6B6
variant	person-activity	1F6B6 1F3FD	person walking: medium skin tone	1F6B6
variant	person-activity	1F6B6 1F3FE	person walking: medium-dark skin tone	1F6B6
variant	person-activity	1F6B6 1F3FF	person walking: dark skin tone	1F6B6
people	person-activity	1F6B6 200D 2642 FE0F	man walking	
variant	person-activity	1F6B6 1F3FB 200D 2642 FE0F	man walking: light skin tone	1F6B6 200D 2642 FE0F
variant	person-activity	1F6B6 1F3FC 200D 2642 FE0F	man walking: medium-light skin tone	1F6B6 200D 2642 FE0F
variant	person-activity	1F6B6 1F3FD 200D 2642 FE0F	man walking: medium skin tone	1F6B6 200D 2642 FE0F
variant	person-activity	1F6B6 1F3FE 200D 2642 FE0F	man walking: medium-dark skin tone	1F6B6 200D 2642 FE0F
variant	person-activity	1F6B6 1F3FF 200D 2642 FE0F	man walking: dark skin tone	1F6B6 200D 2642 FE0F
people	person-activity	1F6B6 200D 2640 FE0F	woman walking	
variant	person-activity	1F6B6 1F3FB 200D 2640 FE0F	woman walking: light skin tone	1F6B6 200D 2640 FE0F
variant	person-activity	1F6B6 1F3FC 200D 2640 FE0F	woman walking: medium-light skin tone	1F6B6 200D 2640 FE0F
variant	person-activity	1F6B6 1F3FD 200D 2640 FE0F	woman walking: medium skin tone	1F6B6 200D 2640 FE0F
variant	person-activity	1F6B6 1F3FE 200D 2640 FE0F	woman walking: medium-dark skin tone	1F6B6 200D 2640 FE0F
variant	person-activity	1F6B6 1F3FF 200D 2640 FE0F	woman walking: dark skin tone	1F6B6 200D 2640 FE0F
people	person-activity	1F6B6 200D 27A1 FE0F	person walking facing right	
variant	person-activity	1F6B6 1F3FB 200D 27A1 FE0F	person walking facing right: light skin tone	1F6B6 200D 27A1 FE0F
variant	person-activity	1F6B6 1F3FC 200D 27A1 FE0F	person walking facing right: medium-light skin tone	1F6B6 200D 27A1 FE0F
variant	person-activity	1F6B6 1F3FD 200D 27A1 FE0F	person walking facing right: medium skin tone	1F6B6 200D 27A1 FE0F
variant	person-activity	1F6B6 1F3FE 200D 27A1 FE0F	person walking facing right: medium-dark skin tone	1F6B6 200D 27A1 FE0F
variant	person-activity	1F6B6 1F3FF 200D 27A1 FE0F	person walking facing right: dark skin tone	1F6B6 200D 27A1 FE0F
people	person-activity	1F6B6 200D 2640 FE0F 200D 27A1 FE0F	woman walking facing right	
variant	person-activity	1F6B6 1F3FB 200D 2640 FE0F 200D 27A1 FE0F	woman walking facing right: light skin tone	1F6B6 200D 2640 FE0F 200D 27A1 FE0F
variant	person-activity	1F6B6 1F3FC 200D 2640 FE0F 200D 27A1 FE0F	woman walking facing right: medium-light skin tone	1F6B6 200D 2640 FE0F 200D 27A1 FE0F
variant	person-activity	1F6B6 1F3FD 200D 2640 FE0F 200D 27A1 FE0F	woman walking facing right: medium skin tone	1F6B6 200D 2640 FE0F 200D 27A1 FE0F
variant	person-activity	1F6B6 1F3FE 200D 2640 FE0F 200D 27A1 FE0F	woman walking facing right: medium-dark skin tone	1F6B6 200D 2640 FE0F 200D 27A1 FE0F
variant	person-activity	1F6B6 1F3FF 200D 2640 FE0F 200D 27A1 FE0F	woman walking facing right: dark skin tone	1F6B6 200D 2640 FE0F 200D 27A1 FE0F
people	person-activity	1F6B6 200D 2642 FE0F 200D 27A1 FE0F	man walking facing right	
variant	person-activity	1F6B6 1F3FB 200D 2642 FE0F 200D 27A1 FE0F	man walking facing right: light skin tone	1F6B6 200D 2642 FE0F 200D 27A1 FE0F
variant	person-activity	1F6B6 1F3FC 200D 2642 FE0F 200D 27A1 FE0F	man walking facing right: medium-light skin tone	1F6B6 200D 2642 FE0F 200D 27A1 FE0F
variant	person-activity	1F6B6 1F3FD 200D 2642 FE0F 200D 27A1 FE0F	man walking facing right: medium skin tone	1F6B6 200D 2642 FE0F 200D 27A1 FE0F
variant	person-activity	1F6B6 1F3FE 200D 2642 FE0F 200D 27A1 FE0F	man walking facing right: medium-dark skin tone	1F6B6 200D 2642 FE0F 200D 27A1 FE0F
variant	person-activity	1F6B6 1F3FF 200D 2642 FE0F 200D 27A1 FE0F	man walking facing right: dark skin tone	1F6B6 200D 2642 FE0F 200D 27A1 FE0F
people	person-activity	1F9CD	person standing	
variant	person-activity	1F9CD 1F3FB	person standing: light skin tone	1F9CD
variant	person-activity	1F9CD 1F3FC	person standing: medium-light skin tone	1F9CD
variant	person-activity	1F9CD 1F3FD	person standing: medium skin tone	1F9CD
variant	person-activity	1F9CD 1F3FE	person standing: medium-dark skin tone	1F9CD
variant	person-activity	1F9CD 1F3FF	person standing: dark skin tone	1F9CD
people	person-activity	1F9CD 200D 2642 FE0F	man standing	
variant	person-activity	1F9CD 1F3FB 200D 2642 FE0F	man standing: light skin tone	1F9CD 200D 2642 FE0F
variant	person-activity	1F9CD 1F3FC 200D 2642 FE0F	man standing: medium-light skin tone	1F9CD 200D 2642 FE0F
variant	person-activity	1F9CD 1F3FD 200D 2642 FE0F	man standing: medium skin tone	1F9CD 200D 2642 FE0F
variant	person-activity	1F9CD 1F3FE 200D 2642 FE0F	man standing: medium-dark skin tone	1F9CD 200D 2642 FE0F
variant	person-activity	1F9CD 1F3FF 200D 2642 FE0F	man standing: dark skin tone	1F9CD 200D 2642 FE0F
people	person-activity	1F9CD 200D 2640 FE0F	woman standing	
variant	person-activity	1F9CD 1F3FB 200D 2640 FE0F	woman standing: light skin tone	1F9CD 200D 2640 FE0F
variant	person-activity	1F9CD 1F3FC 200D 2640 FE0F	woman standing: medium-light skin tone	1F9CD 200D 2640 FE0F
variant	person-activity	1F9CD 1F3FD 200D 2640 FE0F	woman standing: medium skin tone	1F9CD 200D 2640 FE0F
variant	person-activity	1F9CD 1F3FE 200D 2640 FE0F	woman standing: medium-dark skin tone	1F9CD 200D 2640 FE0F
variant	person-activity	1F9CD 1F3FF 200D 2640 FE0F	woman standing: dark skin tone	1F9CD 200D 2640 FE0F
people	person-activity	1F9CE	person kneeling	
variant	person-activity	1F9CE 1F3FB	person kneeling: light skin tone	1F9CE
variant	person-activity	1F9CE 1F3FC	person kneeling: medium-light skin tone	1F9CE
variant	person-activity	1F9CE 1F3FD	person kneeling: medium skin tone	1F9CE
variant	person-activity	1F9CE 1F3FE	person kneeling: medium-dark skin tone	1F9CE
variant	person-activity	1F9CE 1F3FF	person kneeling: dark skin tone	1F9CE
people	person-activity	1F9CE 200D 2642 FE0F	man kneeling	
variant	person-activity	1F9CE 1F3FB 200D 2642 FE0F	man kneeling: light skin tone	1F9CE 200D 2642 FE0F
variant	person-activity	1F9CE 1F3FC 200D 2642 FE0F	man kneeling: medium-light skin tone	1F9CE 200D 2642 FE0F
variant	person-activity	1F9CE 1F3FD 200D 2642 FE0F	man kneeling: medium skin tone	1F9CE 200D 2642 FE0F
variant	person-activity	1F9CE 1F3FE 200D 2642 FE0F	man kneeling: medium-dark skin tone	1F9CE 200D 2642 FE0F
variant	person-activity	1F9CE 1F3FF 200D 2642 FE0F	man kneeling: dark skin tone	1F9CE 200D 2642 FE0F
people	person-activity	1F9CE 200D 2640 FE0F	woman kneeling	
variant	person-activity	1F9CE 1F3FB 200D 2640 FE0F	woman kneeling: light skin tone	1F9CE 200D 2640 FE0F
variant	person-activity	1F9CE 1F3FC 200D 2640 FE0F	woman kneeling: medium-light skin tone	1F9CE 200D 2640 FE0F
variant	person-activity	1F9CE 1F3FD 200D 2640 FE0F	woman kneeling: medium skin tone	1F9CE 200D 2640 FE0F
variant	person-activity	1F9CE 1F3FE 200D 2640 FE0F	woman kneeling: medium-dark skin tone	1F9CE 200D 2640 FE0F
variant	person-activity	1F9CE 1F3FF 200D 2640 FE0F	woman kneeling: dark skin tone	1F9CE 200D 2640 FE0F
people	person-activity	1F9CE 200D 27A1 FE0F	person kneeling facing right	
variant	person-activity	1F9CE 1F3FB 200D 27A1 FE0F	person kneeling facing right: light skin tone	1F9CE 200D 27A1 FE0F
variant	person-activity	1F9CE 1F3FC 200D 27A1 FE0F	person kneeling facing right: medium-light skin tone	1F9CE 200D 27A1 FE0F
variant	person-activity	1F9CE 1F3FD 200D 27A1 FE0F	person kneeling facing right: medium skin tone	1F9CE 200D 27A1 FE0F
variant	person-activity	1F9CE 1F3FE 200D 27A1 FE0F	person kneeling facing right: medium-dark skin tone	1F9CE 200D 27A1 FE0F
variant	person-activity	1F9CE 1F3FF 200D 27A1 FE0F	person kneeling facing right: dark skin tone	1F9CE 200D 27A1 FE0F
people	person-activity	1F9CE 200D 2640 FE0F 200D 27A1 FE0F	woman kneeling facing right	
variant	person-activity	1F9CE 1F3FB 200D 2640 FE0F 200D 27A1 FE0F	woman kneeling facing right: light skin tone	1F9CE 200D 2640 FE0F 200D 27A1 FE0F
variant	person-activity	1F9CE 1F3FC 200D 2640 FE0F 200D 27A1 FE0F	woman kneeling facing right: medium-light skin tone	1F9CE 200D 2640 FE0F 200D 27A1 FE0F
variant	person-activity	1F9CE 1F3FD 200D 2640 FE0F 200D 27A1 FE0F	woman kneeling facing right: medium skin tone	1F9CE 200D 2640 FE0F 200D 27A1 FE0F
variant	person-activity	1F9CE 1F3FE 200D 2640 FE0F 200D 27A1 FE0F	woman kneeling facing right: medium-dark skin tone	1F9CE 200D 2640 FE0F 200D 27A1 FE0F
variant	person-activity	1F9CE 1F3FF 200D 2640 FE0F 200D 27A1 FE0F	woman kneeling facing right: dark skin tone	1F9CE 200D 2640 FE0F 200D 27A1 FE0F
people	person-activity	1F9CE 200D 2642 FE0F 200D 27A1 FE0F	man kneeling facing right	
variant	person-activity	1F9CE 1F3FB 200D 2642 FE0F 200D 27A1 FE0F	man kneeling facing right: light skin tone	1F9CE 200D 2642 FE0F 200D 27A1 FE0F
variant	person-activity	1F9CE 1F3FC 200D 2642 FE0F 200D 27A1 FE0F	man kneeling facing right: medium-light skin tone	1F9CE 200D 2642 FE0F 200D 27A1 FE0F
variant	person-activity	1F9CE 1F3FD 200D 2642 FE0F 200D 27A1 FE0F	man kneeling facing right: medium skin tone	1F9CE 200D 2642 FE0F 200D 27A1 FE0F
variant	person-activity	1F9CE 1F3FE 200D 2642 FE0F 200D 27A1 FE0F	man kneeling facing right: medium-dark skin tone	1F9CE 200D 2642 FE0F 200D 27A1 FE0F
variant	person-activity	1F9CE 1F3FF 200D 2642 FE0F 200D 27A1 FE0F	man kneeling facing right: dark skin tone	1F9CE 200D 2642 FE0F 200D 27A1 FE0F
people	person-activity	1F9D1 200D 1F9AF	person with white cane	
variant	person-activity	1F9D1 1F3FB 200D 1F9AF	person with white cane: light skin tone	1F9D1 200D 1F9AF
variant	person-activity	1F9D1 1F3FC 200D 1F9AF	person with white cane: medium-light skin tone	1F9D1 200D 1F9AF
variant	person-activity	1F9D1 1F3FD 200D 1F9AF	person with white cane: medium skin tone	1F9D1 200D 1F9AF
variant	person-activity	1F9D1 1F3FE 200D 1F9AF	person with white cane: medium-dark skin tone	1F9D1 200D 1F9AF
variant	person-activity	1F9D1 1F3FF 200D 1F9AF	person with white cane: dark skin tone	1F9D1 200D 1F9AF
people	person-activity	1F9D1 200D 1F9AF 200D 27A1 FE0F	person with white cane facing right	
variant	person-activity	1F9D1 1F3FB 200D 1F9AF 200D 27A1 FE0F	person with white cane facing right: light skin tone	1F9D1 200D 1F9AF 200D 27A1 FE0F
variant	person-activity	1F9D1 1F3FC 200D 1F9AF 200D 27A1 FE0F	person with white cane facing right: medium-light skin tone	1F9D1 200D 1F9AF 200D 27A1 FE0F
variant	person-activity	1F9D1 1F3FD 200D 1F9AF 200D 27A1 FE0F	person with white cane facing right: medium skin tone	1F9D1 200D 1F9AF 200D 27A1 FE0F
variant	person-activity	1F9D1 1F3FE 200D 1F9AF 200D 27A1 FE0F	person with white cane facing right: medium-dark skin tone	1F9D1 200D 1F9AF 200D 27A1 FE0F
variant	person-activity	1F9D1 1F3FF 200D 1F9AF 200D 27A1 FE0F	person with white cane facing right: dark skin tone	1F9D1 200D 1F9AF 200D 27A1 FE0F
people	person-activity	1F468 200D 1F9AF	man with white cane	
variant	person-activity	1F468 1F3FB 200D 1F9AF	man with white cane: light skin tone	1F468 200D 1F9AF
variant	person-activity	1F468 1F3FC 200D 1F9AF	man with white cane: medium-light skin tone	1F468 200D 1F9AF
variant	person-activity	1F468 1F3FD 200D 1F9AF	man with white cane: medium skin tone	1F468 200D 1F9AF
variant	person-activity	1F468 1F3FE 200D 1F9AF	man with white cane: medium-dark skin tone	1F468 200D 1F9AF
variant	person-activity	1F468 1F3FF 200D 1F9AF	man with white cane: dark skin tone	1F468 200D 1F9AF
people	person-activity	1F468 200D 1F9AF 200D 27A1 FE0F	man with white cane facing right	
variant	person-activity	1F468 1F3FB 200D 1F9AF 200D 27A1 FE0F	man with white cane facing right: light skin tone	1F468 200D 1F9AF 200D 27A1 FE0F
variant	person-activity	1F468 1F3FC 200D 1F9AF 200D 27A1 FE0F	man with white cane facing right: medium-light skin tone	1F468 200D 1F9AF 200D 27A1 FE0F
variant	person-activity	1F468 1F3FD 200D 1F9AF 200D 27A1 FE0F	man with white cane facing right: medium skin tone	1F468 200D 1F9AF 200D 27A1 FE0F
variant	person-activity	1F468 1F3FE 200D 1F9AF 200D 27A1 FE0F	man with white cane facing right: medium-dark skin tone	1F468 200D 1F9AF 200D 27A1 FE0F
variant	person-activity	1F468 1F3FF 200D 1F9AF 200D 27A1 FE0F	man with white cane facing right: dark skin tone	1F468 200D 1F9AF 200D 27A1 FE0F
people	person-activity	1F469 200D 1F9AF	woman with white cane	
variant	person-activity	1F469 1F3FB 200D 1F9AF	woman with white cane: light skin tone	1F469 200D 1F9AF
variant	person-activity	1F469 1F3FC 200D 1F9AF	woman with white cane: medium-light skin tone	1F469 200D 1F9AF
variant	person-activity	1F469 1F3FD 200D 1F9AF	woman with white cane: medium skin tone	1F469 200D 1F9AF
variant	person-activity	1F469 1F3FE 200D 1F9AF	woman with white cane: medium-dark skin tone	1F469 200D 1F9AF
variant	person-activity	1F469 1F3FF 200D 1F9AF	woman with white cane: dark skin tone	1F469 200D 1F9AF
people	person-activity	1F469 200D 1F9AF 200D 27A1 FE0F	woman with white cane facing right	
variant	person-activity	1F469 1F3FB 200D 1F9AF 200D 27A1 FE0F	woman with white cane facing right: light skin tone	1F469 200D 1F9AF 200D 27A1 FE0F
variant	person-activity	1F469 1F3FC 200D 1F9AF 200D 27A1 FE0F	woman with white cane facing right: medium-light skin tone	1F469 200D 1F9AF 200D 27A1 FE0F
variant	person-activity	1F469 1F3FD 200D 1F9AF 200D 27A1 FE0F	woman with white cane facing right: medium skin tone	1F469 200D 1F9AF 200D 27A1 FE0F
variant	person-activity	1F469 1F3FE 200D 1F9AF 200D 27A1 FE0F	woman with white cane facing right: medium-dark skin tone	1F469 200D 1F9AF 200D 27A1 FE0F
variant	person-activity	1F469 1F3FF 200D 1F9AF 200D 27A1 FE0F	woman with white cane facing right: dark skin tone	1F469 200D 1F9AF 200D 27A1 FE0F
people	person-activity	1F9D1 200D 1F9BC	person in motorized wheelchair	
variant	person-activity	1F9D1 1F3FB 200D 1F9BC	person in motorized wheelchair: light skin tone	1F9D1 200D 1F9BC
variant	person-activity	1F9D1 1F3FC 200D 1F9BC	person in motorized wheelchair: medium-light skin tone	1F9D1 200D 1F9BC
variant	person-activity	1F9D1 1F3FD 200D 1F9BC	person in motorized wheelchair: medium skin tone	1F9D1 200D 1F9BC
variant	person-activity	1F9D1 1F3FE 200D 1F9BC	person in motorized wheelchair: medium-dark skin tone	1F9D1 200D 1F9BC
variant	person-activity	1F9D1 1F3FF 200D 1F9BC	person in motorized wheelchair: dark skin tone	1F9D1 200D 1F9BC
people	person-activity	1F9D1 200D 1F9BC 200D 27A1 FE0F	person in motorized wheelchair facing right	
variant	person-activity	1F9D1 1F3FB 200D 1F9BC 200D 27A1 FE0F	person in motorized wheelchair facing right: light skin tone	1F9D1 200D 1F9BC 200D 27A1 FE0F
variant	person-activity	1F9D1 1F3FC 200D 1F9BC 200D 27A1 FE0F	person in motorized wheelchair facing right: medium-light skin tone	1F9D1 200D 1F9BC 200D 27A1 FE0F
variant	person-activity	1F9D1 1F3FD 200D 1F9BC 200D 27A1 FE0F	person in motorized wheelchair facing right: medium skin tone	1F9D1 200D 1F9BC 200D 27A1 FE0F
variant	person-activity	1F9D1 1F3FE 200D 1F9BC 200D 27A1 FE0F	person in motorized wheelchair facing right: medium-dark skin tone	1F9D1 200D 1F9BC 200D 27A1 FE0F
variant	person-activity	1F9D1 1F3FF 200D 1F9BC 200D 27A1 FE0F	person in motorized wheelchair facing right: dark skin tone	1F9D1 200D 1F9BC 200D 27A1 FE0F
people	person-activity	1F468 200D 1F9BC	man in motorized wheelchair	
variant	person-activity	1F468 1F3FB 200D 1F9BC	man in motorized wheelchair: light skin tone	1F468 200D 1F9BC
variant	person-activity	1F468 1F3FC 200D 1F9BC	man in motorized wheelchair: medium-light skin tone	1F468 200D 1F9BC
variant	person-activity	1F468 1F3FD 200D 1F9BC	man in motorized wheelchair: medium skin tone	1F468 200D 1F9BC
variant	person-activity	1F468 1F3FE 200D 1F9BC	man in motorized wheelchair: medium-dark skin tone	1F468 200D 1F9BC
variant	person-activity	1F468 1F3FF 200D 1F9BC	man in motorized wheelchair: dark skin tone	1F468 200D 1F9BC
people	person-activity	1F468 200D 1F9BC 200D 27A1 FE0F	man in motorized wheelchair facing right	
variant	person-activity	1F468 1F3FB 200D 1F9BC 200D 27A1 FE0F	man in motorized wheelchair facing right: light skin tone	1F468 200D 1F9BC 200D 27A1 FE0F
variant	person-activity	1F468 1F3FC 200D 1F9BC 200D 27A1 FE0F	man in motorized wheelchair facing right: medium-light skin tone	1F468 200D 1F9BC 200D 27A1 FE0F
variant	person-activity	1F468 1F3FD 200D 1F9BC 200D 27A1 FE0F	man in motorized wheelchair facing right: medium skin tone	1F468 200D 1F9BC 200D 27A1 FE0F
variant	person-activity	1F468 1F3FE 200D 1F9BC 200D 27A1 FE0F	man in motorized wheelchair facing right: medium-dark skin tone	1F468 200D 1F9BC 200D 27A1 FE0F
variant	person-activity	1F468 1F3FF 200D 1F9BC 200D 27A1 FE0F	man in motorized wheelchair facing right: dark skin tone	1F468 200D 1F9BC 200D 27A1 FE0F
people	person-activity	1F469 200D 1F9BC	woman in motorized wheelchair	
variant	person-activity	1F469 1F3FB 200D 1F9BC	woman in motorized wheelchair: light skin tone	1F469 200D 1F9BC
variant	person-activity	1F469 1F3FC 200D 1F9BC	woman in motorized wheelchair: medium-light skin tone	1F469 200D 1F9BC
variant	person-activity	1F469 1F3FD 200D 1F9BC	woman in motorized wheelchair: medium skin tone	1F469 200D 1F9BC
variant	person-activity	1F469 1F3FE 200D 1F9BC	woman in motorized wheelchair: medium-dark skin tone	1F469 200D 1F9BC
variant	person-activity	1F469 1F3FF 200D 1F9BC	woman in motorized wheelchair: dark skin tone	1F469 200D 1F9BC
people	person-activity	1F469 200D 1F9BC 200D 27A1 FE0F	woman in motorized wheelchair facing right	
variant	person-activity	1F469 1F3FB 200D 1F9BC 200D 27A1 FE0F	woman in motorized wheelchair facing right: light skin tone	1F469 200D 1F9BC 200D 27A1 FE0F
variant	person-activity	1F469 1F3FC 200D 1F9BC 200D 27A1 FE0F	woman in motorized wheelchair facing right: medium-light skin tone	1F469 200D 1F9BC 200D 27A1 FE0F
variant	person-activity	1F469 1F3FD 200D 1F9BC 200D 27A1 FE0F	woman in motorized wheelchair facing right: medium skin tone	1F469 200D 1F9BC 200D 27A1 FE0F
variant	person-activity	1F469 1F3FE 200D 1F9BC 200D 27A1 FE0F	woman in motorized wheelchair facing right: medium-dark skin tone	1F469 200D 1F9BC 200D 27A1 FE0F
variant	person-activity	1F469 1F3FF 200D 1F9BC 200D 27A1 FE0F	woman in motorized wheelchair facing right: dark skin tone	1F469 200D 1F9BC 200D 27A1 FE0F
people	person-activity	1F9D1 200D 1F9BD	person in manual wheelchair	
variant	person-activity	1F9D1 1F3FB 200D 1F9BD	person in manual wheelchair: light skin tone	1F9D1 200D 1F9BD
variant	person-activity	1F9D1 1F3FC 200D 1F9BD	person in manual wheelchair: medium-light skin tone	1F9D1 200D 1F9BD
variant	person-activity	1F9D1 1F3FD 200D 1F9BD	person in manual wheelchair: medium skin tone	1F9D1 200D 1F9BD
variant	person-activity	1F9D1 1F3FE 200D 1F9BD	person in manual wheelchair: medium-dark skin tone	1F9D1 200D 1F9BD
variant	person-activity	1F9D1 1F3FF 200D 1F9BD	person in manual wheelchair: dark skin tone	1F9D1 200D 1F9BD
people	person-activity	1F9D1 200D 1F9BD 200D 27A1 FE0F	person in manual wheelchair facing right	
variant	person-activity	1F9D1 1F3FB 200D 1F9BD 200D 27A1 FE0F	person in manual wheelchair facing right: light skin tone	1F9D1 200D 1F9BD 200D 27A1 FE0F
variant	person-activity	1F9D1 1F3FC 200D 1F9BD 200D 27A1 FE0F	person in manual wheelchair facing right: medium-light skin tone	1F9D1 200D 1F9BD 200D 27A1 FE0F
variant	person-activity	1F9D1 1F3FD 200D 1F9BD 200D 27A1 FE0F	person in manual wheelchair facing right: medium skin tone	1F9D1 200D 1F9BD 200D 27A1 FE0F
variant	person-activity	1F9D1 1F3FE 200D 1F9BD 200D 27A1 FE0F	person in manual wheelchair facing right: medium-dark skin tone	1F9D1 200D 1F9BD 200D 27A1 FE0F
variant	person-activity	1F9D1 1F3FF 200D 1F9BD 200D 27A1 FE0F	person in manual wheelchair facing right: dark skin tone	1F9D1 200D 1F9BD 200D 27A1 FE0F
people	person-activity	1F468 200D 1F9BD	man in manual wheelchair	
variant	person-activity	1F468 1F3FB 200D 1F9BD	man in manual wheelchair: light skin tone	1F468 200D 1F9BD
variant	person-activity	1F468 1F3FC 200D 1F9BD	man in manual wheelchair: medium-light skin tone	1F468 200D 1F9BD
variant	person-activity	1F468 1F3FD 200D 1F9BD	man in manual wheelchair: medium skin tone	1F468 200D 1F9BD
variant	person-activity	1F468 1F3FE 200D 1F9BD	man in manual wheelchair: medium-dark skin tone	1F468 200D 1F9BD
variant	person-activity	1F468 1F3FF 200D 1F9BD	man in manual wheelchair: dark skin tone	1F468 200D 1F9BD
people	person-activity	1F468 200D 1F9BD 200D 27A1 FE0F	man in manual wheelchair facing right	
variant	person-activity	1F468 1F3FB 200D 1F9BD 200D 27A1 FE0F	man in manual wheelchair facing right: light skin tone	1F468 200D 1F9BD 200D 27A1 FE0F
variant	person-activity	1F468 1F3FC 200D 1F9BD 200D 27A1 FE0F	man in manual wheelchair facing right: medium-light skin tone	1F468 200D 1F9BD 200D 27A1 FE0F
variant	person-activity	1F468 1F3FD 200D 1F9BD 200D 27A1 FE0F	man in manual wheelchair facing right: medium skin tone	1F468 200D 1F9BD 200D 27A1 FE0F
variant	person-activity	1F468 1F3FE 200D 1F9BD 200D 27A1 FE0F	man in manual wheelchair facing right: medium-dark skin tone	1F468 200D 1F9BD 200D 27A1 FE0F
variant	person-activity	1F468 1F3FF 200D 1F9BD 200D 27A1 FE0F	man in manual wheelchair facing right: dark skin tone	1F468 200D 1F9BD 200D 27A1 FE0F
people	person-activity	1F469 200D 1F9BD	woman in manual wheelchair	
variant	person-activity	1F469 1F3FB 200D 1F9BD	woman in manual wheelchair: light skin tone	1F469 200D 1F9BD
variant	person-activity	1F469 1F3FC 200D 1F9BD	woman in manual wheelchair: medium-light skin tone	1F469 200D 1F9BD
variant	person-activity	1F469 1F3FD 200D 1F9BD	woman in manual wheelchair: medium skin tone	1F469 200D 1F9BD
variant	person-activity	1F469 1F3FE 200D 1F9BD	woman in manual wheelchair: medium-dark skin tone	1F469 200D 1F9BD
variant	person-activity	1F469 1F3FF 200D 1F9BD	woman in manual wheelchair: dark skin tone	1F469 200D 1F9BD
people	person-activity	1F469 200D 1F9BD 200D 27A1 FE0F	woman in manual wheelchair facing right	
variant	person-activity	1F469 1F3FB 200D 1F9BD 200D 27A1 FE0F	woman in manual wheelchair facing right: light skin tone	1F469 200D 1F9BD 200D 27A1 FE0F
variant	person-activity	1F469 1F3FC 200D 1F9BD 200D 27A1 FE0F	woman in manual wheelchair facing right: medium-light skin tone	1F469 200D 1F9BD 200D 27A1 FE0F
variant	person-activity	1F469 1F3FD 200D 1F9BD 200D 27A1 FE0F	woman in manual wheelchair facing right: medium skin tone	1F469 200D 1F9BD 200D 27A1 FE0F
variant	person-activity	1F469 1F3FE 200D 1F9BD 200D 27A1 FE0F	woman in manual wheelchair facing right: medium-dark skin tone	1F469 200D 1F9BD 200D 27A1 FE0F
variant	person-activity	1F469 1F3FF 200D 1F9BD 200D 27A1 FE0F	woman in manual wheelchair facing right: dark skin tone	1F469 200D 1F9BD 200D 27A1 FE0F
people	person-activity	1F3C3	person running	
variant	person-activity	1F3C3 1F3FB	person running: light skin tone	1F3C3
variant	person-activity	1F3C3 1F3FC	person running: medium-light skin tone	1F3C3
variant	person-activity	1F3C3 1F3FD	person running: medium skin tone	1F3C3
variant	person-activity	1F3C3 1F3FE	person running: medium-dark skin tone	1F3C3
variant	person-activity	1F3C3 1F3FF	person running: dark skin tone	1F3C3
people	person-activity	1F3C3 200D 2642 FE0F	man running	
variant	person-activity	1F3C3 1F3FB 200D 2642 FE0F	man running: light skin tone	1F3C3 200D 2642 FE0F
variant	person-activity	1F3C3 1F3FC 200D 2642 FE0F	man running: medium-light skin tone	1F3C3 200D 2642 FE0F
variant	person-activity	1F3C3 1F3FD 200D 2642 FE0F	man running: medium skin tone	1F3C3 200D 2642 FE0F
variant	person-activity	1F3C3 1F3FE 200D 2642 FE0F	man running: medium-dark skin tone	1F3C3 200D 2642 FE0F
variant	person-activity	1F3C3 1F3FF 200D 2642 FE0F	man running: dark skin tone	1F3C3 200D 2642 FE0F
people	person-activity	1F3C3 200D 2640 FE0F	woman running	
variant	person-activity	1F3C3 1F3FB 200D 2640 FE0F	woman running: light skin tone	1F3C3 200D 2640 FE0F
variant	person-activity	1F3C3 1F3FC 200D 2640 FE0F	woman running: medium-light skin tone	1F3C3 200D 2640 FE0F
variant	person-activity	1F3C3 1F3FD 200D 2640 FE0F	woman running: medium skin tone	1F3C3 200D 2640 FE0F
variant	person-activity	1F3C3 1F3FE 200D 2640 FE0F	woman running: medium-dark skin tone	1F3C3 200D 2640 FE0F
variant	person-activity	1F3C3 1F3FF 200D 2640 FE0F	woman running: dark skin tone	1F3C3 200D 2640 FE0F
people	person-activity	1F3C3 200D 27A1 FE0F	person running facing right	
variant	person-activity	1F3C3 1F3FB 200D 27A1 FE0F	person running facing right: light skin tone	1F3C3 200D 27A1 FE0F
variant	person-activity	1F3C3 1F3FC 200D 27A1 FE0F	person running facing right: medium-light skin tone	1F3C3 200D 27A1 FE0F
variant	person-activity	1F3C3 1F3FD 200D 27A1 FE0F	person running facing right: medium skin tone	1F3C3 200D 27A1 FE0F
variant	person-activity	1F3C3 1F3FE 200D 27A1 FE0F	person running facing right: medium-dark skin tone	1F3C3 200D 27A1 FE0F
variant	person-activity	1F3C3 1F3FF 200D 27A1 FE0F	person running facing right: dark skin tone	1F3C3 200D 27A1 FE0F
people	person-activity	1F3C3 200D 2640 FE0F 200D 27A1 FE0F	woman running facing right	
variant	person-activity	1F3C3 1F3FB 200D 2640 FE0F 200D 27A1 FE0F	woman running facing right: light skin tone	1F3C3 200D 2640 FE0F 200D 27A1 FE0F
variant	person-activity	1F3C3 1F3FC 200D 2640 FE0F 200D 27A1 FE0F	woman running facing right: medium-light skin tone	1F3C3 200D 2640 FE0F 200D 27A1 FE0F
variant	person-activity	1F3C3 1F3FD 200D 2640 FE0F 200D 27A1 FE0F	woman running facing right: medium skin tone	1F3C3 200D 2640 FE0F 200D 27A1 FE0F
variant	person-activity	1F3C3 1F3FE 200D 2640 FE0F 200D 27A1 FE0F	woman running facing right: medium-dark skin tone	1F3C3 200D 2640 FE0F 200D 27A1 FE0F
variant	person-activity	1F3C3 1F3FF 200D 2640 FE0F 200D 27A1 FE0F	woman running facing right: dark skin tone	1F3C3 200D 2640 FE0F 200D 27A1 FE0F
people	person-activity	1F3C3 200D 2642 FE0F 200D 27A1 FE0F	man running facing right	
variant	person-activity	1F3C3 1F3FB 200D 2642 FE0F 200D 27A1 FE0F	man running facing right: light skin tone	1F3C3 200D 2642 FE0F 200D 27A1 FE0F
variant	person-activity	1F3C3 1F3FC 200D 2642 FE0F 200D 27A1 FE0F	man running facing right: medium-light skin tone	1F3C3 200D 2642 FE0F 200D 27A1 FE0F
variant	person-activity	1F3C3 1F3FD 200D 2642 FE0F 200D 27A1 FE0F	man running facing right: medium skin tone	1F3C3 200D 2642 FE0F 200D 27A1 FE0F
variant	person-activity	1F3C3 1F3FE 200D 2642 FE0F 200D 27A1 FE0F	man running facing right: medium-dark skin tone	1F3C3 200D 2642 FE0F 200D 27A1 FE0F
variant	person-activity	1F3C3 1F3FF 200D 2642 FE0F 200D 27A1 FE0F	man running facing right: dark skin tone	1F3C3 200D 2642 FE0F 200D 27A1 FE0F
people	person-activity	1F483	woman dancing	
variant	person-activity	1F483 1F3FB	woman dancing: light skin tone	1F483
variant	person-activity	1F483 1F3FC	woman dancing: medium-light skin tone	1F483
variant	person-activity	1F483 1F3FD	woman dancing: medium skin tone	1F483
variant	person-activity	1F483 1F3FE	woman dancing: medium-dark skin tone	1F483
variant	person-activity	1F483 1F3FF	woman dancing: dark skin tone	1F483
people	person-activity	1F57A	man dancing	
variant	person-activity	1F57A 1F3FB	man dancing: light skin tone	1F57A
variant	person-activity	1F57A 1F3FC	man dancing: medium-light skin tone	1F57A
variant	person-activity	1F57A 1F3FD	man dancing: medium skin tone	1F57A
variant	person-activity	1F57A 1F3FE	man dancing: medium-dark skin tone	1F57A
variant	person-activity	1F57A 1F3FF	man dancing: dark skin tone	1F57A
people	person-activity	1F574 FE0F	person in suit levitating	
variant	person-activity	1F574 1F3FB	person in suit levitating: light skin tone	1F574
variant	person-activity	1F574 1F3FC	person in suit levitating: medium-light skin tone	1F574
variant	person-activity	1F574 1F3FD	person in suit levitating: medium skin tone	1F574
variant	person-activity	1F574 1F3FE	person in suit levitating: medium-dark skin tone	1F574
variant	person-activity	1F574 1F3FF	person in suit levitating: dark skin tone	1F574
people	person-activity	1F46F	people with bunny ears	
people	person-activity	1F46F 200D 2642 FE0F	men with bunny ears	
people	person-activity	1F46F 200D 2640 FE0F	women with bunny ears	
people	person-activity	1F9D6	person in steamy room	
variant	person-activity	1F9D6 1F3FB	person in steamy room: light skin tone	1F9D6
variant	person-activity	1F9D6 1F3FC	person in steamy room: medium-light skin tone	1F9D6
variant	person-activity	1F9D6 1F3FD	person in steamy room: medium skin tone	1F9D6
variant	person-activity	1F9D6 1F3FE	person in steamy room: medium-dark skin tone	1F9D6
variant	person-activity	1F9D6 1F3FF	person in steamy room: dark skin tone	1F9D6
people	person-activity	1F9D6 200D 2642 FE0F	man in steamy room	
variant	person-activity	1F9D6 1F3FB 200D 2642 FE0F	man in steamy room: light skin tone	1F9D6 200D 2642 FE0F
variant	person-activity	1F9D6 1F3FC 200D 2642 FE0F	man in steamy room: medium-light skin tone	1F9D6 200D 2642 FE0F
variant	person-activity	1F9D6 1F3FD 200D 2642 FE0F	man in steamy room: medium skin tone	1F9D6 200D 2642 FE0F
variant	person-activity	1F9D6 1F3FE 200D 2642 FE0F	man in steamy room: medium-dark skin tone	1F9D6 200D 2642 FE0F
variant	person-activity	1F9D6 1F3FF 200D 2642 FE0F	man in steamy room: dark skin tone	1F9D6 200D 2642 FE0F
people	person-activity	1F9D6 200D 2640 FE0F	woman in steamy room	
variant	person-activity	1F9D6 1F3FB 200D 2640 FE0F	woman in steamy room: light skin tone	1F9D6 200D 2640 FE0F
variant	person-activity	1F9D6 1F3FC 200D 2640 FE0F	woman in steamy room: medium-light skin tone	1F9D6 200D 2640 FE0F
variant	person-activity	1F9D6 1F3FD 200D 2640 FE0F	woman in steamy room: medium skin tone	1F9D6 200D 2640 FE0F
variant	person-activity	1F9D6 1F3FE 200D 2640 FE0F	woman in steamy room: medium-dark skin tone	1F9D6 200D 2640 FE0F
variant	person-activity	1F9D6 1F3FF 200D 2640 FE0F	woman in steamy room: dark skin tone	1F9D6 200D 2640 FE0F
people	person-activity	1F9D7	person climbing	
variant	person-activity	1F9D7 1F3FB	person climbing: light skin tone	1F9D7
variant	person-activity	1F9D7 1F3FC	person climbing: medium-light skin tone	1F9D7
variant	person-activity	1F9D7 1F3FD	person climbing: medium skin tone	1F9D7
variant	person-activity	1F9D7 1F3FE	person climbing: medium-dark skin tone	1F9D7
variant	person-activity	1F9D7 1F3FF	person climbing: dark skin tone	1F9D7
people	person-activity	1F9D7 200D 2642 FE0F	man climbing	
variant	person-activity	1F9D7 1F3FB 200D 2642 FE0F	man climbing: light skin tone	1F9D7 200D 2642 FE0F
variant	person-activity	1F9D7 1F3FC 200D 2642 FE0F	man climbing: medium-light skin tone	1F9D7 200D 2642 FE0F
variant	person-activity	1F9D7 1F3FD 200D 2642 FE0F	man climbing: medium skin tone	1F9D7 200D 2642 FE0F
variant	person-activity	1F9D7 1F3FE 200D 2642 FE0F	man climbing: medium-dark skin tone	1F9D7 200D 2642 FE0F
variant	person-activity	1F9D7 1F3FF 200D 2642 FE0F	man climbing: dark skin tone	1F9D7 200D 2642 FE0F
people	person-activity	1F9D7 200D 2640 FE0F	woman climbing	
variant	person-activity	1F9D7 1F3FB 200D 2640 FE0F	woman climbing: light skin tone	1F9D7 200D 2640 FE0F
variant	person-activity	1F9D7 1F3FC 200D 2640 FE0F	woman climbing: medium-light skin tone	1F9D7 200D 2640 FE0F
variant	person-activity	1F9D7 1F3FD 200D 2640 FE0F	woman climbing: medium skin tone	1F9D7 200D 2640 FE0F
variant	person-activity	1F9D7 1F3FE 200D 2640 FE0F	woman climbing: medium-dark skin tone	1F9D7 200D 2640 FE0F
variant	person-activity	1F9D7 1F3FF 200D 2640 FE0F	woman climbing: dark skin tone	1F9D7 200D 2640 FE0F
people	person-sport	1F93A	person fencing	
people	person-sport	1F3C7	horse racing	
variant	person-sport	1F3C7 1F3FB	horse racing: light skin tone	1F3C7
variant	person-sport	1F3C7 1F3FC	horse racing: medium-light skin tone	1F3C7
variant	person-sport	1F3C7 1F3FD	horse racing: medium skin tone	1F3C7
variant	person-sport	1F3C7 1F3FE	horse racing: medium-dark skin tone	1F3C7
variant	person-sport	1F3C7 1F3FF	horse racing: dark skin tone	1F3C7
people	person-sport	26F7 FE0F	skier	
people	person-sport	1F3C2	snowboarder	
variant	person-sport	1F3C2 1F3FB	snowboarder: light skin tone	1F3C2
variant	person-sport	1F3C2 1F3FC	snowboarder: medium-light skin tone	1F3C2
variant	person-sport	1F3C2 1F3FD	snowboarder: medium skin tone	1F3C2
variant	person-sport	1F3C2 1F3FE	snowboarder: medium-dark skin tone	1F3C2
variant	person-sport	1F3C2 1F3FF	snowboarder: dark skin tone	1F3C2
people	person-sport	1F3CC FE0F	person golfing	
variant	person-sport	1F3CC 1F3FB	person golfing: light skin tone	1F3CC
variant	person-sport	1F3CC 1F3FC	person golfing: medium-light skin tone	1F3CC
variant	person-sport	1F3CC 1F3FD	person golfing: medium skin tone	1F3CC
variant	person-sport	1F3CC 1F3FE	person golfing: medium-dark skin tone	1F3CC
variant	person-sport	1F3CC 1F3FF	person golfing: dark skin tone	1F3CC
people	person-sport	1F3CC FE0F 200D 2642 FE0F	man golfing	
variant	person-sport	1F3CC 1F3FB 200D 2642 FE0F	man golfing: light skin tone	1F3CC 200D 2642 FE0F
variant	person-sport	1F3CC 1F3FC 200D 2642 FE0F	man golfing: medium-light skin tone	1F3CC 200D 2642 FE0F
variant	person-sport	1F3CC 1F3FD 200D 2642 FE0F	man golfing: medium skin tone	1F3CC 200D 2642 FE0F
variant	person-sport	1F3CC 1F3FE 200D 2642 FE0F	man golfing: medium-dark skin tone	1F3CC 200D 2642 FE0F
variant	person-sport	1F3CC 1F3FF 200D 2642 FE0F	man golfing: dark skin tone	1F3CC 200D 2642 FE0F
people	person-sport	1F3CC FE0F 200D 2640 FE0F	woman golfing	
variant	person-sport	1F3CC 1F3FB 200D 2640 FE0F	woman golfing: light skin tone	1F3CC 200D 2640 FE0F
variant	person-sport	1F3CC 1F3FC 200D 2640 FE0F	woman golfing: medium-light skin tone	1F3CC 200D 2640 FE0F
variant	person-sport	1F3CC 1F3FD 200D 2640 FE0F	woman golfing: medium skin tone	1F3CC 200D 2640 FE0F
variant	person-sport	1F3CC 1F3FE 200D 2640 FE0F	woman golfing: medium-dark skin tone	1F3CC 200D 2640 FE0F
variant	person-sport	1F3CC 1F3FF 200D 2640 FE0F	woman golfing: dark skin tone	1F3CC 200D 2640 FE0F
people	person-sport	1F3C4	person surfing	
variant	person-sport	1F3C4 1F3FB	person surfing: light skin tone	1F3C4
variant	person-sport	1F3C4 1F3FC	person surfing: medium-light skin tone	1F3C4
variant	person-sport	1F3C4 1F3FD	person surfing: medium skin tone	1F3C4
variant	person-sport	1F3C4 1F3FE	person surfing: medium-dark skin tone	1F3C4
variant	person-sport	1F3C4 1F3FF	person surfing: dark skin tone	1F3C4
people	person-sport	1F3C4 200D 2642 FE0F	man surfing	
variant	person-sport	1F3C4 1F3FB 200D 2642 FE0F	man surfing: light skin tone	1F3C4 200D 2642 FE0F
variant	person-sport	1F3C4 1F3FC 200D 2642 FE0F	man surfing: medium-light skin tone	1F3C4 200D 2642 FE0F
variant	person-sport	1F3C4 1F3FD 200D 2642 FE0F	man surfing: medium skin tone	1F3C4 200D 2642 FE0F
variant	person-sport	1F3C4 1F3FE 200D 2642 FE0F	man surfing: medium-dark skin tone	1F3C4 200D 2642 FE0F
variant	person-sport	1F3C4 1F3FF 200D 2642 FE0F	man surfing: dark skin tone	1F3C4 200D 2642 FE0F
people	person-sport	1F3C4 200D 2640 FE0F	woman surfing	
variant	person-sport	1F3C4 1F3FB 200D 2640 FE0F	woman surfing: light skin tone	1F3C4 200D 2640 FE0F
variant	person-sport	1F3C4 1F3FC 200D 2640 FE0F	woman surfing: medium-light skin tone	1F3C4 200D 2640 FE0F
variant	person-sport	1F3C4 1F3FD 200D 2640 FE0F	woman surfing: medium skin tone	1F3C4 200D 2640 FE0F
variant	person-sport	1F3C4 1F3FE 200D 2640 FE0F	woman surfing: medium-dark skin tone	1F3C4 200D 2640 FE0F
variant	person-sport	1F3C4 1F3FF 200D 2640 FE0F	woman surfing: dark skin tone	1F3C4 200D 2640 FE0F
people	person-sport	1F6A3	person rowing boat	
variant	person-sport	1F6A3 1F3FB	person rowing boat: light skin tone	1F6A3
variant	person-sport	1F6A3 1F3FC	person rowing boat: medium-light skin tone	1F6A3
variant	person-sport	1F6A3 1F3FD	person rowing boat: medium skin tone	1F6A3
variant	person-sport	1F6A3 1F3FE	person rowing boat: medium-dark skin tone	1F6A3
variant	person-sport	1F6A3 1F3FF	person rowing boat: dark skin tone	1F6A3
people	person-sport	1F6A3 200D 2642 FE0F	man rowing boat	
variant	person-sport	1F6A3 1F3FB 200D 2642 FE0F	man rowing boat: light skin tone	1F6A3 200D 2642 FE0F
variant	person-sport	1F6A3 1F3FC 200D 2642 FE0F	man rowing boat: medium-light skin tone	1F6A3 200D 2642 FE0F
variant	person-sport	1F6A3 1F3FD 200D 2642 FE0F	man rowing boat: medium skin tone	1F6A3 200D 2642 FE0F
variant	person-sport	1F6A3 1F3FE 200D 2642 FE0F	man rowing boat: medium-dark skin tone	1F6A3 200D 2642 FE0F
variant	person-sport	1F6A3 1F3FF 200D 2642 FE0F	man rowing boat: dark skin tone	1F6A3 200D 2642 FE0F
people	person-sport	1F6A3 200D 2640 FE0F	woman rowing boat	
variant	person-sport	1F6A3 1F3FB 200D 2640 FE0F	woman rowing boat: light skin tone	1F6A3 200D 2640 FE0F
variant	person-sport	1F6A3 1F3FC 200D 2640 FE0F	woman rowing boat: medium-light skin tone	1F6A3 200D 2640 FE0F
variant	person-sport	1F6A3 1F3FD 200D 2640 FE0F	woman rowing boat: medium skin tone	1F6A3 200D 2640 FE0F
variant	person-sport	1F6A3 1F3FE 200D 2640 FE0F	woman rowing boat: medium-dark skin tone	1F6A3 200D 2640 FE0F
variant	person-sport	1F6A3 1F3FF 200D 2640 FE0F	woman rowing boat: dark skin tone	1F6A3 200D 2640 FE0F
people	person-sport	1F3CA	person swimming	
variant	person-sport	1F3CA 1F3FB	person swimming: light skin tone	1F3CA
variant	person-sport	1F3CA 1F3FC	person swimming: medium-light skin tone	1F3CA
variant	person-sport	1F3CA 1F3FD	person swimming: medium skin tone	1F3CA
variant	person-sport	1F3CA 1F3FE	person swimming: medium-dark skin tone	1F3CA
variant	person-sport	1F3CA 1F3FF	person swimming: dark skin tone	1F3CA
people	person-sport	1F3CA 200D 2642 FE0F	man swimming	
variant	person-sport	1F3CA 1F3FB 200D 2642 FE0F	man swimming: light skin tone	1F3CA 200D 2642 FE0F
variant	person-sport	1F3CA 1F3FC 200D 2642 FE0F	man swimming: medium-light skin tone	1F3CA 200D 2642 FE0F
variant	person-sport	1F3CA 1F3FD 200D 2642 FE0F	man swimming: medium skin tone	1F3CA 200D 2642 FE0F
variant	person-sport	1F3CA 1F3FE 200D 2642 FE0F	man swimming: medium-dark skin tone	1F3CA 200D 2642 FE0F
variant	person-sport	1F3CA 1F3FF 200D 2642 FE0F	man swimming: dark skin tone	1F3CA 200D 2642 FE0F
people	person-sport	1F3CA 200D 2640 FE0F	woman swimming	
variant	person-sport	1F3CA 1F3FB 200D 2640 FE0F	woman swimming: light skin tone	1F3CA 200D 2640 FE0F
variant	person-sport	1F3CA 1F3FC 200D 2640 FE0F	woman swimming: medium-light skin tone	1F3CA 200D 2640 FE0F
variant	person-sport	1F3CA 1F3FD 200D 2640 FE0F	woman swimming: medium skin tone	1F3CA 200D 2640 FE0F
variant	person-sport	1F3CA 1F3FE 200D 2640 FE0F	woman swimming: medium-dark skin tone	1F3CA 200D 2640 FE0F
variant	person-sport	1F3CA 1F3FF 200D 2640 FE0F	woman swimming: dark skin tone	1F3CA 200D 2640 FE0F
people	person-sport	26F9 FE0F	person bouncing ball	
variant	person-sport	26F9 1F3FB	person bouncing ball: light skin tone	26F9
variant	person-sport	26F9 1F3FC	person bouncing ball: medium-light skin tone	26F9
variant	person-sport	26F9 1F3FD	person bouncing ball: medium skin tone	26F9
variant	person-sport	26F9 1F3FE	person bouncing ball: medium-dark skin tone	26F9
variant	person-sport	26F9 1F3FF	person bouncing ball: dark skin tone	26F9
people	person-sport	26F9 FE0F 200D 2642 FE0F	man bouncing ball	
variant	person-sport	26F9 1F3FB 200D 2642 FE0F	man bouncing ball: light skin tone	26F9 200D 2642 FE0F
variant	person-sport	26F9 1F3FC 200D 2642 FE0F	man bouncing ball: medium-light skin tone	26F9 200D 2642 FE0F
variant	person-sport	26F9 1F3FD 200D 2642 FE0F	man bouncing ball: medium skin tone	26F9 200D 2642 FE0F
variant	person-sport	26F9 1F3FE 200D 2642 FE0F	man bouncing ball: medium-dark skin tone	26F9 200D 2642 FE0F
variant	person-sport	26F9 1F3FF 200D 2642 FE0F	man bouncing ball: dark skin tone	26F9 200D 2642 FE0F
people	person-sport	26F9 FE0F 200D 2640 FE0F	woman bouncing ball	
variant	person-sport	26F9 1F3FB 200D 2640 FE0F	woman bouncing ball: light skin tone	26F9 200D 2640 FE0F
variant	person-sport	26F9 1F3FC 200D 2640 FE0F	woman bouncing ball: medium-light skin tone	26F9 200D 2640 FE0F
variant	person-sport	26F9 1F3FD 200D 2640 FE0F	woman bouncing ball: medium skin tone	26F9 200D 2640 FE0F
variant	person-sport	26F9 1F3FE 200D 2640 FE0F	woman bouncing ball: medium-dark skin tone	26F9 200D 2640 FE0F
variant	person-sport	26F9 1F3FF 200D 2640 FE0F	woman bouncing ball: dark skin tone	26F9 200D 2640 FE0F
people	person-sport	1F3CB FE0F	person lifting weights	
variant	person-sport	1F3CB 1F3FB	person lifting weights: light skin tone	1F3CB
variant	person-sport	1F3CB 1F3FC	person lifting weights: medium-light skin tone	1F3CB
variant	person-sport	1F3CB 1F3FD	person lifting weights: medium skin tone	1F3CB
variant	person-sport	1F3CB 1F3FE	person lifting weights: medium-dark skin tone	1F3CB
variant	person-sport	1F3CB 1F3FF	person lifting weights: dark skin tone	1F3CB
people	person-sport	1F3CB FE0F 200D 2642 FE0F	man lifting weights	
variant	person-sport	1F3CB 1F3FB 200D 2642 FE0F	man lifting weights: light skin tone	1F3CB 200D 2642 FE0F
variant	person-sport	1F3CB 1F3FC 200D 2642 FE0F	man lifting weights: medium-light skin tone	1F3CB 200D 2642 FE0F
variant	person-sport	1F3CB 1F3FD 200D 2642 FE0F	man lifting weights: medium skin tone	1F3CB 200D 2642 FE0F
variant	person-sport	1F3CB 1F3FE 200D 2642 FE0F	man lifting weights: medium-dark skin tone	1F3CB 200D 2642 FE0F
variant	person-sport	1F3CB 1F3FF 200D 2642 FE0F	man lifting weights: dark skin tone	1F3CB 200D 2642 FE0F
people	person-sport	1F3CB FE0F 200D 2640 FE0F	woman lifting weights	
variant	person-sport	1F3CB 1F3FB 200D 2640 FE0F	woman lifting weights: light skin tone	1F3CB 200D 2640 FE0F
variant	person-sport	1F3CB 1F3FC 200D 2640 FE0F	woman lifting weights: medium-light skin tone	1F3CB 200D 2640 FE0F
variant	person-sport	1F3CB 1F3FD 200D 2640 FE0F	woman lifting weights: medium skin tone	1F3CB 200D 2640 FE0F
variant	person-sport	1F3CB 1F3FE 200D 2640 FE0F	woman lifting weights: medium-dark skin tone	1F3CB 200D 2640 FE0F
variant	person-sport	1F3CB 1F3FF 200D 2640 FE0F	woman lifting weights: dark skin tone	1F3CB 200D 2640 FE0F
people	person-sport	1F6B4	person biking	
variant	person-sport	1F6B4 1F3FB	person biking: light skin tone	1F6B4
variant	person-sport	1F6B4 1F3FC	person biking: medium-light skin tone	1F6B4
variant	person-sport	1F6B4 1F3FD	person biking: medium skin tone	1F6B4
variant	person-sport	1F6B4 1F3FE	person biking: medium-dark skin tone	1F6B4
variant	person-sport	1F6B4 1F3FF	person biking: dark skin tone	1F6B4
people	person-sport	1F6B4 200D 2642 FE0F	man biking	
variant	person-sport	1F6B4 1F3FB 200D 2642 FE0F	man biking: light skin tone	1F6B4 200D 2642 FE0F
variant	person-sport	1F6B4 1F3FC 200D 2642 FE0F	man biking: medium-light skin tone	1F6B4 200D 2642 FE0F
variant	person-sport	1F6B4 1F3FD 200D 2642 FE0F	man biking: medium skin tone	1F6B4 200D 2642 FE0F
variant	person-sport	1F6B4 1F3FE 200D 2642 FE0F	man biking: medium-dark skin tone	1F6B4 200D 2642 FE0F
variant	person-sport	1F6B4 1F3FF 200D 2642 FE0F	man biking: dark skin tone	1F6B4 200D 2642 FE0F
people	person-sport	1F6B4 200D 2640 FE0F	woman biking	
variant	person-sport	1F6B4 1F3FB 200D 2640 FE0F	woman biking: light skin tone	1F6B4 200D 2640 FE0F
variant	person-sport	1F6B4 1F3FC 200D 2640 FE0F	woman biking: medium-light skin tone	1F6B4 200D 2640 FE0F
variant	person-sport	1F6B4 1F3FD 200D 2640 FE0F	woman biking: medium skin tone	1F6B4 200D 2640 FE0F
variant	person-sport	1F6B4 1F3FE 200D 2640 FE0F	woman biking: medium-dark skin tone	1F6B4 200D 2640 FE0F
variant	person-sport	1F6B4 1F3FF 200D 2640 FE0F	woman biking: dark skin tone	1F6B4 200D 2640 FE0F
people	person-sport	1F6B5	person mountain biking	
variant	person-sport	1F6B5 1F3FB	person mountain biking: light skin tone	1F6B5
variant	person-sport	1F6B5 1F3FC	person mountain biking: medium-light skin tone	1F6B5
variant	person-sport	1F6B5 1F3FD	person mountain biking: medium skin tone	1F6B5
variant	person-sport	1F6B5 1F3FE	person mountain biking: medium-dark skin tone	1F6B5
variant	person-sport	1F6B5 1F3FF	person mountain biking: dark skin tone	1F6B5
people	person-sport	1F6B5 200D 2642 FE0F	man mountain biking	
variant	person-sport	1F6B5 1F3FB 200D 2642 FE0F	man mountain biking: light skin tone	1F6B5 200D 2642 FE0F
variant	person-sport	1F6B5 1F3FC 200D 2642 FE0F	man mountain biking: medium-light skin tone	1F6B5 200D 2642 FE0F
variant	person-sport	1F6B5 1F3FD 200D 2642 FE0F	man mountain biking: medium skin tone	1F6B5 200D 2642 FE0F
variant	person-sport	1F6B5 1F3FE 200D 2642 FE0F	man mountain biking: medium-dark skin tone	1F6B5 200D 2642 FE0F
variant	person-sport	1F6B5 1F3FF 200D 2642 FE0F	man mountain biking: dark skin tone	1F6B5 200D 2642 FE0F
people	person-sport	1F6B5 200D 2640 FE0F	woman mountain biking	
variant	person-sport	1F6B5 1F3FB 200D 2640 FE0F	woman mountain biking: light skin tone	1F6B5 200D 2640 FE0F
variant	person-sport	1F6B5 1F3FC 200D 2640 FE0F	woman mountain biking: medium-light skin tone	1F6B5 200D 2640 FE0F
variant	person-sport	1F6B5 1F3FD 200D 2640 FE0F	woman mountain biking: medium skin tone	1F6B5 200D 2640 FE0F
variant	person-sport	1F6B5 1F3FE 200D 2640 FE0F	woman mountain biking: medium-dark skin tone	1F6B5 200D 2640 FE0F
variant	person-sport	1F6B5 1F3FF 200D 2640 FE0F	woman mountain biking: dark skin tone	1F6B5 200D 2640 FE0F
people	person-sport	1F938	person cartwheeling	
variant	person-sport	1F938 1F3FB	person cartwheeling: light skin tone	1F938
variant	person-sport	1F938 1F3FC	person cartwheeling: medium-light skin tone	1F938
variant	person-sport	1F938 1F3FD	person cartwheeling: medium skin tone	1F938
variant	person-sport	1F938 1F3FE	person cartwheeling: medium-dark skin tone	1F938
variant	person-sport	1F938 1F3FF	person cartwheeling: dark skin tone	1F938
people	person-sport	1F938 200D 2642 FE0F	man cartwheeling	
variant	person-sport	1F938 1F3FB 200D 2642 FE0F	man cartwheeling: light skin tone	1F938 200D 2642 FE0F
variant	person-sport	1F938 1F3FC 200D 2642 FE0F	man cartwheeling: medium-light skin tone	1F938 200D 2642 FE0F
variant	person-sport	1F938 1F3FD 200D 2642 FE0F	man cartwheeling: medium skin tone	1F938 200D 2642 FE0F
variant	person-sport	1F938 1F3FE 200D 2642 FE0F	man cartwheeling: medium-dark skin tone	1F938 200D 2642 FE0F
variant	person-sport	1F938 1F3FF 200D 2642 FE0F	man cartwheeling: dark skin tone	1F938 200D 2642 FE0F
people	person-sport	1F938 200D 2640 FE0F	woman cartwheeling	
variant	person-sport	1F938 1F3FB 200D 2640 FE0F	woman cartwheeling: light skin tone	1F938 200D 2640 FE0F
variant	person-sport	1F938 1F3FC 200D 2640 FE0F	woman cartwheeling: medium-light skin tone	1F938 200D 2640 FE0F
variant	person-sport	1F938 1F3FD 200D 2640 FE0F	woman cartwheeling: medium skin tone	1F938 200D 2640 FE0F
variant	person-sport	1F938 1F3FE 200D 2640 FE0F	woman cartwheeling: medium-dark skin tone	1F938 200D 2640 FE0F
variant	person-sport	1F938 1F3FF 200D 2640 FE0F	woman cartwheeling: dark skin tone	1F938 200D 2640 FE0F
people	person-sport	1F93C	people wrestling	
people	person-sport	1F93C 200D 2642 FE0F	men wrestling	
people	person-sport	1F93C 200D 2640 FE0F	women wrestling	
people	person-sport	1F93D	person playing water polo	
variant	person-sport	1F93D 1F3FB	person playing water polo: light skin tone	1F93D
variant	person-sport	1F93D 1F3FC	person playing water polo: medium-light skin tone	1F93D
variant	person-sport	1F93D 1F3FD	person playing water polo: medium skin tone	1F93D
variant	person-sport	1F93D 1F3FE	person playing water polo: medium-dark skin tone	1F93D
variant	person-sport	1F93D 1F3FF	person playing water polo: dark skin tone	1F93D
people	person-sport	1F93D 200D 2642 FE0F	man playing water polo	
variant	person-sport	1F93D 1F3FB 200D 2642 FE0F	man playing water polo: light skin tone	1F93D 200D 2642 FE0F
variant	person-sport	1F93D 1F3FC 200D 2642 FE0F	man playing water polo: medium-light skin tone	1F93D 200D 2642 FE0F
variant	person-sport	1F93D 1F3FD 200D 2642 FE0F	man playing water polo: medium skin tone	1F93D 200D 2642 FE0F
variant	person-sport	1F93D 1F3FE 200D 2642 FE0F	man playing water polo: medium-dark skin tone	1F93D 200D 2642 FE0F
variant	person-sport	1F93D 1F3FF 200D 2642 FE0F	man playing water polo: dark skin tone	1F93D 200D 2642 FE0F
people	person-sport	1F93D 200D 2640 FE0F	woman playing water polo	
variant	person-sport	1F93D 1F3FB 200D 2640 FE0F	woman playing water polo: light skin tone	1F93D 200D 2640 FE0F
variant	person-sport	1F93D 1F3FC 200D 2640 FE0F	woman playing water polo: medium-light skin tone	1F93D 200D 2640 FE0F
variant	person-sport	1F93D 1F3FD 200D 2640 FE0F	woman playing water polo: medium skin tone	1F93D 200D 2640 FE0F
variant	person-sport	1F93D 1F3FE 200D 2640 FE0F	woman playing water polo: medium-dark skin tone	1F93D 200D 2640 FE0F
variant	person-sport	1F93D 1F3FF 200D 2640 FE0F	woman playing water polo: dark skin tone	1F93D 200D 2640 FE0F
people	person-sport	1F93E	person playing handball	
variant	person-sport	1F93E 1F3FB	person playing handball: light skin tone	1F93E
variant	person-sport	1F93E 1F3FC	person playing handball: medium-light skin tone	1F93E
variant	person-sport	1F93E 1F3FD	person playing handball: medium skin tone	1F93E
variant	person-sport	1F93E 1F3FE	person playing handball: medium-dark skin tone	1F93E
variant	person-sport	1F93E 1F3FF	person playing handball: dark skin tone	1F93E
people	person-sport	1F93E 200D 2642 FE0F	man playing handball	
variant	person-sport	1F93E 1F3FB 200D 2642 FE0F	man playing handball: light skin tone	1F93E 200D 2642 FE0F
variant	person-sport	1F93E 1F3FC 200D 2642 FE0F	man playing handball: medium-light skin tone	1F93E 200D 2642 FE0F
variant	person-sport	1F93E 1F3FD 200D 2642 FE0F	man playing handball: medium skin tone	1F93E 200D 2642 FE0F
variant	person-sport	1F93E 1F3FE 200D 2642 FE0F	man playing handball: medium-dark skin tone	1F93E 200D 2642 FE0F
variant	person-sport	1F93E 1F3FF 200D 2642 FE0F	man playing handball: dark skin tone	1F93E 200D 2642 FE0F
people	person-sport	1F93E 200D 2640 FE0F	woman playing handball	
variant	person-sport	1F93E 1F3FB 200D 2640 FE0F	woman playing handball: light skin tone	1F93E 200D 2640 FE0F
variant	person-sport	1F93E 1F3FC 200D 2640 FE0F	woman playing handball: medium-light skin tone	1F93E 200D 2640 FE0F
variant	person-sport	1F93E 1F3FD 200D 2640 FE0F	woman playing handball: medium skin tone	1F93E 200D 2640 FE0F
variant	person-sport	1F93E 1F3FE 200D 2640 FE0F	woman playing handball: medium-dark skin tone	1F93E 200D 2640 FE0F
variant	person-sport	1F93E 1F3FF 200D 2640 FE0F	woman playing handball: dark skin tone	1F93E 200D 2640 FE0F
people	person-sport	1F939	person juggling	
variant	person-sport	1F939 1F3FB	person juggling: light skin tone	1F939
variant	person-sport	1F939 1F3FC	person juggling: medium-light skin tone	1F939
variant	person-sport	1F939 1F3FD	person juggling: medium skin tone	1F939
variant	person-sport	1F939 1F3FE	person juggling: medium-dark skin tone	1F939
variant	person-sport	1F939 1F3FF	person juggling: dark skin tone	1F939
people	person-sport	1F939 200D 2642 FE0F	man juggling	
variant	person-sport	1F939 1F3FB 200D 2642 FE0F	man juggling: light skin tone	1F939 200D 2642 FE0F
variant	person-sport	1F939 1F3FC 200D 2642 FE0F	man juggling: medium-light skin tone	1F939 200D 2642 FE0F
variant	person-sport	1F939 1F3FD 200D 2642 FE0F	man juggling: medium skin tone	1F939 200D 2642 FE0F
variant	person-sport	1F939 1F3FE 200D 2642 FE0F	man juggling: medium-dark skin tone	1F939 200D 2642 FE0F
variant	person-sport	1F939 1F3FF 200D 2642 FE0F	man juggling: dark skin tone	1F939 200D 2642 FE0F
people	person-sport	1F939 200D 2640 FE0F	woman juggling	
variant	person-sport	1F939 1F3FB 200D 2640 FE0F	woman juggling: light skin tone	1F939 200D 2640 FE0F
variant	person-sport	1F939 1F3FC 200D 2640 FE0F	woman juggling: medium-light skin tone	1F939 200D 2640 FE0F
variant	person-sport	1F939 1F3FD 200D 2640 FE0F	woman juggling: medium skin tone	1F939 200D 2640 FE0F
variant	person-sport	1F939 1F3FE 200D 2640 FE0F	woman juggling: medium-dark skin tone	1F939 200D 2640 FE0F
variant	person-sport	1F939 1F3FF 200D 2640 FE0F	woman juggling: dark skin tone	1F939 200D 2640 FE0F
people	person-resting	1F9D8	person in lotus position	
variant	person-resting	1F9D8 1F3FB	person in lotus position: light skin tone	1F9D8
variant	person-resting	1F9D8 1F3FC	person in lotus position: medium-light skin tone	1F9D8
variant	person-resting	1F9D8 1F3FD	person in lotus position: medium skin tone	1F9D8
variant	person-resting	1F9D8 1F3FE	person in lotus position: medium-dark skin tone	1F9D8
variant	person-resting	1F9D8 1F3FF	person in lotus position: dark skin tone	1F9D8
people	person-resting	1F9D8 200D 2642 FE0F	man in lotus position	
variant	person-resting	1F9D8 1F3FB 200D 2642 FE0F	man in lotus position: light skin tone	1F9D8 200D 2642 FE0F
variant	person-resting	1F9D8 1F3FC 200D 2642 FE0F	man in lotus position: medium-light skin tone	1F9D8 200D 2642 FE0F
variant	person-resting	1F9D8 1F3FD 200D 2642 FE0F	man in lotus position: medium skin tone	1F9D8 200D 2642 FE0F
variant	person-resting	1F9D8 1F3FE 200D 2642 FE0F	man in lotus position: medium-dark skin tone	1F9D8 200D 2642 FE0F
variant	person-resting	1F9D8 1F3FF 200D 2642 FE0F	man in lotus position: dark skin tone	1F9D8 200D 2642 FE0F
people	person-resting	1F9D8 200D 2640 FE0F	woman in lotus position	
variant	person-resting	1F9D8 1F3FB 200D 2640 FE0F	woman in lotus position: light skin tone	1F9D8 200D 2640 FE0F
variant	person-resting	1F9D8 1F3FC 200D 2640 FE0F	woman in lotus position: medium-light skin tone	1F9D8 200D 2640 FE0F
variant	person-resting	1F9D8 1F3FD 200D 2640 FE0F	woman in lotus position: medium skin tone	1F9D8 200D 2640 FE0F
variant	person-resting	1F9D8 1F3FE 200D 2640 FE0F	woman in lotus position: medium-dark skin tone	1F9D8 200D 2640 FE0F
variant	person-resting	1F9D8 1F3FF 200D 2640 FE0F	woman in lotus position: dark skin tone	1F9D8 200D 2640 FE0F
people	person-resting	1F6C0	person taking bath	
variant	person-resting	1F6C0 1F3FB	person taking bath: light skin tone	1F6C0
variant	person-resting	1F6C0 1F3FC	person taking bath: medium-light skin tone	1F6C0
variant	person-resting	1F6C0 1F3FD	person taking bath: medium skin tone	1F6C0
variant	person-resting	1F6C0 1F3FE	person taking bath: medium-dark skin tone	1F6C0
variant	person-resting	1F6C0 1F3FF	person taking bath: dark skin tone	1F6C0
people	person-resting	1F6CC	person in bed	
variant	person-resting	1F6CC 1F3FB	person in bed: light skin tone	1F6CC
variant	person-resting	1F6CC 1F3FC	person in bed: medium-light skin tone	1F6CC
variant	person-resting	1F6CC 1F3FD	person in bed: medium skin tone	1F6CC
variant	person-resting	1F6CC 1F3FE	person in bed: medium-dark skin tone	1F6CC
variant	person-resting	1F6CC 1F3FF	person in bed: dark skin tone	1F6CC
people	family	1F9D1 200D 1F91D 200D 1F9D1	people holding hands	
variant	family	1F9D1 1F3FB 200D 1F91D 200D 1F9D1 1F3FB	people holding hands: light skin tone	1F9D1 200D 1F91D 200D 1F9D1
variant	family	1F9D1 1F3FB 200D 1F91D 200D 1F9D1 1F3FC	people holding hands: light skin tone, medium-light skin tone	1F9D1 200D 1F91D 200D 1F9D1
variant	family	1F9D1 1F3FB 200D 1F91D 200D 1F9D1 1F3FD	people holding hands: light skin tone, medium skin tone	1F9D1 200D 1F91D 200D 1F9D1
variant	family	1F9D1 1F3FB 200D 1F91D 200D 1F9D1 1F3FE	people holding hands: light skin tone, medium-dark skin tone	1F9D1 200D 1F91D 200D 1F9D1
variant	family	1F9D1 1F3FB 200D 1F91D 200D 1F9D1 1F3FF	people holding hands: light skin tone, dark skin tone	1F9D1 200D 1F91D 200D 1F9D1
variant	family	1F9D1 1F3FC 200D 1F91D 200D 1F9D1 1F3FB	people holding hands: medium-light skin tone, light skin tone	1F9D1 200D 1F91D 200D 1F9D1
variant	family	1F9D1 1F3FC 200D 1F91D 200D 1F9D1 1F3FC	people holding hands: medium-light skin tone	1F9D1 200D 1F91D 200D 1F9D1
variant	family	1F9D1 1F3FC 200D 1F91D 200D 1F9D1 1F3FD	people holding hands: medium-light skin tone, medium skin tone	1F9D1 200D 1F91D 200D 1F9D1
variant	family	1F9D1 1F3FC 200D 1F91D 200D 1F9D1 1F3FE	people holding hands: medium-light skin tone, medium-dark skin tone	1F9D1 200D 1F91D 200D 1F9D1
variant	family	1F9D1 1F3FC 200D 1F91D 200D 1F9D1 1F3FF	people holding hands: medium-light skin tone, dark skin tone	1F9D1 200D 1F91D 200D 1F9D1
variant	family	1F9D1 1F3FD 200D 1F91D 200D 1F9D1 1F3FB	people holding hands: medium skin tone, light skin tone	1F9D1 200D 1F91D 200D 1F9D1
variant	family	1F9D1 1F3FD 200D 1F91D 200D 1F9D1 1F3FC	people holding hands: medium skin tone, medium-light skin tone	1F9D1 200D 1F91D 200D 1F9D1
variant	family	1F9D1 1F3FD 200D 1F91D 200D 1F9D1 1F3FD	people holding hands: medium skin tone	1F9D1 200D 1F91D 200D 1F9D1
variant	family	1F9D1 1F3FD 200D 1F91D 200D 1F9D1 1F3FE	people holding hands: medium skin tone, medium-dark skin tone	1F9D1 200D 1F91D 200D 1F9D1
variant	family	1F9D1 1F3FD 200D 1F91D 200D 1F9D1 1F3FF	people holding hands: medium skin tone, dark skin tone	1F9D1 200D 1F91D 200D 1F9D1
variant	family	1F9D1 1F3FE 200D 1F91D 200D 1F9D1 1F3FB	people holding hands: medium-dark skin tone, light skin tone	1F9D1 200D 1F91D 200D 1F9D1
variant	family	1F9D1 1F3FE 200D 1F91D 200D 1F9D1 1F3FC	people holding hands: medium-dark skin tone, medium-light skin tone	1F9D1 200D 1F91D 200D 1F9D1
variant	family	1F9D1 1F3FE 200D 1F91D 200D 1F9D1 1F3FD	people holding hands: medium-dark skin tone, medium skin tone	1F9D1 200D 1F91D 200D 1F9D1
variant	family	1F9D1 1F3FE 200D 1F91D 200D 1F9D1 1F3FE	people holding hands: medium-dark skin tone	1F9D1 200D 1F91D 200D 1F9D1
variant	family	1F9D1 1F3FE 200D 1F91D 200D 1F9D1 1F3FF	people holding hands: medium-dark skin tone, dark skin tone	1F9D1 200D 1F91D 200D 1F9D1
variant	family	1F9D1 1F3FF 200D 1F91D 200D 1F9D1 1F3FB	people holding hands: dark skin tone, light skin tone	1F9D1 200D 1F91D 200D 1F9D1
variant	family	1F9D1 1F3FF 200D 1F91D 200D 1F9D1 1F3FC	people holding hands: dark skin tone, medium-light skin tone	1F9D1 200D 1F91D 200D 1F9D1
variant	family	1F9D1 1F3FF 200D 1F91D 200D 1F9D1 1F3FD	people holding hands: dark skin tone, medium skin tone	1F9D1 200D 1F91D 200D 1F9D1
variant	family	1F9D1 1F3FF 200D 1F91D 200D 1F9D1 1F3FE	people holding hands: dark skin tone, medium-dark skin tone	1F9D1 200D 1F91D 200D 1F9D1
variant	family	1F9D1 1F3FF 200D 1F91D 200D 1F9D1 1F3FF	people holding hands: dark skin tone	1F9D1 200D 1F91D 200D 1F9D1
people	family	1F46D	women holding hands	
variant	family	1F46D 1F3FB	women holding hands: light skin tone	1F46D
variant	family	1F469 1F3FB 200D 1F91D 200D 1F469 1F3FC	women holding hands: light skin tone, medium-light skin tone	1F469 200D 1F91D 200D 1F469
variant	family	1F469 1F3FB 200D 1F91D 200D 1F469 1F3FD	women holding hands: light skin tone, medium skin tone	1F469 200D 1F91D 200D 1F469
variant	family	1F469 1F3FB 200D 1F91D 200D 1F469 1F3FE	women holding hands: light skin tone, medium-dark skin tone	1F469 200D 1F91D 200D 1F469
variant	family	1F469 1F3FB 200D 1F91D 200D 1F469 1F3FF	women holding hands: light skin tone, dark skin tone	1F469 200D 1F91D 200D 1F469
variant	family	1F469 1F3FC 200D 1F91D 200D 1F469 1F3FB	women holding hands: medium-light skin tone, light skin tone	1F469 200D 1F91D 200D 1F469
variant	family	1F46D 1F3FC	women holding hands: medium-light skin tone	1F46D
variant	family	1F469 1F3FC 200D 1F91D 200D 1F469 1F3FD	women holding hands: medium-light skin tone, medium skin tone	1F469 200D 1F91D 200D 1F469
variant	family	1F469 1F3FC 200D 1F91D 200D 1F469 1F3FE	women holding hands: medium-light skin tone, medium-dark skin tone	1F469 200D 1F91D 200D 1F469
variant	family	1F469 1F3FC 200D 1F91D 200D 1F469 1F3FF	women holding hands: medium-light skin tone, dark skin tone	1F469 200D 1F91D 200D 1F469
variant	family	1F469 1F3FD 200D 1F91D 200D 1F469 1F3FB	women holding hands: medium skin tone, light skin tone	1F469 200D 1F91D 200D 1F469
variant	family	1F469 1F3FD 200D 1F91D 200D 1F469 1F3FC	women holding hands: medium skin tone, medium-light skin tone	1F469 200D 1F91D 200D 1F469
variant	family	1F46D 1F3FD	women holding hands: medium skin tone	1F46D
variant	family	1F469 1F3FD 200D 1F91D 200D 1F469 1F3FE	women holding hands: medium skin tone, medium-dark skin tone	1F469 200D 1F91D 200D 1F469
variant	family	1F469 1F3FD 200D 1F91D 200D 1F469 1F3FF	women holding hands: medium skin tone, dark skin tone	1F469 200D 1F91D 200D 1F469
variant	family	1F469 1F3FE 200D 1F91D 200D 1F469 1F3FB	women holding hands: medium-dark skin tone, light skin tone	1F469 200D 1F91D 200D 1F469
variant	family	1F469 1F3FE 200D 1F91D 200D 1F469 1F3FC	women holding hands: medium-dark skin tone, medium-light skin tone	1F469 200D 1F91D 200D 1F469
variant	family	1F469 1F3FE 200D 1F91D 200D 1F469 1F3FD	women holding hands: medium-dark skin tone, medium skin tone	1F469 200D 1F91D 200D 1F469
variant	family	1F46D 1F3FE	women holding hands: medium-dark skin tone	1F46D
variant	family	1F469 1F3FE 200D 1F91D 200D 1F469 1F3FF	women holding hands: medium-dark skin tone, dark skin tone	1F469 200D 1F91D 200D 1F469
variant	family	1F469 1F3FF 200D 1F91D 200D 1F469 1F3FB	women holding hands: dark skin tone, light skin tone	1F469 200D 1F91D 200D 1F469
variant	family	1F469 1F3FF 200D 1F91D 200D 1F469 1F3FC	women holding hands: dark skin tone, medium-light skin tone	1F469 200D 1F91D 200D 1F469
variant	family	1F469 1F3FF 200D 1F91D 200D 1F469 1F3FD	women holding hands: dark skin tone, medium skin tone	1F469 200D 1F91D 200D 1F469
variant	family	1F469 1F3FF 200D 1F91D 200D 1F469 1F3FE	women holding hands: dark skin tone, medium-dark skin tone	1F469 200D 1F91D 200D 1F469
variant	family	1F46D 1F3FF	women holding hands: dark skin tone	1F46D
people	family	1F46B	woman and man holding hands	
variant	family	1F46B 1F3FB	woman and man holding hands: light skin tone	1F46B
variant	family	1F469 1F3FB 200D 1F91D 200D 1F468 1F3FC	woman and man holding hands: light skin tone, medium-light skin tone	1F469 200D 1F91D 200D 1F468
variant	family	1F469 1F3FB 200D 1F91D 200D 1F468 1F3FD	woman and man holding hands: light skin tone, medium skin tone	1F469 200D 1F91D 200D 1F468
variant	family	1F469 1F3FB 200D 1F91D 200D 1F468 1F3FE	woman and man holding hands: light skin tone, medium-dark skin tone	1F469 200D 1F91D 200D 1F468
variant	family	1F469 1F3FB 200D 1F91D 200D 1F468 1F3FF	woman and man holding hands: light skin tone, dark skin tone	1F469 200D 1F91D 200D 1F468
variant	family	1F469 1F3FC 200D 1F91D 200D 1F468 1F3FB	woman and man holding hands: medium-light skin tone, light skin tone	1F469 200D 1F91D 200D 1F468
variant	family	1F46B 1F3FC	woman and man holding hands: medium-light skin tone	1F46B
variant	family	1F469 1F3FC 200D 1F91D 200D 1F468 1F3FD	woman and man holding hands: medium-light skin tone, medium skin tone	1F469 200D 1F91D 200D 1F468
variant	family	1F469 1F3FC 200D 1F91D 200D 1F468 1F3FE	woman and man holding hands: medium-light skin tone, medium-dark skin tone	1F469 200D 1F91D 200D 1F468
variant	family	1F469 1F3FC 200D 1F91D 200D 1F468 1F3FF	woman and man holding hands: medium-light skin tone, dark skin tone	1F469 200D 1F91D 200D 1F468
variant	family	1F469 1F3FD 200D 1F91D 200D 1F468 1F3FB	woman and man holding hands: medium skin tone, light skin tone	1F469 200D 1F91D 200D 1F468
variant	family	1F469 1F3FD 200D 1F91D 200D 1F468 1F3FC	woman and man holding hands: medium skin tone, medium-light skin tone	1F469 200D 1F91D 200D 1F468
variant	family	1F46B 1F3FD	woman and man holding hands: medium skin tone	1F46B
variant	family	1F469 1F3FD 200D 1F91D 200D 1F468 1F3FE	woman and man holding hands: medium skin tone, medium-dark skin tone	1F469 200D 1F91D 200D 1F468
variant	family	1F469 1F3FD 200D 1F91D 200D 1F468 1F3FF	woman and man holding hands: medium skin tone, dark skin tone	1F469 200D 1F91D 200D 1F468
variant	family	1F469 1F3FE 200D 1F91D 200D 1F468 1F3FB	woman and man holding hands: medium-dark skin tone, light skin tone	1F469 200D 1F91D 200D 1F468
variant	family	1F469 1F3FE 200D 1F91D 200D 1F468 1F3FC	woman and man holding hands: medium-dark skin tone, medium-light skin tone	1F469 200D 1F91D 200D 1F468
variant	family	1F469 1F3FE 200D 1F91D 200D 1F468 1F3FD	woman and man holding hands: medium-dark skin tone, medium skin tone	1F469 200D 1F91D 200D 1F468
variant	family	1F46B 1F3FE	woman and man holding hands: medium-dark skin tone	1F46B
variant	family	1F469 1F3FE 200D 1F91D 200D 1F468 1F3FF	woman and man holding hands: medium-dark skin tone, dark skin tone	1F469 200D 1F91D 200D 1F468
variant	family	1F469 1F3FF 200D 1F91D 200D 1F468 1F3FB	woman and man holding hands: dark skin tone, light skin tone	1F469 200D 1F91D 200D 1F468
variant	family	1F469 1F3FF 200D 1F91D 200D 1F468 1F3FC	woman and man holding hands: dark skin tone, medium-light skin tone	1F469 200D 1F91D 200D 1F468
variant	family	1F469 1F3FF 200D 1F91D 200D 1F468 1F3FD	woman and man holding hands: dark skin tone, medium skin tone	1F469 200D 1F91D 200D 1F468
variant	family	1F469 1F3FF 200D 1F91D 200D 1F468 1F3FE	woman and man holding hands: dark skin tone, medium-dark skin tone	1F469 200D 1F91D 200D 1F468
variant	family	1F46B 1F3FF	woman and man holding hands: dark skin tone	1F46B
people	family	1F46C	men holding hands	
variant	family	1F46C 1F3FB	men holding hands: light skin tone	1F46C
variant	family	1F468 1F3FB 200D 1F91D 200D 1F468 1F3FC	men holding hands: light skin tone, medium-light skin tone	1F468 200D 1F91D 200D 1F468
variant	family	1F468 1F3FB 200D 1F91D 200D 1F468 1F3FD	men holding hands: light skin tone, medium skin tone	1F468 200D 1F91D 200D 1F468
variant	family	1F468 1F3FB 200D 1F91D 200D 1F468 1F3FE	men holding hands: light skin tone, medium-dark skin tone	1F468 200D 1F91D 200D 1F468
variant	family	1F468 1F3FB 200D 1F91D 200D 1F468 1F3FF	men holding hands: light skin tone, dark skin tone	1F468 200D 1F91D 200D 1F468
variant	family	1F468 1F3FC 200D 1F91D 200D 1F468 1F3FB	men holding hands: medium-light skin tone, light skin tone	1F468 200D 1F91D 200D 1F468
variant	family	1F46C 1F3FC	men holding hands: medium-light skin tone	1F46C
variant	family	1F468 1F3FC 200D 1F91D 200D 1F468 1F3FD	men holding hands: medium-light skin tone, medium skin tone	1F468 200D 1F91D 200D 1F468
variant	family	1F468 1F3FC 200D 1F91D 200D 1F468 1F3FE	men holding hands: medium-light skin tone, medium-dark skin tone	1F468 200D 1F91D 200D 1F468
variant	family	1F468 1F3FC 200D 1F91D 200D 1F468 1F3FF	men holding hands: medium-light skin tone, dark skin tone	1F468 200D 1F91D 200D 1F468
variant	family	1F468 1F3FD 200D 1F91D 200D 1F468 1F3FB	men holding hands: medium skin tone, light skin tone	1F468 200D 1F91D 200D 1F468
variant	family	1F468 1F3FD 200D 1F91D 200D 1F468 1F3FC	men holding hands: medium skin tone, medium-light skin tone	1F468 200D 1F91D 200D 1F468
variant	family	1F46C 1F3FD	men holding hands: medium skin tone	1F46C
variant	family	1F468 1F3FD 200D 1F91D 200D 1F468 1F3FE	men holding hands: medium skin tone, medium-dark skin tone	1F468 200D 1F91D 200D 1F468
variant	family	1F468 1F3FD 200D 1F91D 200D 1F468 1F3FF	men holding hands: medium skin tone, dark skin tone	1F468 200D 1F91D 200D 1F468
variant	family	1F468 1F3FE 200D 1F91D 200D 1F468 1F3FB	men holding hands: medium-dark skin tone, light skin tone	1F468 200D 1F91D 200D 1F468
variant	family	1F468 1F3FE 200D 1F91D 200D 1F468 1F3FC	men holding hands: medium-dark skin tone, medium-light skin tone	1F468 200D 1F91D 200D 1F468
variant	family	1F468 1F3FE 200D 1F91D 200D 1F468 1F3FD	men holding hands: medium-dark skin tone, medium skin tone	1F468 200D 1F91D 200D 1F468
variant	family	1F46C 1F3FE	men holding hands: medium-dark skin tone	1F46C
variant	family	1F468 1F3FE 200D 1F91D 200D 1F468 1F3FF	men holding hands: medium-dark skin tone, dark skin tone	1F468 200D 1F91D 200D 1F468
variant	family	1F468 1F3FF 200D 1F91D 200D 1F468 1F3FB	men holding hands: dark skin tone, light skin tone	1F468 200D 1F91D 200D 1F468
variant	family	1F468 1F3FF 200D 1F91D 200D 1F468 1F3FC	men holding hands: dark skin tone, medium-light skin tone	1F468 200D 1F91D 200D 1F468
variant	family	1F468 1F3FF 200D 1F91D 200D 1F468 1F3FD	men holding hands: dark skin tone, medium skin tone	1F468 200D 1F91D 200D 1F468
variant	family	1F468 1F3FF 200D 1F91D 200D 1F468 1F3FE	men holding hands: dark skin tone, medium-dark skin tone	1F468 200D 1F91D 200D 1F468
variant	family	1F46C 1F3FF	men holding hands: dark skin tone	1F46C
people	family	1F48F	kiss	
variant	family	1F48F 1F3FB	kiss: light skin tone	1F48F
variant	family	1F48F 1F3FC	kiss: medium-light skin tone	1F48F
variant	family	1F48F 1F3FD	kiss: medium skin tone	1F48F
variant	family	1F48F 1F3FE	kiss: medium-dark skin tone	1F48F
variant	family	1F48F 1F3FF	kiss: dark skin tone	1F48F
variant	family	1F9D1 1F3FB 200D 2764 FE0F 200D 1F48B 200D 1F9D1 1F3FC	kiss: person, person, light skin tone, medium-light skin tone	1F9D1 200D 2764 FE0F 200D 1F48B 200D 1F9D1
variant	family	1F9D1 1F3FB 200D 2764 FE0F 200D 1F48B 200D 1F9D1 1F3FD	kiss: person, person, light skin tone, medium skin tone	1F9D1 200D 2764 FE0F 200D 1F48B 200D 1F9D1
variant	family	1F9D1 1F3FB 200D 2764 FE0F 200D 1F48B 200D 1F9D1 1F3FE	kiss: person, person, light skin tone, medium-dark skin tone	1F9D1 200D 2764 FE0F 200D 1F48B 200D 1F9D1
variant	family	1F9D1 1F3FB 200D 2764 FE0F 200D 1F48B 200D 1F9D1 1F3FF	kiss: person, person, light skin tone, dark skin tone	1F9D1 200D 2764 FE0F 200D 1F48B 200D 1F9D1
variant	family	1F9D1 1F3FC 200D 2764 FE0F 200D 1F48B 200D 1F9D1 1F3FB	kiss: person, person, medium-light skin tone, light skin tone	1F9D1 200D 2764 FE0F 200D 1F48B 200D 1F9D1
variant	family	1F9D1 1F3FC 200D 2764 FE0F 200D 1F48B 200D 1F9D1 1F3FD	kiss: person, person, medium-light skin tone, medium skin tone	1F9D1 200D 2764 FE0F 200D 1F48B 200D 1F9D1
variant	family	1F9D1 1F3FC 200D 2764 FE0F 200D 1F48B 200D 1F9D1 1F3FE	kiss: person, person, medium-light skin tone, medium-dark skin tone	1F9D1 200D 2764 FE0F 200D 1F48B 200D 1F9D1
variant	family	1F9D1 1F3FC 200D 2764 FE0F 200D 1F48B 200D 1F9D1 1F3FF	kiss: person, person, medium-light skin tone, dark skin tone	1F9D1 200D 2764 FE0F 200D 1F48B 200D 1F9D1
variant	family	1F9D1 1F3FD 200D 2764 FE0F 200D 1F48B 200D 1F9D1 1F3FB	kiss: person, person, medium skin tone, light skin tone	1F9D1 200D 2764 FE0F 200D 1F48B 200D 1F9D1
variant	family	1F9D1 1F3FD 200D 2764 FE0F 200D 1F48B 200D 1F9D1 1F3FC	kiss: person, person, medium skin tone, medium-light skin tone	1F9D1 200D 2764 FE0F 200D 1F48B 200D 1F9D1
variant	family	1F9D1 1F3FD 200D 2764 FE0F 200D 1F48B 200D 1F9D1 1F3FE	kiss: person, person, medium skin tone, medium-dark skin tone	1F9D1 200D 2764 FE0F 200D 1F48B 200D 1F9D1
variant	family	1F9D1 1F3FD 200D 2764 FE0F 200D 1F48B 200D 1F9D1 1F3FF	kiss: person, person, medium skin tone, dark skin tone	1F9D1 200D 2764 FE0F 200D 1F48B 200D 1F9D1
variant	family	1F9D1 1F3FE 200D 2764 FE0F 200D 1F48B 200D 1F9D1 1F3FB	kiss: person, person, medium-dark skin tone, light skin tone	1F9D1 200D 2764 FE0F 200D 1F48B 200D 1F9D1
variant	family	1F9D1 1F3FE 200D 2764 FE0F 200D 1F48B 200D 1F9D1 1F3FC	kiss: person, person, medium-dark skin tone, medium-light skin tone	1F9D1 200D 2764 FE0F 200D 1F48B 200D 1F9D1
variant	family	1F9D1 1F3FE 200D 2764 FE0F 200D 1F48B 200D 1F9D1 1F3FD	kiss: person, person, medium-dark skin tone, medium skin tone	1F9D1 200D 2764 FE0F 200D 1F48B 200D 1F9D1
variant	family	1F9D1 1F3FE 200D 2764 FE0F 200D 1F48B 200D 1F9D1 1F3FF	kiss: person, person, medium-dark skin tone, dark skin tone	1F9D1 200D 2764 FE0F 200D 1F48B 200D 1F9D1
variant	family	1F9D1 1F3FF 200D 2764 FE0F 200D 1F48B 200D 1F9D1 1F3FB	kiss: person, person, dark skin tone, light skin tone	1F9D1 200D 2764 FE0F 200D 1F48B 200D 1F9D1
variant	family	1F9D1 1F3FF 200D 2764 FE0F 200D 1F48B 200D 1F9D1 1F3FC	kiss: person, person, dark skin tone, medium-light skin tone	1F9D1 200D 2764 FE0F 200D 1F48B 200D 1F9D1
variant	family	1F9D1 1F3FF 200D 2764 FE0F 200D 1F48B 200D 1F9D1 1F3FD	kiss: person, person, dark skin tone, medium skin tone	1F9D1 200D 2764 FE0F 200D 1F48B 200D 1F9D1
variant	family	1F9D1 1F3FF 200D 2764 FE0F 200D 1F48B 200D 1F9D1 1F3FE	kiss: person, person, dark skin tone, medium-dark skin tone	1F9D1 200D 2764 FE0F 200D 1F48B 200D 1F9D1
people	family	1F469 200D 2764 FE0F 200D 1F48B 200D 1F468	kiss: woman, man	
variant	family	1F469 1F3FB 200D 2764 FE0F 200D 1F48B 200D 1F468 1F3FB	kiss: woman, man, light skin tone	1F469 200D 2764 FE0F 200D 1F48B 200D 1F468
variant	family	1F469 1F3FB 200D 2764 FE0F 200D 1F48B 200D 1F468 1F3FC	kiss: woman, man, light skin tone, medium-light skin tone	1F469 200D 2764 FE0F 200D 1F48B 200D 1F468
variant	family	1F469 1F3FB 200D 2764 FE0F 200D 1F48B 200D 1F468 1F3FD	kiss: woman, man, light skin tone, medium skin tone	1F469 200D 2764 FE0F 200D 1F48B 200D 1F468
variant	family	1F469 1F3FB 200D 2764 FE0F 200D 1F48B 200D 1F468 1F3FE	kiss: woman, man, light skin tone, medium-dark skin tone	1F469 200D 2764 FE0F 200D 1F48B 200D 1F468
variant	family	1F469 1F3FB 200D 2764 FE0F 200D 1F48B 200D 1F468 1F3FF	kiss: woman, man, light skin tone, dark skin tone	1F469 200D 2764 FE0F 200D 1F48B 200D 1F468
variant	family	1F469 1F3FC 200D 2764 FE0F 200D 1F48B 200D 1F468 1F3FB	kiss: woman, man, medium-light skin tone, light skin tone	1F469 200D 2764 FE0F 200D 1F48B 200D 1F468
variant	family	1F469 1F3FC 200D 2764 FE0F 200D 1F48B 200D 1F468 1F3FC	kiss: woman, man, medium-light skin tone	1F469 200D 2764 FE0F 200D 1F48B 200D 1F468
variant	family	1F469 1F3FC 200D 2764 FE0F 200D 1F48B 200D 1F468 1F3FD	kiss: woman, man, medium-light skin tone, medium skin tone	1F469 200D 2764 FE0F 200D 1F48B 200D 1F468
variant	family	1F469 1F3FC 200D 2764 FE0F 200D 1F48B 200D 1F468 1F3FE	kiss: woman, man, medium-light skin tone, medium-dark skin tone	1F469 200D 2764 FE0F 200D 1F48B 200D 1F468
variant	family	1F469 1F3FC 200D 2764 FE0F 200D 1F48B 200D 1F468 1F3FF	kiss: woman, man, medium-light skin tone, dark skin tone	1F469 200D 2764 FE0F 200D 1F48B 200D 1F468
variant	family	1F469 1F3FD 200D 2764 FE0F 200D 1F48B 200D 1F468 1F3FB	kiss: woman, man, medium skin tone, light skin tone	1F469 200D 2764 FE0F 200D 1F48B 200D 1F468
variant	family	1F469 1F3FD 200D 2764 FE0F 200D 1F48B 200D 1F468 1F3FC	kiss: woman, man, medium skin tone, medium-light skin tone	1F469 200D 2764 FE0F 200D 1F48B 200D 1F468
variant	family	1F469 1F3FD 200D 2764 FE0F 200D 1F48B 200D 1F468 1F3FD	kiss: woman, man, medium skin tone	1F469 200D 2764 FE0F 200D 1F48B 200D 1F468
variant	family	1F469 1F3FD 200D 2764 FE0F 200D 1F48B 200D 1F468 1F3FE	kiss: woman, man, medium skin tone, medium-dark skin tone	1F469 200D 2764 FE0F 200D 1F48B 200D 1F468
variant	family	1F469 1F3FD 200D 2764 FE0F 200D 1F48B 200D 1F468 1F3FF	kiss: woman, man, medium skin tone, dark skin tone	1F469 200D 2764 FE0F 200D 1F48B 200D 1F468
variant	family	1F469 1F3FE 200D 2764 FE0F 200D 1F48B 200D 1F468 1F3FB	kiss: woman, man, medium-dark skin tone, light skin tone	1F469 200D 2764 FE0F 200D 1F48B 200D 1F468
variant	family	1F469 1F3FE 200D 2764 FE0F 200D 1F48B 200D 1F468 1F3FC	kiss: woman, man, medium-dark skin tone, medium-light skin tone	1F469 200D 2764 FE0F 200D 1F48B 200D 1F468
variant	family	1F469 1F3FE 200D 2764 FE0F 200D 1F48B 200D 1F468 1F3FD	kiss: woman, man, medium-dark skin tone, medium skin tone	1F469 200D 2764 FE0F 200D 1F48B 200D 1F468
variant	family	1F469 1F3FE 200D 2764 FE0F 200D 1F48B 200D 1F468 1F3FE	kiss: woman, man, medium-dark skin tone	1F469 200D 2764 FE0F 200D 1F48B 200D 1F468
variant	family	1F469 1F3FE 200D 2764 FE0F 200D 1F48B 200D 1F468 1F3FF	kiss: woman, man, medium-dark skin tone, dark skin tone	1F469 200D 2764 FE0F 200D 1F48B 200D 1F468
variant	family	1F469 1F3FF 200D 2764 FE0F 200D 1F48B 200D 1F468 1F3FB	kiss: woman, man, dark skin tone, light skin tone	1F469 200D 2764 FE0F 200D 1F48B 200D 1F468
variant	family	1F469 1F3FF 200D 2764 FE0F 200D 1F48B 200D 1F468 1F3FC	kiss: woman, man, dark skin tone, medium-light skin tone	1F469 200D 2764 FE0F 200D 1F48B 200D 1F468
variant	family	1F469 1F3FF 200D 2764 FE0F 200D 1F48B 200D 1F468 1F3FD	kiss: woman, man, dark skin tone, medium skin tone	1F469 200D 2764 FE0F 200D 1F48B 200D 1F468
variant	family	1F469 1F3FF 200D 2764 FE0F 200D 1F48B 200D 1F468 1F3FE	kiss: woman, man, dark skin tone, medium-dark skin tone	1F469 200D 2764 FE0F 200D 1F48B 200D 1F468
variant	family	1F469 1F3FF 200D 2764 FE0F 200D 1F48B 200D 1F468 1F3FF	kiss: woman, man, dark skin tone	1F469 200D 2764 FE0F 200D 1F48B 200D 1F468
people	family	1F468 200D 2764 FE0F 200D 1F48B 200D 1F468	kiss: man, man	
variant	family	1F468 1F3FB 200D 2764 FE0F 200D 1F48B 200D 1F468 1F3FB	kiss: man, man, light skin tone	1F468 200D 2764 FE0F 200D 1F48B 200D 1F468
variant	family	1F468 1F3FB 200D 2764 FE0F 200D 1F48B 200D 1F468 1F3FC	kiss: man, man, light skin tone, medium-light skin tone	1F468 200D 2764 FE0F 200D 1F48B 200D 1F468
variant	family	1F468 1F3FB 200D 2764 FE0F 200D 1F48B 200D 1F468 1F3FD	kiss: man, man, light skin tone, medium skin tone	1F468 200D 2764 FE0F 200D 1F48B 200D 1F468
variant	family	1F468 1F3FB 200D 2764 FE0F 200D 1F48B 200D 1F468 1F3FE	kiss: man, man, light skin tone, medium-dark skin tone	1F468 200D 2764 FE0F 200D 1F48B 200D 1F468
variant	family	1F468 1F3FB 200D 2764 FE0F 200D 1F48B 200D 1F468 1F3FF	kiss: man, man, light skin tone, dark skin tone	1F468 200D 2764 FE0F 200D 1F48B 200D 1F468
variant	family	1F468 1F3FC 200D 2764 FE0F 200D 1F48B 200D 1F468 1F3FB	kiss: man, man, medium-light skin tone, light skin tone	1F468 200D 2764 FE0F 200D 1F48B 200D 1F468
variant	family	1F468 1F3FC 200D 2764 FE0F 200D 1F48B 200D 1F468 1F3FC	kiss: man, man, medium-light skin tone	1F468 200D 2764 FE0F 200D 1F48B 200D 1F468
variant	family	1F468 1F3FC 200D 2764 FE0F 200D 1F48B 200D 1F468 1F3FD	kiss: man, man, medium-light skin tone, medium skin tone	1F468 200D 2764 FE0F 200D 1F48B 200D 1F468
variant	family	1F468 1F3FC 200D 2764 FE0F 200D 1F48B 200D 1F468 1F3FE	kiss: man, man, medium-light skin tone, medium-dark skin tone	1F468 200D 2764 FE0F 200D 1F48B 200D 1F468
variant	family	1F468 1F3FC 200D 2764 FE0F 200D 1F48B 200D 1F468 1F3FF	kiss: man, man, medium-light skin tone, dark skin tone	1F468 200D 2764 FE0F 200D 1F48B 200D 1F468
variant	family	1F468 1F3FD 200D 2764 FE0F 200D 1F48B 200D 1F468 1F3FB	kiss: man, man, medium skin tone, light skin tone	1F468 200D 2764 FE0F 200D 1F48B 200D 1F468
variant	family	1F468 1F3FD 200D 2764 FE0F 200D 1F48B 200D 1F468 1F3FC	kiss: man, man, medium skin tone, medium-light skin tone	1F468 200D 2764 FE0F 200D 1F48B 200D 1F468
variant	family	1F468 1F3FD 200D 2764 FE0F 200D 1F48B 200D 1F468 1F3FD	kiss: man, man, medium skin tone	1F468 200D 2764 FE0F 200D 1F48B 200D 1F468
variant	family	1F468 1F3FD 200D 2764 FE0F 200D 1F48B 200D 1F468 1F3FE	kiss: man, man, medium skin tone, medium-dark skin tone	1F468 200D 2764 FE0F 200D 1F48B 200D 1F468
variant	family	1F468 1F3FD 200D 2764 FE0F 200D 1F48B 200D 1F468 1F3FF	kiss: man, man, medium skin tone, dark skin tone	1F468 200D 2764 FE0F 200D 1F48B 200D 1F468
variant	family	1F468 1F3FE 200D 2764 FE0F 200D 1F48B 200D 1F468 1F3FB	kiss: man, man, medium-dark skin tone, light skin tone	1F468 200D 2764 FE0F 200D 1F48B 200D 1F468
variant	family	1F468 1F3FE 200D 2764 FE0F 200D 1F48B 200D 1F468 1F3FC	kiss: man, man, medium-dark skin tone, medium-light skin tone	1F468 200D 2764 FE0F 200D 1F48B 200D 1F468
variant	family	1F468 1F3FE 200D 2764 FE0F 200D 1F48B 200D 1F468 1F3FD	kiss: man, man, medium-dark skin tone, medium skin tone	1F468 200D 2764 FE0F 200D 1F48B 200D 1F468
variant	family	1F468 1F3FE 200D 2764 FE0F 200D 1F48B 200D 1F468 1F3FE	kiss: man, man, medium-dark skin tone	1F468 200D 2764 FE0F 200D 1F48B 200D 1F468
variant	family	1F468 1F3FE 200D 2764 FE0F 200D 1F48B 200D 1F468 1F3FF	kiss: man, man, medium-dark skin tone, dark skin tone	1F468 200D 2764 FE0F 200D 1F48B 200D 1F468
variant	family	1F468 1F3FF 200D 2764 FE0F 200D 1F48B 200D 1F468 1F3FB	kiss: man, man, dark skin tone, light skin tone	1F468 200D 2764 FE0F 200D 1F48B 200D 1F468
variant	family	1F468 1F3FF 200D 2764 FE0F 200D 1F48B 200D 1F468 1F3FC	kiss: man, man, dark skin tone, medium-light skin tone	1F468 200D 2764 FE0F 200D 1F48B 200D 1F468
variant	family	1F468 1F3FF 200D 2764 FE0F 200D 1F48B 200D 1F468 1F3FD	kiss: man, man, dark skin tone, medium skin tone	1F468 200D 2764 FE0F 200D 1F48B 200D 1F468
variant	family	1F468 1F3FF 200D 2764 FE0F 200D 1F48B 200D 1F468 1F3FE	kiss: man, man, dark skin tone, medium-dark skin tone	1F468 200D 2764 FE0F 200D 1F48B 200D 1F468
variant	family	1F468 1F3FF 200D 2764 FE0F 200D 1F48B 200D 1F468 1F3FF	kiss: man, man, dark skin tone	1F468 200D 2764 FE0F 200D 1F48B 200D 1F468
people	family	1F469 200D 2764 FE0F 200D 1F48B 200D 1F469	kiss: woman, woman	
variant	family	1F469 1F3FB 200D 2764 FE0F 200D 1F48B 200D 1F469 1F3FB	kiss: woman, woman, light skin tone	1F469 200D 2764 FE0F 200D 1F48B 200D 1F469
variant	family	1F469 1F3FB 200D 2764 FE0F 200D 1F48B 200D 1F469 1F3FC	kiss: woman, woman, light skin tone, medium-light skin tone	1F469 200D 2764 FE0F 200D 1F48B 200D 1F469
variant	family	1F469 1F3FB 200D 2764 FE0F 200D 1F48B 200D 1F469 1F3FD	kiss: woman, woman, light skin tone, medium skin tone	1F469 200D 2764 FE0F 200D 1F48B 200D 1F469
variant	family	1F469 1F3FB 200D 2764 FE0F 200D 1F48B 200D 1F469 1F3FE	kiss: woman, woman, light skin tone, medium-dark skin tone	1F469 200D 2764 FE0F 200D 1F48B 200D 1F469
variant	family	1F469 1F3FB 200D 2764 FE0F 200D 1F48B 200D 1F469 1F3FF	kiss: woman, woman, light skin tone, dark skin tone	1F469 200D 2764 FE0F 200D 1F48B 200D 1F469
variant	family	1F469 1F3FC 200D 2764 FE0F 200D 1F48B 200D 1F469 1F3FB	kiss: woman, woman, medium-light skin tone, light skin tone	1F469 200D 2764 FE0F 200D 1F48B 200D 1F469
variant	family	1F469 1F3FC 200D 2764 FE0F 200D 1F48B 200D 1F469 1F3FC	kiss: woman, woman, medium-light skin tone	1F469 200D 2764 FE0F 200D 1F48B 200D 1F469
variant	family	1F469 1F3FC 200D 2764 FE0F 200D 1F48B 200D 1F469 1F3FD	kiss: woman, woman, medium-light skin tone, medium skin tone	1F469 200D 2764 FE0F 200D 1F48B 200D 1F469
variant	family	1F469 1F3FC 200D 2764 FE0F 200D 1F48B 200D 1F469 1F3FE	kiss: woman, woman, medium-light skin tone, medium-dark skin tone	1F469 200D 2764 FE0F 200D 1F48B 200D 1F469
variant	family	1F469 1F3FC 200D 2764 FE0F 200D 1F48B 200D 1F469 1F3FF	kiss: woman, woman, medium-light skin tone, dark skin tone	1F469 200D 2764 FE0F 200D 1F48B 200D 1F469
variant	family	1F469 1F3FD 200D 2764 FE0F 200D 1F48B 200D 1F469 1F3FB	kiss: woman, woman, medium skin tone, light skin tone	1F469 200D 2764 FE0F 200D 1F48B 200D 1F469
variant	family	1F469 1F3FD 200D 2764 FE0F 200D 1F48B 200D 1F469 1F3FC	kiss: woman, woman, medium skin tone, medium-light skin tone	1F469 200D 2764 FE0F 200D 1F48B 200D 1F469
variant	family	1F469 1F3FD 200D 2764 FE0F 200D 1F48B 200D 1F469 1F3FD	kiss: woman, woman, medium skin tone	1F469 200D 2764 FE0F 200D 1F48B 200D 1F469
variant	family	1F469 1F3FD 200D 2764 FE0F 200D 1F48B 200D 1F469 1F3FE	kiss: woman, woman, medium skin tone, medium-dark skin tone	1F469 200D 2764 FE0F 200D 1F48B 200D 1F469
variant	family	1F469 1F3FD 200D 2764 FE0F 200D 1F48B 200D 1F469 1F3FF	kiss: woman, woman, medium skin tone, dark skin tone	1F469 200D 2764 FE0F 200D 1F48B 200D 1F469
variant	family	1F469 1F3FE 200D 2764 FE0F 200D 1F48B 200D 1F469 1F3FB	kiss: woman, woman, medium-dark skin tone, light skin tone	1F469 200D 2764 FE0F 200D 1F48B 200D 1F469
variant	family	1F469 1F3FE 200D 2764 FE0F 200D 1F48B 200D 1F469 1F3FC	kiss: woman, woman, medium-dark skin tone, medium-light skin tone	1F469 200D 2764 FE0F 200D 1F48B 200D 1F469
variant	family	1F469 1F3FE 200D 2764 FE0F 200D 1F48B 200D 1F469 1F3FD	kiss: woman, woman, medium-dark skin tone, medium skin tone	1F469 200D 2764 FE0F 200D 1F48B 200D 1F469
variant	family	1F469 1F3FE 200D 2764 FE0F 200D 1F48B 200D 1F469 1F3FE	kiss: woman, woman, medium-dark skin tone	1F469 200D 2764 FE0F 200D 1F48B 200D 1F469
variant	family	1F469 1F3FE 200D 2764 FE0F 200D 1F48B 200D 1F469 1F3FF	kiss: woman, woman, medium-dark skin tone, dark skin tone	1F469 200D 2764 FE0F 200D 1F48B 200D 1F469
variant	family	1F469 1F3FF 200D 2764 FE0F 200D 1F48B 200D 1F469 1F3FB	kiss: woman, woman, dark skin tone, light skin tone	1F469 200D 2764 FE0F 200D 1F48B 200D 1F469
variant	family	1F469 1F3FF 200D 2764 FE0F 200D 1F48B 200D 1F469 1F3FC	kiss: woman, woman, dark skin tone, medium-light skin tone	1F469 200D 2764 FE0F 200D 1F48B 200D 1F469
variant	family	1F469 1F3FF 200D 2764 FE0F 200D 1F48B 200D 1F469 1F3FD	kiss: woman, woman, dark skin tone, medium skin tone	1F469 200D 2764 FE0F 200D 1F48B 200D 1F469
variant	family	1F469 1F3FF 200D 2764 FE0F 200D 1F48B 200D 1F469 1F3FE	kiss: woman, woman, dark skin tone, medium-dark skin tone	1F469 200D 2764 FE0F 200D 1F48B 200D 1F469
variant	family	1F469 1F3FF 200D 2764 FE0F 200D 1F48B 200D 1F469 1F3FF	kiss: woman, woman, dark skin tone	1F469 200D 2764 FE0F 200D 1F48B 200D 1F469
people	family	1F491	couple with heart	
variant	family	1F491 1F3FB	couple with heart: light skin tone	1F491
variant	family	1F491 1F3FC	couple with heart: medium-light skin tone	1F491
variant	family	1F491 1F3FD	couple with heart: medium skin tone	1F491
variant	family	1F491 1F3FE	couple with heart: medium-dark skin tone	1F491
variant	family	1F491 1F3FF	couple with heart: dark skin tone	1F491
variant	family	1F9D1 1F3FB 200D 2764 FE0F 200D 1F9D1 1F3FC	couple with heart: person, person, light skin tone, medium-light skin tone	1F9D1 200D 2764 FE0F 200D 1F9D1
variant	family	1F9D1 1F3FB 200D 2764 FE0F 200D 1F9D1 1F3FD	couple with heart: person, person, light skin tone, medium skin tone	1F9D1 200D 2764 FE0F 200D 1F9D1
variant	family	1F9D1 1F3FB 200D 2764 FE0F 200D 1F9D1 1F3FE	couple with heart: person, person, light skin tone, medium-dark skin tone	1F9D1 200D 2764 FE0F 200D 1F9D1
variant	family	1F9D1 1F3FB 200D 2764 FE0F 200D 1F9D1 1F3FF	couple with heart: person, person, light skin tone, dark skin tone	1F9D1 200D 2764 FE0F 200D 1F9D1
variant	family	1F9D1 1F3FC 200D 2764 FE0F 200D 1F9D1 1F3FB	couple with heart: person, person, medium-light skin tone, light skin tone	1F9D1 200D 2764 FE0F 200D 1F9D1
variant	family	1F9D1 1F3FC 200D 2764 FE0F 200D 1F9D1 1F3FD	couple with heart: person, person, medium-light skin tone, medium skin tone	1F9D1 200D 2764 FE0F 200D 1F9D1
variant	family	1F9D1 1F3FC 200D 2764 FE0F 200D 1F9D1 1F3FE	couple with heart: person, person, medium-light skin tone, medium-dark skin tone	1F9D1 200D 2764 FE0F 200D 1F9D1
variant	family	1F9D1 1F3FC 200D 2764 FE0F 200D 1F9D1 1F3FF	couple with heart: person, person, medium-light skin tone, dark skin tone	1F9D1 200D 2764 FE0F 200D 1F9D1
variant	family	1F9D1 1F3FD 200D 2764 FE0F 200D 1F9D1 1F3FB	couple with heart: person, person, medium skin tone, light skin tone	1F9D1 200D 2764 FE0F 200D 1F9D1
variant	family	1F9D1 1F3FD 200D 2764 FE0F 200D 1F9D1 1F3FC	couple with heart: person, person, medium skin tone, medium-light skin tone	1F9D1 200D 2764 FE0F 200D 1F9D1
variant	family	1F9D1 1F3FD 200D 2764 FE0F 200D 1F9D1 1F3FE	couple with heart: person, person, medium skin tone, medium-dark skin tone	1F9D1 200D 2764 FE0F 200D 1F9D1
variant	family	1F9D1 1F3FD 200D 2764 FE0F 200D 1F9D1 1F3FF	couple with heart: person, person, medium skin tone, dark skin tone	1F9D1 200D 2764 FE0F 200D 1F9D1
variant	family	1F9D1 1F3FE 200D 2764 FE0F 200D 1F9D1 1F3FB	couple with heart: person, person, medium-dark skin tone, light skin tone	1F9D1 200D 2764 FE0F 200D 1F9D1
variant	family	1F9D1 1F3FE 200D 2764 FE0F 200D 1F9D1 1F3FC	couple with heart: person, person, medium-dark skin tone, medium-light skin tone	1F9D1 200D 2764 FE0F 200D 1F9D1
variant	family	1F9D1 1F3FE 200D 2764 FE0F 200D 1F9D1 1F3FD	couple with heart: person, person, medium-dark skin tone, medium skin tone	1F9D1 200D 2764 FE0F 200D 1F9D1
variant	family	1F9D1 1F3FE 200D 2764 FE0F 200D 1F9D1 1F3FF	couple with heart: person, person, medium-dark skin tone, dark skin tone	1F9D1 200D 2764 FE0F 200D 1F9D1
variant	family	1F9D1 1F3FF 200D 2764 FE0F 200D 1F9D1 1F3FB	couple with heart: person, person, dark skin tone, light skin tone	1F9D1 200D 2764 FE0F 200D 1F9D1
variant	family	1F9D1 1F3FF 200D 2764 FE0F 200D 1F9D1 1F3FC	couple with heart: person, person, dark skin tone, medium-light skin tone	1F9D1 200D 2764 FE0F 200D 1F9D1
variant	family	1F9D1 1F3FF 200D 2764 FE0F 200D 1F9D1 1F3FD	couple with heart: person, person, dark skin tone, medium skin tone	1F9D1 200D 2764 FE0F 200D 1F9D1
variant	family	1F9D1 1F3FF 200D 2764 FE0F 200D 1F9D1 1F3FE	couple with heart: person, person, dark skin tone, medium-dark skin tone	1F9D1 200D 2764 FE0F 200D 1F9D1
people	family	1F469 200D 2764 FE0F 200D 1F468	couple with heart: woman, man	
variant	family	1F469 1F3FB 200D 2764 FE0F 200D 1F468 1F3FB	couple with heart: woman, man, light skin tone	1F469 200D 2764 FE0F 200D 1F468
variant	family	1F469 1F3FB 200D 2764 FE0F 200D 1F468 1F3FC	couple with heart: woman, man, light skin tone, medium-light skin tone	1F469 200D 2764 FE0F 200D 1F468
variant	family	1F469 1F3FB 200D 2764 FE0F 200D 1F468 1F3FD	couple with heart: woman, man, light skin tone, medium skin tone	1F469 200D 2764 FE0F 200D 1F468
variant	family	1F469 1F3FB 200D 2764 FE0F 200D 1F468 1F3FE	couple with heart: woman, man, light skin tone, medium-dark skin tone	1F469 200D 2764 FE0F 200D 1F468
variant	family	1F469 1F3FB 200D 2764 FE0F 200D 1F468 1F3FF	couple with heart: woman, man, light skin tone, dark skin tone	1F469 200D 2764 FE0F 200D 1F468
variant	family	1F469 1F3FC 200D 2764 FE0F 200D 1F468 1F3FB	couple with heart: woman, man, medium-light skin tone, light skin tone	1F469 200D 2764 FE0F 200D 1F468
variant	family	1F469 1F3FC 200D 2764 FE0F 200D 1F468 1F3FC	couple with heart: woman, man, medium-light skin tone	1F469 200D 2764 FE0F 200D 1F468
variant	family	1F469 1F3FC 200D 2764 FE0F 200D 1F468 1F3FD	couple with heart: woman, man, medium-light skin tone, medium skin tone	1F469 200D 2764 FE0F 200D 1F468
variant	family	1F469 1F3FC 200D 2764 FE0F 200D 1F468 1F3FE	couple with heart: woman, man, medium-light skin tone, medium-dark skin tone	1F469 200D 2764 FE0F 200D 1F468
variant	family	1F469 1F3FC 200D 2764 FE0F 200D 1F468 1F3FF	couple with heart: woman, man, medium-light skin tone, dark skin tone	1F469 200D 2764 FE0F 200D 1F468
variant	family	1F469 1F3FD 200D 2764 FE0F 200D 1F468 1F3FB	couple with heart: woman, man, medium skin tone, light skin tone	1F469 200D 2764 FE0F 200D 1F468
variant	family	1F469 1F3FD 200D 2764 FE0F 200D 1F468 1F3FC	couple with heart: woman, man, medium skin tone, medium-light skin tone	1F469 200D 2764 FE0F 200D 1F468
variant	family	1F469 1F3FD 200D 2764 FE0F 200D 1F468 1F3FD	couple with heart: woman, man, medium skin tone	1F469 200D 2764 FE0F 200D 1F468
variant	family	1F469 1F3FD 200D 2764 FE0F 200D 1F468 1F3FE	couple with heart: woman, man, medium skin tone, medium-dark skin tone	1F469 200D 2764 FE0F 200D 1F468
variant	family	1F469 1F3FD 200D 2764 FE0F 200D 1F468 1F3FF	couple with heart: woman, man, medium skin tone, dark skin tone	1F469 200D 2764 FE0F 200D 1F468
variant	family	1F469 1F3FE 200D 2764 FE0F 200D 1F468 1F3FB	couple with heart: woman, man, medium-dark skin tone, light skin tone	1F469 200D 2764 FE0F 200D 1F468
variant	family	1F469 1F3FE 200D 2764 FE0F 200D 1F468 1F3FC	couple with heart: woman, man, medium-dark skin tone, medium-light skin tone	1F469 200D 2764 FE0F 200D 1F468
variant	family	1F469 1F3FE 200D 2764 FE0F 200D 1F468 1F3FD	couple with heart: woman, man, medium-dark skin tone, medium skin tone	1F469 200D 2764 FE0F 200D 1F468
variant	family	1F469 1F3FE 200D 2764 FE0F 200D 1F468 1F3FE	couple with heart: woman, man, medium-dark skin tone	1F469 200D 2764 FE0F 200D 1F468
variant	family	1F469 1F3FE 200D 2764 FE0F 200D 1F468 1F3FF	couple with heart: woman, man, medium-dark skin tone, dark skin tone	1F469 200D 2764 FE0F 200D 1F468
variant	family	1F469 1F3FF 200D 2764 FE0F 200D 1F468 1F3FB	couple with heart: woman, man, dark skin tone, light skin tone	1F469 200D 2764 FE0F 200D 1F468
variant	family	1F469 1F3FF 200D 2764 FE0F 200D 1F468 1F3FC	couple with heart: woman, man, dark skin tone, medium-light skin tone	1F469 200D 2764 FE0F 200D 1F468
variant	family	1F469 1F3FF 200D 2764 FE0F 200D 1F468 1F3FD	couple with heart: woman, man, dark skin tone, medium skin tone	1F469 200D 2764 FE0F 200D 1F468
variant	family	1F469 1F3FF 200D 2764 FE0F 200D 1F468 1F3FE	couple with heart: woman, man, dark skin tone, medium-dark skin tone	1F469 200D 2764 FE0F 200D 1F468
variant	family	1F469 1F3FF 200D 2764 FE0F 200D 1F468 1F3FF	couple with heart: woman, man, dark skin tone	1F469 200D 2764 FE0F 200D 1F468
people	family	1F468 200D 2764 FE0F 200D 1F468	couple with heart: man, man	
variant	family	1F468 1F3FB 200D 2764 FE0F 200D 1F468 1F3FB	couple with heart: man, man, light skin tone	1F468 200D 2764 FE0F 200D 1F468
variant	family	1F468 1F3FB 200D 2764 FE0F 200D 1F468 1F3FC	couple with heart: man, man, light skin tone, medium-light skin tone	1F468 200D 2764 FE0F 200D 1F468
variant	family	1F468 1F3FB 200D 2764 FE0F 200D 1F468 1F3FD	couple with heart: man, man, light skin tone, medium skin tone	1F468 200D 2764 FE0F 200D 1F468
variant	family	1F468 1F3FB 200D 2764 FE0F 200D 1F468 1F3FE	couple with heart: man, man, light skin tone, medium-dark skin tone	1F468 200D 2764 FE0F 200D 1F468
variant	family	1F468 1F3FB 200D 2764 FE0F 200D 1F468 1F3FF	couple with heart: man, man, light skin tone, dark skin tone	1F468 200D 2764 FE0F 200D 1F468
variant	family	1F468 1F3FC 200D 2764 FE0F 200D 1F468 1F3FB	couple with heart: man, man, medium-light skin tone, light skin tone	1F468 200D 2764 FE0F 200D 1F468
variant	family	1F468 1F3FC 200D 2764 FE0F 200D 1F468 1F3FC	couple with heart: man, man, medium-light skin tone	1F468 200D 2764 FE0F 200D 1F468
variant	family	1F468 1F3FC 200D 2764 FE0F 200D 1F468 1F3FD	couple with heart: man, man, medium-light skin tone, medium skin tone	1F468 200D 2764 FE0F 200D 1F468
variant	family	1F468 1F3FC 200D 2764 FE0F 200D 1F468 1F3FE	couple with heart: man, man, medium-light skin tone, medium-dark skin tone	1F468 200D 2764 FE0F 200D 1F468
variant	family	1F468 1F3FC 200D 2764 FE0F 200D 1F468 1F3FF	couple with heart: man, man, medium-light skin tone, dark skin tone	1F468 200D 2764 FE0F 200D 1F468
variant	family	1F468 1F3FD 200D 2764 FE0F 200D 1F468 1F3FB	couple with heart: man, man, medium skin tone, light skin tone	1F468 200D 2764 FE0F 200D 1F468
variant	family	1F468 1F3FD 200D 2764 FE0F 200D 1F468 1F3FC	couple with heart: man, man, medium skin tone, medium-light skin tone	1F468 200D 2764 FE0F 200D 1F468
variant	family	1F468 1F3FD 200D 2764 FE0F 200D 1F468 1F3FD	couple with heart: man, man, medium skin tone	1F468 200D 2764 FE0F 200D 1F468
variant	family	1F468 1F3FD 200D 2764 FE0F 200D 1F468 1F3FE	couple with heart: man, man, medium skin tone, medium-dark skin tone	1F468 200D 2764 FE0F 200D 1F468
variant	family	1F468 1F3FD 200D 2764 FE0F 200D 1F468 1F3FF	couple with heart: man, man, medium skin tone, dark skin tone	1F468 200D 2764 FE0F 200D 1F468
variant	family	1F468 1F3FE 200D 2764 FE0F 200D 1F468 1F3FB	couple with heart: man, man, medium-dark skin tone, light skin tone	1F468 200D 2764 FE0F 200D 1F468
variant	family	1F468 1F3FE 200D 2764 FE0F 200D 1F468 1F3FC	couple with heart: man, man, medium-dark skin tone, medium-light skin tone	1F468 200D 2764 FE0F 200D 1F468
variant	family	1F468 1F3FE 200D 2764 FE0F 200D 1F468 1F3FD	couple with heart: man, man, medium-dark skin tone, medium skin tone	1F468 200D 2764 FE0F 200D 1F468
variant	family	1F468 1F3FE 200D 2764 FE0F 200D 1F468 1F3FE	couple with heart: man, man, medium-dark skin tone	1F468 200D 2764 FE0F 200D 1F468
variant	family	1F468 1F3FE 200D 2764 FE0F 200D 1F468 1F3FF	couple with heart: man, man, medium-dark skin tone, dark skin tone	1F468 200D 2764 FE0F 200D 1F468
variant	family	1F468 1F3FF 200D 2764 FE0F 200D 1F468 1F3FB	couple with heart: man, man, dark skin tone, light skin tone	1F468 200D 2764 FE0F 200D 1F468
variant	family	1F468 1F3FF 200D 2764 FE0F 200D 1F468 1F3FC	couple with heart: man, man, dark skin tone, medium-light skin tone	1F468 200D 2764 FE0F 200D 1F468
variant	family	1F468 1F3FF 200D 2764 FE0F 200D 1F468 1F3FD	couple with heart: man, man, dark skin tone, medium skin tone	1F468 200D 2764 FE0F 200D 1F468
variant	family	1F468 1F3FF 200D 2764 FE0F 200D 1F468 1F3FE	couple with heart: man, man, dark skin tone, medium-dark skin tone	1F468 200D 2764 FE0F 200D 1F468
variant	family	1F468 1F3FF 200D 2764 FE0F 200D 1F468 1F3FF	couple with heart: man, man, dark skin tone	1F468 200D 2764 FE0F 200D 1F468
people	family	1F469 200D 2764 FE0F 200D 1F469	couple with heart: woman, woman	
variant	family	1F469 1F3FB 200D 2764 FE0F 200D 1F469 1F3FB	couple with heart: woman, woman, light skin tone	1F469 200D 2764 FE0F 200D 1F469
variant	family	1F469 1F3FB 200D 2764 FE0F 200D 1F469 1F3FC	couple with heart: woman, woman, light skin tone, medium-light skin tone	1F469 200D 2764 FE0F 200D 1F469
variant	family	1F469 1F3FB 200D 2764 FE0F 200D 1F469 1F3FD	couple with heart: woman, woman, light skin tone, medium skin tone	1F469 200D 2764 FE0F 200D 1F469
variant	family	1F469 1F3FB 200D 2764 FE0F 200D 1F469 1F3FE	couple with heart: woman, woman, light skin tone, medium-dark skin tone	1F469 200D 2764 FE0F 200D 1F469
variant	family	1F469 1F3FB 200D 2764 FE0F 200D 1F469 1F3FF	couple with heart: woman, woman, light skin tone, dark skin tone	1F469 200D 2764 FE0F 200D 1F469
variant	family	1F469 1F3FC 200D 2764 FE0F 200D 1F469 1F3FB	couple with heart: woman, woman, medium-light skin tone, light skin tone	1F469 200D 2764 FE0F 200D 1F469
variant	family	1F469 1F3FC 200D 2764 FE0F 200D 1F469 1F3FC	couple with heart: woman, woman, medium-light skin tone	1F469 200D 2764 FE0F 200D 1F469
variant	family	1F469 1F3FC 200D 2764 FE0F 200D 1F469 1F3FD	couple with heart: woman, woman, medium-light skin tone, medium skin tone	1F469 200D 2764 FE0F 200D 1F469
variant	family	1F469 1F3FC 200D 2764 FE0F 200D 1F469 1F3FE	couple with heart: woman, woman, medium-light skin tone, medium-dark skin tone	1F469 200D 2764 FE0F 200D 1F469
variant	family	1F469 1F3FC 200D 2764 FE0F 200D 1F469 1F3FF	couple with heart: woman, woman, medium-light skin tone, dark skin tone	1F469 200D 2764 FE0F 200D 1F469
variant	family	1F469 1F3FD 200D 2764 FE0F 200D 1F469 1F3FB	couple with heart: woman, woman, medium skin tone, light skin tone	1F469 200D 2764 FE0F 200D 1F469
variant	family	1F469 1F3FD 200D 2764 FE0F 200D 1F469 1F3FC	couple with heart: woman, woman, medium skin tone, medium-light skin tone	1F469 200D 2764 FE0F 200D 1F469
variant	family	1F469 1F3FD 200D 2764 FE0F 200D 1F469 1F3FD	couple with heart: woman, woman, medium skin tone	1F469 200D 2764 FE0F 200D 1F469
variant	family	1F469 1F3FD 200D 2764 FE0F 200D 1F469 1F3FE	couple with heart: woman, woman, medium skin tone, medium-dark skin tone	1F469 200D 2764 FE0F 200D 1F469
variant	family	1F469 1F3FD 200D 2764 FE0F 200D 1F469 1F3FF	couple with heart: woman, woman, medium skin tone, dark skin tone	1F469 200D 2764 FE0F 200D 1F469
variant	family	1F469 1F3FE 200D 2764 FE0F 200D 1F469 1F3FB	couple with heart: woman, woman, medium-dark skin tone, light skin tone	1F469 200D 2764 FE0F 200D 1F469
variant	family	1F469 1F3FE 200D 2764 FE0F 200D 1F469 1F3FC	couple with heart: woman, woman, medium-dark skin tone, medium-light skin tone	1F469 200D 2764 FE0F 200D 1F469
variant	family	1F469 1F3FE 200D 2764 FE0F 200D 1F469 1F3FD	couple with heart: woman, woman, medium-dark skin tone, medium skin tone	1F469 200D 2764 FE0F 200D 1F469
variant	family	1F469 1F3FE 200D 2764 FE0F 200D 1F469 1F3FE	couple with heart: woman, woman, medium-dark skin tone	1F469 200D 2764 FE0F 200D 1F469
variant	family	1F469 1F3FE 200D 2764 FE0F 200D 1F469 1F3FF	couple with heart: woman, woman, medium-dark skin tone, dark skin tone	1F469 200D 2764 FE0F 200D 1F469
variant	family	1F469 1F3FF 200D 2764 FE0F 200D 1F469 1F3FB	couple with heart: woman, woman, dark skin tone, light skin tone	1F469 200D 2764 FE0F 200D 1F469
variant	family	1F469 1F3FF 200D 2764 FE0F 200D 1F469 1F3FC	couple with heart: woman, woman, dark skin tone, medium-light skin tone	1F469 200D 2764 FE0F 200D 1F469
variant	family	1F469 1F3FF 200D 2764 FE0F 200D 1F469 1F3FD	couple with heart: woman, woman, dark skin tone, medium skin tone	1F469 200D 2764 FE0F 200D 1F469
variant	family	1F469 1F3FF 200D 2764 FE0F 200D 1F469 1F3FE	couple with heart: woman, woman, dark skin tone, medium-dark skin tone	1F469 200D 2764 FE0F 200D 1F469
variant	family	1F469 1F3FF 200D 2764 FE0F 200D 1F469 1F3FF	couple with heart: woman, woman, dark skin tone	1F469 200D 2764 FE0F 200D 1F469
people	family	1F468 200D 1F469 200D 1F466	family: man, woman, boy	
people	family	1F468 200D 1F469 200D 1F467	family: man, woman, girl	
people	family	1F468 200D 1F469 200D 1F467 200D 1F466	family: man, woman, girl, boy	
people	family	1F468 200D 1F469 200D 1F466 200D 1F466	family: man, woman, boy, boy	
people	family	1F468 200D 1F469 200D 1F467 200D 1F467	family: man, woman, girl, girl	
people	family	1F468 200D 1F468 200D 1F466	family: man, man, boy	
people	family	1F468 200D 1F468 200D 1F467	family: man, man, girl	
people	family	1F468 200D 1F468 200D 1F467 200D 1F466	family: man, man, girl, boy	
people	family	1F468 200D 1F468 200D 1F466 200D 1F466	family: man, man, boy, boy	
people	family	1F468 200D 1F468 200D 1F467 200D 1F467	family: man, man, girl, girl	
people	family	1F469 200D 1F469 200D 1F466	family: woman, woman, boy	
people	family	1F469 200D 1F469 200D 1F467	family: woman, woman, girl	
people	family	1F469 200D 1F469 200D 1F467 200D 1F466	family: woman, woman, girl, boy	
people	family	1F469 200D 1F469 200D 1F466 200D 1F466	family: woman, woman, boy, boy	
people	family	1F469 200D 1F469 200D 1F467 200D 1F467	family: woman, woman, girl, girl	
people	family	1F468 200D 1F466	family: man, boy	
people	family	1F468 200D 1F466 200D 1F466	family: man, boy, boy	
people	family	1F468 200D 1F467	family: man, girl	
people	family	1F468 200D 1F467 200D 1F466	family: man, girl, boy	
people	family	1F468 200D 1F467 200D 1F467	family: man, girl, girl	
people	family	1F469 200D 1F466	family: woman, boy	
people	family	1F469 200D 1F466 200D 1F466	family: woman, boy, boy	
people	family	1F469 200D 1F467	family: woman, girl	
people	family	1F469 200D 1F467 200D 1F466	family: woman, girl, boy	
people	family	1F469 200D 1F467 200D 1F467	family: woman, girl, girl	
people	person-symbol	1F5E3 FE0F	speaking head	
people	person-symbol	1F464	bust in silhouette	
people	person-symbol	1F465	busts in silhouette	
people	person-symbol	1FAC2	people hugging	
people	person-symbol	1F46A	family	
people	person-symbol	1F9D1 200D 1F9D1 200D 1F9D2	family: adult, adult, child	
people	person-symbol	1F9D1 200D 1F9D1 200D 1F9D2 200D 1F9D2	family: adult, adult, child, child	
people	person-symbol	1F9D1 200D 1F9D2	family: adult, child	
people	person-symbol	1F9D1 200D 1F9D2 200D 1F9D2	family: adult, child, child	
people	person-symbol	1F463	footprints	
nature	animal-mammal	1F435	monkey face	
nature	animal-mammal	1F412	monkey	
nature	animal-mammal	1F98D	gorilla	
nature	animal-mammal	1F9A7	orangutan	
nature	animal-mammal	1F436	dog face	
nature	animal-mammal	1F415	dog	
nature	animal-mammal	1F9AE	guide dog	
nature	animal-mammal	1F415 200D 1F9BA	service dog	
nature	animal-mammal	1F429	poodle	
nature	animal-mammal	1F43A	wolf	
nature	animal-mammal	1F98A	fox	
nature	animal-mammal	1F99D	raccoon	
nature	animal-mammal	1F431	cat face	
nature	animal-mammal	1F408	cat	
nature	animal-mammal	1F408 200D 2B1B	black cat	
nature	animal-mammal	1F981	lion	
nature	animal-mammal	1F42F	tiger face	
nature	animal-mammal	1F405	tiger	
nature	animal-mammal	1F406	leopard	
nature	animal-mammal	1F434	horse face	
nature	animal-mammal	1FACE	moose	
nature	animal-mammal	1FACF	donkey	
nature	animal-mammal	1F40E	horse	
nature	animal-mammal	1F984	unicorn	
nature	animal-mammal	1F993	zebra	
nature	animal-mammal	1F98C	deer	
nature	animal-mammal	1F9AC	bison	
nature	animal-mammal	1F42E	cow face	
nature	animal-mammal	1F402	ox	
nature	animal-mammal	1F403	water buffalo	
nature	animal-mammal	1F404	cow	
nature	animal-mammal	1F437	pig face	
nature	animal-mammal	1F416	pig	
nature	animal-mammal	1F417	boar	
nature	animal-mammal	1F43D	pig nose	
nature	animal-mammal	1F40F	ram	
nature	animal-mammal	1F411	ewe	
nature	animal-mammal	1F410	goat	
nature	animal-mammal	1F42A	camel	
nature	animal-mammal	1F42B	two-hump camel	
nature	animal-mammal	1F999	llama	
nature	animal-mammal	1F992	giraffe	
nature	animal-mammal	1F418	elephant	
nature	animal-mammal	1F9A3	mammoth	
nature	animal-mammal	1F98F	rhinoceros	
nature	animal-mammal	1F99B	hippopotamus	
nature	animal-mammal	1F42D	mouse face	
nature	animal-mammal	1F401	mouse	
nature	animal-mammal	1F400	rat	
nature	animal-mammal	1F439	hamster	
nature	animal-mammal	1F430	rabbit face	
nature	animal-mammal	1F407	rabbit	
nature	animal-mammal	1F43F FE0F	chipmunk	
nature	animal-mammal	1F9AB	beaver	
nature	animal-mammal	1F994	hedgehog	
nature	animal-mammal	1F987	bat	
nature	animal-mammal	1F43B	bear	
nature	animal-mammal	1F43B 200D 2744 FE0F	polar bear	
nature	animal-mammal	1F428	koala	
nature	animal-mammal	1F43C	panda	
nature	animal-mammal	1F9A5	sloth	
nature	animal-mammal	1F9A6	otter	
nature	animal-mammal	1F9A8	skunk	
nature	animal-mammal	1F998	kangaroo	
nature	animal-mammal	1F9A1	badger	
nature	animal-mammal	1F43E	paw prints	
nature	animal-bird	1F983	turkey	
nature	animal-bird	1F414	chicken	
nature	animal-bird	1F413	rooster	
nature	animal-bird	1F423	hatching chick	
nature	animal-bird	1F424	baby chick	
nature	animal-bird	1F425	front-facing baby chick	
nature	animal-bird	1F426	bird	
nature	animal-bird	1F427	penguin	
nature	animal-bird	1F54A FE0F	dove	
nature	animal-bird	1F985	eagle	
nature	animal-bird	1F986	duck	
nature	animal-bird	1F9A2	swan	
nature	animal-bird	1F989	owl	
nature	animal-bird	1F9A4	dodo	
nature	animal-bird	1FAB6	feather	
nature	animal-bird	1F9A9	flamingo	
nature	animal-bird	1F99A	peacock	
nature	animal-bird	1F99C	parrot	
nature	animal-bird	1FABD	wing	
nature	animal-bird	1F426 200D 2B1B	black bird	
nature	animal-bird	1FABF	goose	
nature	animal-bird	1F426 200D 1F525	phoenix	
nature	animal-amphibian	1F438	frog	
nature	animal-reptile	1F40A	crocodile	
nature	animal-reptile	1F422	turtle	
nature	animal-reptile	1F98E	lizard	
nature	animal-reptile	1F40D	snake	
nature	animal-reptile	1F432	dragon face	
nature	animal-reptile	1F409	dragon	
nature	animal-reptile	1F995	sauropod	
nature	animal-reptile	1F996	T-Rex	
nature	animal-marine	1F433	spouting whale	
nature	animal-marine	1F40B	whale	
nature	animal-marine	1F42C	dolphin	
nature	animal-marine	1F9AD	seal	
nature	animal-marine	1F41F	fish	
nature	animal-marine	1F420	tropical fish	
nature	animal-marine	1F421	blowfish	
nature	animal-marine	1F988	shark	
nature	animal-marine	1F419	octopus	
nature	animal-marine	1F41A	spiral shell	
nature	animal-marine	1FAB8	coral	
nature	animal-marine	1FABC	jellyfish	
nature	animal-bug	1F40C	snail	
nature	animal-bug	1F98B	butterfly	
nature	animal-bug	1F41B	bug	
nature	animal-bug	1F41C	ant	
nature	animal-bug	1F41D	honeybee	
nature	animal-bug	1FAB2	beetle	
nature	animal-bug	1F41E	lady beetle	
nature	animal-bug	1F997	cricket	
nature	animal-bug	1FAB3	cockroach	
nature	animal-bug	1F577 FE0F	spider	
nature	animal-bug	1F578 FE0F	spider web	
nature	animal-bug	1F982	scorpion	
nature	animal-bug	1F99F	mosquito	
nature	animal-bug	1FAB0	fly	
nature	animal-bug	1FAB1	worm	
nature	animal-bug	1F9A0	microbe	
nature	plant-flower	1F490	bouquet	
nature	plant-flower	1F338	cherry blossom	
nature	plant-flower	1F4AE	white flower	
nature	plant-flower	1FAB7	lotus	
nature	plant-flower	1F3F5 FE0F	rosette	
nature	plant-flower	1F339	rose	
nature	plant-flower	1F940	wilted flower	
nature	plant-flower	1F33A	hibiscus	
nature	plant-flower	1F33B	sunflower	
nature	plant-flower	1F33C	blossom	
nature	plant-flower	1F337	tulip	
nature	plant-flower	1FABB	hyacinth	
nature	plant-other	1F331	seedling	
nature	plant-other	1FAB4	potted plant	
nature	plant-other	1F332	evergreen tree	
nature	plant-other	1F333	deciduous tree	
nature	plant-other	1F334	palm tree	
nature	plant-other	1F335	cactus	
nature	plant-other	1F33E	sheaf of rice	
nature	plant-other	1F33F	herb	
nature	plant-other	2618 FE0F	shamrock	
nature	plant-other	1F340	four leaf clover	
nature	plant-other	1F341	maple leaf	
nature	plant-other	1F342	fallen leaf	
nature	plant-other	1F343	leaf fluttering in wind	
nature	plant-other	1FAB9	empty nest	
nature	plant-other	1FABA	nest with eggs	
nature	plant-other	1F344	mushroom	
food	food-fruit	1F347	grapes	
food	food-fruit	1F348	melon	
food	food-fruit	1F349	watermelon	
food	food-fruit	1F34A	tangerine	
food	food-fruit	1F34B	lemon	
food	food-fruit	1F34B 200D 1F7E9	lime	
food	food-fruit	1F34C	banana	
food	food-fruit	1F34D	pineapple	
food	food-fruit	1F96D	mango	
food	food-fruit	1F34E	red apple	
food	food-fruit	1F34F	green apple	
food	food-fruit	1F350	pear	
food	food-fruit	1F351	peach	
food	food-fruit	1F352	cherries	
food	food-fruit	1F353	strawberry	
food	food-fruit	1FAD0	blueberries	
food	food-fruit	1F95D	kiwi fruit	
food	food-fruit	1F345	tomato	
food	food-fruit	1FAD2	olive	
food	food-fruit	1F965	coconut	
food	food-vegetable	1F951	avocado	
food	food-vegetable	1F346	eggplant	
food	food-vegetable	1F954	potato	
food	food-vegetable	1F955	carrot	
food	food-vegetable	1F33D	ear of corn	
food	food-vegetable	1F336 FE0F	hot pepper	
food	food-vegetable	1FAD1	bell pepper	
food	food-vegetable	1F952	cucumber	
food	food-vegetable	1F96C	leafy green	
food	food-vegetable	1F966	broccoli	
food	food-vegetable	1F9C4	garlic	
food	food-vegetable	1F9C5	onion	
food	food-vegetable	1F95C	peanuts	
food	food-vegetable	1FAD8	beans	
food	food-vegetable	1F330	chestnut	
food	food-vegetable	1FADA	ginger root	
food	food-vegetable	1FADB	pea pod	
food	food-vegetable	1F344 200D 1F7EB	brown mushroom	
food	food-prepared	1F35E	bread	
food	food-prepared	1F950	croissant	
food	food-prepared	1F956	baguette bread	
food	food-prepared	1FAD3	flatbread	
food	food-prepared	1F968	pretzel	
food	food-prepared	1F96F	bagel	
food	food-prepared	1F95E	pancakes	
food	food-prepared	1F9C7	waffle	
food	food-prepared	1F9C0	cheese wedge	
food	food-prepared	1F356	meat on bone	
food	food-prepared	1F357	poultry leg	
food	food-prepared	1F969	cut of meat	
food	food-prepared	1F953	bacon	
food	food-prepared	1F354	hamburger	
food	food-prepared	1F35F	french fries	
food	food-prepared	1F355	pizza	
food	food-prepared	1F32D	hot dog	
food	food-prepared	1F96A	sandwich	
food	food-prepared	1F32E	taco	
food	food-prepared	1F32F	burrito	
food	food-prepared	1FAD4	tamale	
food	food-prepared	1F959	stuffed flatbread	
food	food-prepared	1F9C6	falafel	
food	food-prepared	1F95A	egg	
food	food-prepared	1F373	cooking	
food	food-prepared	1F958	shallow pan of food	
food	food-prepared	1F372	pot of food	
food	food-prepared	1FAD5	fondue	
food	food-prepared	1F963	bowl with spoon	
food	food-prepared	1F957	green salad	
food	food-prepared	1F37F	popcorn	
food	food-prepared	1F9C8	butter	
food	food-prepared	1F9C2	salt	
food	food-prepared	1F96B	canned food	
food	food-asian	1F371	bento box	
food	food-asian	1F358	rice cracker	
food	food-asian	1F359	rice ball	
food	food-asian	1F35A	cooked rice	
food	food-asian	1F35B	curry rice	
food	food-asian	1F35C	steaming bowl	
food	food-asian	1F35D	spaghetti	
food	food-asian	1F360	roasted sweet potato	
food	food-asian	1F362	oden	
food	food-asian	1F363	sushi	
food	food-asian	1F364	fried shrimp	
food	food-asian	1F365	fish cake with swirl	
food	food-asian	1F96E	moon cake	
food	food-asian	1F361	dango	
food	food-asian	1F95F	dumpling	
food	food-asian	1F960	fortune cookie	
food	food-asian	1F961	takeout box	
food	food-marine	1F980	crab	
food	food-marine	1F99E	lobster	
food	food-marine	1F990	shrimp	
food	food-marine	1F991	squid	
food	food-marine	1F9AA	oyster	
food	food-sweet	1F366	soft ice cream	
food	food-sweet	1F367	shaved ice	
food	food-sweet	1F368	ice cream	
food	food-sweet	1F369	doughnut	
food	food-sweet	1F36A	cookie	
food	food-sweet	1F382	birthday cake	
food	food-sweet	1F370	shortcake	
food	food-sweet	1F9C1	cupcake	
food	food-sweet	1F967	pie	
food	food-sweet	1F36B	chocolate bar	
food	food-sweet	1F36C	candy	
food	food-sweet	1F36D	lollipop	
food	food-sweet	1F36E	custard	
food	food-sweet	1F36F	honey pot	
food	drink	1F37C	baby bottle	
food	drink	1F95B	glass of milk	
food	drink	2615	hot beverage	
food	drink	1FAD6	teapot	
food	drink	1F375	teacup without handle	
food	drink	1F376	sake	
food	drink	1F37E	bottle with popping cork	
food	drink	1F377	wine glass	
food	drink	1F378	cocktail glass	
food	drink	1F379	tropical drink	
food	drink	1F37A	beer mug	
food	drink	1F37B	clinking beer mugs	
food	drink	1F942	clinking glasses	
food	drink	1F943	tumbler glass	
food	drink	1FAD7	pouring liquid	
food	drink	1F964	cup with straw	
food	drink	1F9CB	bubble tea	
food	drink	1F9C3	beverage box	
food	drink	1F9C9	mate	
food	drink	1F9CA	ice	
food	dishware	1F962	chopsticks	
food	dishware	1F37D FE0F	fork and knife with plate	
food	dishware	1F374	fork and knife	
food	dishware	1F944	spoon	
food	dishware	1F52A	kitchen knife	
food	dishware	1FAD9	jar	
food	dishware	1F3FA	amphora	
travel	place-map	1F30D	globe showing Europe-Africa	
travel	place-map	1F30E	globe showing Americas	
travel	place-map	1F30F	globe showing Asia-Australia	
travel	place-map	1F310	globe with meridians	
travel	place-map	1F5FA FE0F	world map	
travel	place-map	1F5FE	map of Japan	
travel	place-map	1F9ED	compass	
travel	place-geographic	1F3D4 FE0F	snow-capped mountain	
travel	place-geographic	26F0 FE0F	mountain	
travel	place-geographic	1F30B	volcano	
travel	place-geographic	1F5FB	mount fuji	
travel	place-geographic	1F3D5 FE0F	camping	
travel	place-geographic	1F3D6 FE0F	beach with umbrella	
travel	place-geographic	1F3DC FE0F	desert	
travel	place-geographic	1F3DD FE0F	desert island	
travel	place-geographic	1F3DE FE0F	national park	
travel	place-building	1F3DF FE0F	stadium	
travel	place-building	1F3DB FE0F	classical building	
travel	place-building	1F3D7 FE0F	building construction	
travel	place-building	1F9F1	brick	
travel	place-building	1FAA8	rock	
travel	place-building	1FAB5	wood	
travel	place-building	1F6D6	hut	
travel	place-building	1F3D8 FE0F	houses	
travel	place-building	1F3DA FE0F	derelict house	
travel	place-building	1F3E0	house	
travel	place-building	1F3E1	house with garden	
travel	place-building	1F3E2	office building	
travel	place-building	1F3E3	Japanese post office	
travel	place-building	1F3E4	post office	
travel	place-building	1F3E5	hospital	
travel	place-building	1F3E6	bank	
travel	place-building	1F3E8	hotel	
travel	place-building	1F3E9	love hotel	
travel	place-building	1F3EA	convenience store	
travel	place-building	1F3EB	school	
travel	place-building	1F3EC	department store	
travel	place-building	1F3ED	factory	
travel	place-building	1F3EF	Japanese castle	
travel	place-building	1F3F0	castle	
travel	place-building	1F492	wedding	
travel	place-building	1F5FC	Tokyo tower	
travel	place-building	1F5FD	Statue of Liberty	
travel	place-religious	26EA	church	
travel	place-religious	1F54C	mosque	
travel	place-religious	1F6D5	hindu temple	
travel	place-religious	1F54D	synagogue	
travel	place-religious	26E9 FE0F	shinto shrine	
travel	place-religious	1F54B	kaaba	
travel	place-other	26F2	fountain	
travel	place-other	26FA	tent	
travel	place-other	1F301	foggy	
travel	place-other	1F303	night with stars	
travel	place-other	1F3D9 FE0F	cityscape	
travel	place-other	1F304	sunrise over mountains	
travel	place-other	1F305	sunrise	
travel	place-other	1F306	cityscape at dusk	
travel	place-other	1F307	sunset	
travel	place-other	1F309	bridge at night	
travel	place-other	2668 FE0F	hot springs	
travel	place-other	1F3A0	carousel horse	
travel	place-other	1F6DD	playground slide	
travel	place-other	1F3A1	ferris wheel	
travel	place-other	1F3A2	roller coaster	
travel	place-other	1F488	barber pole	
travel	place-other	1F3AA	circus tent	
travel	transport-ground	1F682	locomotive	
travel	transport-ground	1F683	railway car	
travel	transport-ground	1F684	high-speed train	
travel	transport-ground	1F685	bullet train	
travel	transport-ground	1F686	train	
travel	transport-ground	1F687	metro	
travel	transport-ground	1F688	light rail	
travel	transport-ground	1F689	station	
travel	transport-ground	1F68A	tram	
travel	transport-ground	1F69D	monorail	
travel	transport-ground	1F69E	mountain railway	
travel	transport-ground	1F68B	tram car	
travel	transport-ground	1F68C	bus	
travel	transport-ground	1F68D	oncoming bus	
travel	transport-ground	1F68E	trolleybus	
travel	transport-ground	1F690	minibus	
travel	transport-ground	1F691	ambulance	
travel	transport-ground	1F692	fire engine	
travel	transport-ground	1F693	police car	
travel	transport-ground	1F694	oncoming police car	
travel	transport-ground	1F695	taxi	
travel	transport-ground	1F696	oncoming taxi	
travel	transport-ground	1F697	automobile	
travel	transport-ground	1F698	oncoming automobile	
travel	transport-ground	1F699	sport utility vehicle	
travel	transport-ground	1F6FB	pickup truck	
travel	transport-ground	1F69A	delivery truck	
travel	transport-ground	1F69B	articulated lorry	
travel	transport-ground	1F69C	tractor	
travel	transport-ground	1F3CE FE0F	racing car	
travel	transport-ground	1F3CD FE0F	motorcycle	
travel	transport-ground	1F6F5	motor scooter	
travel	transport-ground	1F9BD	manual wheelchair	
travel	transport-ground	1F9BC	motorized wheelchair	
travel	transport-ground	1F6FA	auto rickshaw	
travel	transport-ground	1F6B2	bicycle	
travel	transport-ground	1F6F4	kick scooter	
travel	transport-ground	1F6F9	skateboard	
travel	transport-ground	1F6FC	roller skate	
travel	transport-ground	1F68F	bus stop	
travel	transport-ground	1F6E3 FE0F	motorway	
travel	transport-ground	1F6E4 FE0F	railway track	
travel	transport-ground	1F6E2 FE0F	oil drum	
travel	transport-ground	26FD	fuel pump	
travel	transport-ground	1F6DE	wheel	
travel	transport-ground	1F6A8	police car light	
travel	transport-ground	1F6A5	horizontal traffic light	
travel	transport-ground	1F6A6	vertical traffic light	
travel	transport-ground	1F6D1	stop sign	
travel	transport-ground	1F6A7	construction	
travel	transport-water	2693	anchor	
travel	transport-water	1F6DF	ring buoy	
travel	transport-water	26F5	sailboat	
travel	transport-water	1F6F6	canoe	
travel	transport-water	1F6A4	speedboat	
travel	transport-water	1F6F3 FE0F	passenger ship	
travel	transport-water	26F4 FE0F	ferry	
travel	transport-water	1F6E5 FE0F	motor boat	
travel	transport-water	1F6A2	ship	
travel	transport-air	2708 FE0F	airplane	
travel	transport-air	1F6E9 FE0F	small airplane	
travel	transport-air	1F6EB	airplane departure	
travel	transport-air	1F6EC	airplane arrival	
travel	transport-air	1FA82	parachute	
travel	transport-air	1F4BA	seat	
travel	transport-air	1F681	helicopter	
travel	transport-air	1F69F	suspension railway	
travel	transport-air	1F6A0	mountain cableway	
travel	transport-air	1F6A1	aerial tramway	
travel	transport-air	1F6F0 FE0F	satellite	
travel	transport-air	1F680	rocket	
travel	transport-air	1F6F8	flying saucer	
travel	hotel	1F6CE FE0F	bellhop bell	
travel	hotel	1F9F3	luggage	
travel	time	231B	hourglass done	
travel	time	23F3	hourglass not done	
travel	time	231A	watch	
travel	time	23F0	alarm clock	
travel	time	23F1 FE0F	stopwatch	
travel	time	23F2 FE0F	timer clock	
travel	time	1F570 FE0F	mantelpiece clock	
travel	time	1F55B	twelve o’clock	
travel	time	1F567	twelve-thirty	
travel	time	1F550	one o’clock	
travel	time	1F55C	one-thirty	
travel	time	1F551	two o’clock	
travel	time	1F55D	two-thirty	
travel	time	1F552	three o’clock	
travel	time	1F55E	three-thirty	
travel	time	1F553	four o’clock	
travel	time	1F55F	four-thirty	
travel	time	1F554	five o’clock	
travel	time	1F560	five-thirty	
travel	time	1F555	six o’clock	
travel	time	1F561	six-thirty	
travel	time	1F556	seven o’clock	
travel	time	1F562	seven-thirty	
travel	time	1F557	eight o’clock	
travel	time	1F563	eight-thirty	
travel	time	1F558	nine o’clock	
travel	time	1F564	nine-thirty	
travel	time	1F559	ten o’clock	
travel	time	1F565	ten-thirty	
travel	time	1F55A	eleven o’clock	
travel	time	1F566	eleven-thirty	
travel	sky & weather	1F311	new moon	
travel	sky & weather	1F312	waxing crescent moon	
travel	sky & weather	1F313	first quarter moon	
travel	sky & weather	1F314	waxing gibbous moon	
travel	sky & weather	1F315	full moon	
travel	sky & weather	1F316	waning gibbous moon	
travel	sky & weather	1F317	last quarter moon	
travel	sky & weather	1F318	waning crescent moon	
travel	sky & weather	1F319	crescent moon	
travel	sky & weather	1F31A	new moon face	
travel	sky & weather	1F31B	first quarter moon face	
travel	sky & weather	1F31C	last quarter moon face	
travel	sky & weather	1F321 FE0F	thermometer	
travel	sky & weather	2600 FE0F	sun	
travel	sky & weather	1F31D	full moon face	
travel	sky & weather	1F31E	sun with face	
travel	sky & weather	1FA90	ringed planet	
travel	sky & weather	2B50	star	
travel	sky & weather	1F31F	glowing star	
travel	sky & weather	1F320	shooting star	
travel	sky & weather	1F30C	milky way	
travel	sky & weather	2601 FE0F	cloud	
travel	sky & weather	26C5	sun behind cloud	
travel	sky & weather	26C8 FE0F	cloud with lightning and rain	
travel	sky & weather	1F324 FE0F	sun behind small cloud	
travel	sky & weather	1F325 FE0F	sun behind large cloud	
travel	sky & weather	1F326 FE0F	sun behind rain cloud	
travel	sky & weather	1F327 FE0F	cloud with rain	
travel	sky & weather	1F328 FE0F	cloud with snow	
travel	sky & weather	1F329 FE0F	cloud with lightning	
travel	sky & weather	1F32A FE0F	tornado	
travel	sky & weather	1F32B FE0F	fog	
travel	sky & weather	1F32C FE0F	wind face	
travel	sky & weather	1F300	cyclone	
travel	sky & weather	1F308	rainbow	
travel	sky & weather	1F302	closed umbrella	
travel	sky & weather	2602 FE0F	umbrella	
travel	sky & weather	2614	umbrella with rain drops	
travel	sky & weather	26F1 FE0F	umbrella on ground	
travel	sky & weather	26A1	high voltage	
travel	sky & weather	2744 FE0F	snowflake	
travel	sky & weather	2603 FE0F	snowman	
travel	sky & weather	26C4	snowman without snow	
travel	sky & weather	2604 FE0F	comet	
travel	sky & weather	1F525	fire	
travel	sky & weather	1F4A7	droplet	
travel	sky & weather	1F30A	water wave	
activities	event	1F383	jack-o-lantern	
activities	event	1F384	Christmas tree	
activities	event	1F386	fireworks	
activities	event	1F387	sparkler	
activities	event	1F9E8	firecracker	
activities	event	2728	sparkles	
activities	event	1F388	balloon	
activities	event	1F389	party popper	
activities	event	1F38A	confetti ball	
activities	event	1F38B	tanabata tree	
activities	event	1F38D	pine decoration	
activities	event	1F38E	Japanese dolls	
activities	event	1F38F	carp streamer	
activities	event	1F390	wind chime	
activities	event	1F391	moon viewing ceremony	
activities	event	1F9E7	red envelope	
activities	event	1F380	ribbon	
activities	event	1F381	wrapped gift	
activities	event	1F397 FE0F	reminder ribbon	
activities	event	1F39F FE0F	admission tickets	
activities	event	1F3AB	ticket	
activities	award-medal	1F396 FE0F	military medal	
activities	award-medal	1F3C6	trophy	
activities	award-medal	1F3C5	sports medal	
activities	award-medal	1F947	1st place medal	
activities	award-medal	1F948	2nd place medal	
activities	award-medal	1F949	3rd place medal	
activities	sport	26BD	soccer ball	
activities	sport	26BE	baseball	
activities	sport	1F94E	softball	
activities	sport	1F3C0	basketball	
activities	sport	1F3D0	volleyball	
activities	sport	1F3C8	american football	
activities	sport	1F3C9	rugby football	
activities	sport	1F3BE	tennis	
activities	sport	1F94F	flying disc	
activities	sport	1F3B3	bowling	
activities	sport	1F3CF	cricket game	
activities	sport	1F3D1	field hockey	
activities	sport	1F3D2	ice hockey	
activities	sport	1F94D	lacrosse	
activities	sport	1F3D3	ping pong	
activities	sport	1F3F8	badminton	
activities	sport	1F94A	boxing glove	
activities	sport	1F94B	martial arts uniform	
activities	sport	1F945	goal net	
activities	sport	26F3	flag in hole	
activities	sport	26F8 FE0F	ice skate	
activities	sport	1F3A3	fishing pole	
activities	sport	1F93F	diving mask	
activities	sport	1F3BD	running shirt	
activities	sport	1F3BF	skis	
activities	sport	1F6F7	sled	
activities	sport	1F94C	curling stone	
activities	game	1F3AF	bullseye	
activities	game	1FA80	yo-yo	
activities	game	1FA81	kite	
activities	game	1F52B	water pistol	
activities	game	1F3B1	pool 8 ball	
activities	game	1F52E	crystal ball	
activities	game	1FA84	magic wand	
activities	game	1F3AE	video game	
activities	game	1F579 FE0F	joystick	
activities	game	1F3B0	slot machine	
activities	game	1F3B2	game die	
activities	game	1F9E9	puzzle piece	
activities	game	1F9F8	teddy bear	
activities	game	1FA85	piñata	
activities	game	1FAA9	mirror ball	
activities	game	1FA86	nesting dolls	
activities	game	2660 FE0F	spade suit	
activities	game	2665 FE0F	heart suit	
activities	game	2666 FE0F	diamond suit	
activities	game	2663 FE0F	club suit	
activities	game	265F FE0F	chess pawn	
activities	game	1F0CF	joker	
activities	game	1F004	mahjong red dragon	
activities	game	1F3B4	flower playing cards	
activities	arts & crafts	1F3AD	performing arts	
activities	arts & crafts	1F5BC FE0F	framed picture	
activities	arts & crafts	1F3A8	artist palette	
activities	arts & crafts	1F9F5	thread	
activities	arts & crafts	1FAA1	sewing needle	
activities	arts & crafts	1F9F6	yarn	
activities	arts & crafts	1FAA2	knot	
objects	clothing	1F453	glasses	
objects	clothing	1F576 FE0F	sunglasses	
objects	clothing	1F97D	goggles	
objects	clothing	1F97C	lab coat	
objects	clothing	1F9BA	safety vest	
objects	clothing	1F454	necktie	
objects	clothing	1F455	t-shirt	
objects	clothing	1F456	jeans	
objects	clothing	1F9E3	scarf	
objects	clothing	1F9E4	gloves	
objects	clothing	1F9E5	coat	
objects	clothing	1F9E6	socks	
objects	clothing	1F457	dress	
objects	clothing	1F458	kimono	
objects	clothing	1F97B	sari	
objects	clothing	1FA71	one-piece swimsuit	
objects	clothing	1FA72	briefs	
objects	clothing	1FA73	shorts	
objects	clothing	1F459	bikini	
objects	clothing	1F45A	woman’s clothes	
objects	clothing	1FAAD	folding hand fan	
objects	clothing	1F45B	purse	
objects	clothing	1F45C	handbag	
objects	clothing	1F45D	clutch bag	
objects	clothing	1F6CD FE0F	shopping bags	
objects	clothing	1F392	backpack	
objects	clothing	1FA74	thong sandal	
objects	clothing	1F45E	man’s shoe	
objects	clothing	1F45F	running shoe	
objects	clothing	1F97E	hiking boot	
objects	clothing	1F97F	flat shoe	
objects	clothing	1F460	high-heeled shoe	
objects	clothing	1F461	woman’s sandal	
objects	clothing	1FA70	ballet shoes	
objects	clothing	1F462	woman’s boot	
objects	clothing	1FAAE	hair pick	
objects	clothing	1F451	crown	
objects	clothing	1F452	woman’s hat	
objects	clothing	1F3A9	top hat	
objects	clothing	1F393	graduation cap	
objects	clothing	1F9E2	billed cap	
objects	clothing	1FA96	military helmet	
objects	clothing	26D1 FE0F	rescue worker’s helmet	
objects	clothing	1F4FF	prayer beads	
objects	clothing	1F484	lipstick	
objects	clothing	1F48D	ring	
objects	clothing	1F48E	gem stone	
objects	sound	1F507	muted speaker	
objects	sound	1F508	speaker low volume	
objects	sound	1F509	speaker medium volume	
objects	sound	1F50A	speaker high volume	
objects	sound	1F4E2	loudspeaker	
objects	sound	1F4E3	megaphone	
objects	sound	1F4EF	postal horn	
objects	sound	1F514	bell	
objects	sound	1F515	bell with slash	
objects	music	1F3BC	musical score	
objects	music	1F3B5	musical note	
objects	music	1F3B6	musical notes	
objects	music	1F399 FE0F	studio microphone	
objects	music	1F39A FE0F	level slider	
objects	music	1F39B FE0F	control knobs	
objects	music	1F3A4	microphone	
objects	music	1F3A7	headphone	
objects	music	1F4FB	radio	
objects	musical-instrument	1F3B7	saxophone	
objects	musical-instrument	1FA97	accordion	
objects	musical-instrument	1F3B8	guitar	
objects	musical-instrument	1F3B9	musical keyboard	
objects	musical-instrument	1F3BA	trumpet	
objects	musical-instrument	1F3BB	violin	
objects	musical-instrument	1FA95	banjo	
objects	musical-instrument	1F941	drum	
objects	musical-instrument	1FA98	long drum	
objects	musical-instrument	1FA87	maracas	
objects	musical-instrument	1FA88	flute	
objects	phone	1F4F1	mobile phone	
objects	phone	1F4F2	mobile phone with arrow	
objects	phone	260E FE0F	telephone	
objects	phone	1F4DE	telephone receiver	
objects	phone	1F4DF	pager	
objects	phone	1F4E0	fax machine	
objects	computer	1F50B	battery	
objects	computer	1FAAB	low battery	
objects	computer	1F50C	electric plug	
objects	computer	1F4BB	laptop	
objects	computer	1F5A5 FE0F	desktop computer	
objects	computer	1F5A8 FE0F	printer	
objects	computer	2328 FE0F	keyboard	
objects	computer	1F5B1 FE0F	computer mouse	
objects	computer	1F5B2 FE0F	trackball	
objects	computer	1F4BD	computer disk	
objects	computer	1F4BE	floppy disk	
objects	computer	1F4BF	optical disk	
objects	computer	1F4C0	dvd	
objects	computer	1F9EE	abacus	
objects	light & video	1F3A5	movie camera	
objects	light & video	1F39E FE0F	film frames	
objects	light & video	1F4FD FE0F	film projector	
objects	light & video	1F3AC	clapper board	
objects	light & video	1F4FA	television	
objects	light & video	1F4F7	camera	
objects	light & video	1F4F8	camera with flash	
objects	light & video	1F4F9	video camera	
objects	light & video	1F4FC	videocassette	
objects	light & video	1F50D	magnifying glass tilted left	
objects	light & video	1F50E	magnifying glass tilted right	
objects	light & video	1F56F FE0F	candle	
objects	light & video	1F4A1	light bulb	
objects	light & video	1F526	flashlight	
objects	light & video	1F3EE	red paper lantern	
objects	light & video	1FA94	diya lamp	
objects	book-paper	1F4D4	notebook with decorative cover	
objects	book-paper	1F4D5	closed book	
objects	book-paper	1F4D6	open book	
objects	book-paper	1F4D7	green book	
objects	book-paper	1F4D8	blue book	
objects	book-paper	1F4D9	orange book	
objects	book-paper	1F4DA	books	
objects	book-paper	1F4D3	notebook	
objects	book-paper	1F4D2	ledger	
objects	book-paper	1F4C3	page with curl	
objects	book-paper	1F4DC	scroll	
objects	book-paper	1F4C4	page facing up	
objects	book-paper	1F4F0	newspaper	
objects	book-paper	1F5DE FE0F	rolled-up newspaper	
objects	book-paper	1F4D1	bookmark tabs	
objects	book-paper	1F516	bookmark	
objects	book-paper	1F3F7 FE0F	label	
objects	money	1F4B0	money bag	
objects	money	1FA99	coin	
objects	money	1F4B4	yen banknote	
objects	money	1F4B5	dollar banknote	
objects	money	1F4B6	euro banknote	
objects	money	1F4B7	pound banknote	
objects	money	1F4B8	money with wings	
objects	money	1F4B3	credit card	
objects	money	1F9FE	receipt	
objects	money	1F4B9	chart increasing with yen	
objects	mail	2709 FE0F	envelope	
objects	mail	1F4E7	e-mail	
objects	mail	1F4E8	incoming envelope	
objects	mail	1F4E9	envelope with arrow	
objects	mail	1F4E4	outbox tray	
objects	mail	1F4E5	inbox tray	
objects	mail	1F4E6	package	
objects	mail	1F4EB	closed mailbox with raised flag	
objects	mail	1F4EA	closed mailbox with lowered flag	
objects	mail	1F4EC	open mailbox with raised flag	
objects	mail	1F4ED	open mailbox with lowered flag	
objects	mail	1F4EE	postbox	
objects	mail	1F5F3 FE0F	ballot box with ballot	
objects	writing	270F FE0F	pencil	
objects	writing	2712 FE0F	black nib	
objects	writing	1F58B FE0F	fountain pen	
objects	writing	1F58A FE0F	pen	
objects	writing	1F58C FE0F	paintbrush	
objects	writing	1F58D FE0F	crayon	
objects	writing	1F4DD	memo	
objects	office	1F4BC	briefcase	
objects	office	1F4C1	file folder	
objects	office	1F4C2	open file folder	
objects	office	1F5C2 FE0F	card index dividers	
objects	office	1F4C5	calendar	
objects	office	1F4C6	tear-off calendar	
objects	office	1F5D2 FE0F	spiral notepad	
objects	office	1F5D3 FE0F	spiral calendar	
objects	office	1F4C7	card index	
objects	office	1F4C8	chart increasing	
objects	office	1F4C9	chart decreasing	
objects	office	1F4CA	bar chart	
objects	office	1F4CB	clipboard	
objects	office	1F4CC	pushpin	
objects	office	1F4CD	round pushpin	
objects	office	1F4CE	paperclip	
objects	office	1F587 FE0F	linked paperclips	
objects	office	1F4CF	straight ruler	
objects	office	1F4D0	triangular ruler	
objects	office	2702 FE0F	scissors	
objects	office	1F5C3 FE0F	card file box	
objects	office	1F5C4 FE0F	file cabinet	
objects	office	1F5D1 FE0F	wastebasket	
objects	lock	1F512	locked	
objects	lock	1F513	unlocked	
objects	lock	1F50F	locked with pen	
objects	lock	1F510	locked with key	
objects	lock	1F511	key	
objects	lock	1F5DD FE0F	old key	
objects	tool	1F528	hammer	
objects	tool	1FA93	axe	
objects	tool	26CF FE0F	pick	
objects	tool	2692 FE0F	hammer and pick	
objects	tool	1F6E0 FE0F	hammer and wrench	
objects	tool	1F5E1 FE0F	dagger	
objects	tool	2694 FE0F	crossed swords	
objects	tool	1F4A3	bomb	
objects	tool	1FA83	boomerang	
objects	tool	1F3F9	bow and arrow	
objects	tool	1F6E1 FE0F	shield	
objects	tool	1FA9A	carpentry saw	
objects	tool	1F527	wrench	
objects	tool	1FA9B	screwdriver	
objects	tool	1F529	nut and bolt	
objects	tool	2699 FE0F	gear	
objects	tool	1F5DC FE0F	clamp	
objects	tool	2696 FE0F	balance scale	
objects	tool	1F9AF	white cane	
objects	tool	1F517	link	
objects	tool	26D3 FE0F 200D 1F4A5	broken chain	
objects	tool	26D3 FE0F	chains	
objects	tool	1FA9D	hook	
objects	tool	1F9F0	toolbox	
objects	tool	1F9F2	magnet	
objects	tool	1FA9C	ladder	
objects	science	2697 FE0F	alembic	
objects	science	1F9EA	test tube	
objects	science	1F9EB	petri dish	
objects	science	1F9EC	dna	
objects	science	1F52C	microscope	
objects	science	1F52D	telescope	
objects	science	1F4E1	satellite antenna	
objects	medical	1F489	syringe	
objects	medical	1FA78	drop of blood	
objects	medical	1F48A	pill	
objects	medical	1FA79	adhesive bandage	
objects	medical	1FA7C	crutch	
objects	medical	1FA7A	stethoscope	
objects	medical	1FA7B	x-ray	
objects	household	1F6AA	door	
objects	household	1F6D7	elevator	
objects	household	1FA9E	mirror	
objects	household	1FA9F	window	
objects	household	1F6CF FE0F	bed	
objects	household	1F6CB FE0F	couch and lamp	
objects	household	1FA91	chair	
objects	household	1F6BD	toilet	
objects	household	1FAA0	plunger	
objects	household	1F6BF	shower	
objects	household	1F6C1	bathtub	
objects	household	1FAA4	mouse trap	
objects	household	1FA92	razor	
objects	household	1F9F4	lotion bottle	
objects	household	1F9F7	safety pin	
objects	household	1F9F9	broom	
objects	household	1F9FA	basket	
objects	household	1F9FB	roll of paper	
objects	household	1FAA3	bucket	
objects	household	1F9FC	soap	
objects	household	1FAE7	bubbles	
objects	household	1FAA5	toothbrush	
objects	household	1F9FD	sponge	
objects	household	1F9EF	fire extinguisher	
objects	household	1F6D2	shopping cart	
objects	other-object	1F6AC	cigarette	
objects	other-object	26B0 FE0F	coffin	
objects	other-object	1FAA6	headstone	
objects	other-object	26B1 FE0F	funeral urn	
objects	other-object	1F9FF	nazar amulet	
objects	other-object	1FAAC	hamsa	
objects	other-object	1F5FF	moai	
objects	other-object	1FAA7	placard	
objects	other-object	1FAAA	identification card	
symbols	transport-sign	1F3E7	ATM sign	
symbols	transport-sign	1F6AE	litter in bin sign	
symbols	transport-sign	1F6B0	potable water	
symbols	transport-sign	267F	wheelchair symbol	
symbols	transport-sign	1F6B9	men’s room	
symbols	transport-sign	1F6BA	women’s room	
symbols	transport-sign	1F6BB	restroom	
symbols	transport-sign	1F6BC	baby symbol	
symbols	transport-sign	1F6BE	water closet	
symbols	transport-sign	1F6C2	passport control	
symbols	transport-sign	1F6C3	customs	
symbols	transport-sign	1F6C4	baggage claim	
symbols	transport-sign	1F6C5	left luggage	
symbols	warning	26A0 FE0F	warning	
symbols	warning	1F6B8	children crossing	
symbols	warning	26D4	no entry	
symbols	warning	1F6AB	prohibited	
symbols	warning	1F6B3	no bicycles	
symbols	warning	1F6AD	no smoking	
symbols	warning	1F6AF	no littering	
symbols	warning	1F6B1	non-potable water	
symbols	warning	1F6B7	no pedestrians	
symbols	warning	1F4F5	no mobile phones	
symbols	warning	1F51E	no one under eighteen	
symbols	warning	2622 FE0F	radioactive	
symbols	warning	2623 FE0F	biohazard	
symbols	arrow	2B06 FE0F	up arrow	
symbols	arrow	2197 FE0F	up-right arrow	
symbols	arrow	27A1 FE0F	right arrow	
symbols	arrow	2198 FE0F	down-right arrow	
symbols	arrow	2B07 FE0F	down arrow	
symbols	arrow	2199 FE0F	down-left arrow	
symbols	arrow	2B05 FE0F	left arrow	
symbols	arrow	2196 FE0F	up-left arrow	
symbols	arrow	2195 FE0F	up-down arrow	
symbols	arrow	2194 FE0F	left-right arrow	
symbols	arrow	21A9 FE0F	right arrow curving left	
symbols	arrow	21AA FE0F	left arrow curving right	
symbols	arrow	2934 FE0F	right arrow curving up	
symbols	arrow	2935 FE0F	right arrow curving down	
symbols	arrow	1F503	clockwise vertical arrows	
symbols	arrow	1F504	counterclockwise arrows button	
symbols	arrow	1F519	BACK arrow	
symbols	arrow	1F51A	END arrow	
symbols	arrow	1F51B	ON! arrow	
symbols	arrow	1F51C	SOON arrow	
symbols	arrow	1F51D	TOP arrow	
symbols	religion	1F6D0	place of worship	
symbols	religion	269B FE0F	atom symbol	
symbols	religion	1F549 FE0F	om	
symbols	religion	2721 FE0F	star of David	
symbols	religion	2638 FE0F	wheel of dharma	
symbols	religion	262F FE0F	yin yang	
symbols	religion	271D FE0F	latin cross	
symbols	religion	2626 FE0F	orthodox cross	
symbols	religion	262A FE0F	star and crescent	
symbols	religion	262E FE0F	peace symbol	
symbols	religion	1F54E	menorah	
symbols	religion	1F52F	dotted six-pointed star	
symbols	religion	1FAAF	khanda	
symbols	zodiac	2648	Aries	
symbols	zodiac	2649	Taurus	
symbols	zodiac	264A	Gemini	
symbols	zodiac	264B	Cancer	
symbols	zodiac	264C	Leo	
symbols	zodiac	264D	Virgo	
symbols	zodiac	264E	Libra	
symbols	zodiac	264F	Scorpio	
symbols	zodiac	2650	Sagittarius	
symbols	zodiac	2651	Capricorn	
symbols	zodiac	2652	Aquarius	
symbols	zodiac	2653	Pisces	
symbols	zodiac	26CE	Ophiuchus	
symbols	av-symbol	1F500	shuffle tracks button	
symbols	av-symbol	1F501	repeat button	
symbols	av-symbol	1F502	repeat single button	
symbols	av-symbol	25B6 FE0F	play button	
symbols	av-symbol	23E9	fast-forward button	
symbols	av-symbol	23ED FE0F	next track button	
symbols	av-symbol	23EF FE0F	play or pause button	
symbols	av-symbol	25C0 FE0F	reverse button	
symbols	av-symbol	23EA	fast reverse button	
symbols	av-symbol	23EE FE0F	last track button	
symbols	av-symbol	1F53C	upwards button	
symbols	av-symbol	23EB	fast up button	
symbols	av-symbol	1F53D	downwards button	
symbols	av-symbol	23EC	fast down button	
symbols	av-symbol	23F8 FE0F	pause button	
symbols	av-symbol	23F9 FE0F	stop button	
symbols	av-symbol	23FA FE0F	record button	
symbols	av-symbol	23CF FE0F	eject button	
symbols	av-symbol	1F3A6	cinema	
symbols	av-symbol	1F505	dim button	
symbols	av-symbol	1F506	bright button	
symbols	av-symbol	1F4F6	antenna bars	
symbols	av-symbol	1F6DC	wireless	
symbols	av-symbol	1F4F3	vibration mode	
symbols	av-symbol	1F4F4	mobile phone off	
symbols	gender	2640 FE0F	female sign	
symbols	gender	2642 FE0F	male sign	
symbols	gender	26A7 FE0F	transgender symbol	
symbols	math	2716 FE0F	multiply	
symbols	math	2795	plus	
symbols	math	2796	minus	
symbols	math	2797	divide	
symbols	math	1F7F0	heavy equals sign	
symbols	math	267E FE0F	infinity	
symbols	punctuation	203C FE0F	double exclamation mark	
symbols	punctuation	2049 FE0F	exclamation question mark	
symbols	punctuation	2753	red question mark	
symbols	punctuation	2754	white question mark	
symbols	punctuation	2755	white exclamation mark	
symbols	punctuation	2757	red exclamation mark	
symbols	punctuation	3030 FE0F	wavy dash	
symbols	currency	1F4B1	currency exchange	
symbols	currency	1F4B2	heavy dollar sign	
symbols	other-symbol	2695 FE0F	medical symbol	
symbols	other-symbol	267B FE0F	recycling symbol	
symbols	other-symbol	269C FE0F	fleur-de-lis	
symbols	other-symbol	1F531	trident emblem	
symbols	other-symbol	1F4DB	name badge	
symbols	other-symbol	1F530	Japanese symbol for beginner	
symbols	other-symbol	2B55	hollow red circle	
symbols	other-symbol	2705	check mark button	
symbols	other-symbol	2611 FE0F	check box with check	
symbols	other-symbol	2714 FE0F	check mark	
symbols	other-symbol	274C	cross mark	
symbols	other-symbol	274E	cross mark button	
symbols	other-symbol	27B0	curly loop	
symbols	other-symbol	27BF	double curly loop	
symbols	other-symbol	303D FE0F	part alternation mark	
symbols	other-symbol	2733 FE0F	eight-spoked asterisk	
symbols	other-symbol	2734 FE0F	eight-pointed star	
symbols	other-symbol	2747 FE0F	sparkle	
symbols	other-symbol	A9 FE0F	copyright	
symbols	other-symbol	AE FE0F	registered	
symbols	other-symbol	2122 FE0F	trade mark	
symbols	keycap	23 FE0F 20E3	keycap: #	
symbols	keycap	2A FE0F 20E3	keycap: *	
symbols	keycap	30 FE0F 20E3	keycap: 0	
symbols	keycap	31 FE0F 20E3	keycap: 1	
symbols	keycap	32 FE0F 20E3	keycap: 2	
symbols	keycap	33 FE0F 20E3	keycap: 3	
symbols	keycap	34 FE0F 20E3	keycap: 4	
symbols	keycap	35 FE0F 20E3	keycap: 5	
symbols	keycap	36 FE0F 20E3	keycap: 6	
symbols	keycap	37 FE0F 20E3	keycap: 7	
symbols	keycap	38 FE0F 20E3	keycap: 8	
symbols	keycap	39 FE0F 20E3	keycap: 9	
symbols	keycap	1F51F	keycap: 10	
symbols	alphanum	1F520	input latin uppercase	
symbols	alphanum	1F521	input latin lowercase	
symbols	alphanum	1F522	input numbers	
symbols	alphanum	1F523	input symbols	
symbols	alphanum	1F524	input latin letters	
symbols	alphanum	1F170 FE0F	A button (blood type)	
symbols	alphanum	1F18E	AB button (blood type)	
symbols	alphanum	1F171 FE0F	B button (blood type)	
symbols	alphanum	1F191	CL button	
symbols	alphanum	1F192	COOL button	
symbols	alphanum	1F193	FREE button	
symbols	alphanum	2139 FE0F	information	
symbols	alphanum	1F194	ID button	
symbols	alphanum	24C2 FE0F	circled M	
symbols	alphanum	1F195	NEW button	
symbols	alphanum	1F196	NG button	
symbols	alphanum	1F17E FE0F	O button (blood type)	
symbols	alphanum	1F197	OK button	
symbols	alphanum	1F17F FE0F	P button	
symbols	alphanum	1F198	SOS button	
symbols	alphanum	1F199	UP! button	
symbols	alphanum	1F19A	VS button	
symbols	alphanum	1F201	Japanese “here” button	
symbols	alphanum	1F202 FE0F	Japanese “service charge” button	
symbols	alphanum	1F237 FE0F	Japanese “monthly amount” button	
symbols	alphanum	1F236	Japanese “not free of charge” button	
symbols	alphanum	1F22F	Japanese “reserved” button	
symbols	alphanum	1F250	Japanese “bargain” button	
symbols	alphanum	1F239	Japanese “discount” button	
symbols	alphanum	1F21A	Japanese “free of charge” button	
symbols	alphanum	1F232	Japanese “prohibited” button	
symbols	alphanum	1F251	Japanese “acceptable” button	
symbols	alphanum	1F238	Japanese “application” button	
symbols	alphanum	1F234	Japanese “passing grade” button	
symbols	alphanum	1F233	Japanese “vacancy” button	
symbols	alphanum	3297 FE0F	Japanese “congratulations” button	
symbols	alphanum	3299 FE0F	Japanese “secret” button	
symbols	alphanum	1F23A	Japanese “open for business” button	
symbols	alphanum	1F235	Japanese “no vacancy” button	
symbols	geometric	1F534	red circle	
symbols	geometric	1F7E0	orange circle	
symbols	geometric	1F7E1	yellow circle	
symbols	geometric	1F7E2	green circle	
symbols	geometric	1F535	blue circle	
symbols	geometric	1F7E3	purple circle	
symbols	geometric	1F7E4	brown circle	
symbols	geometric	26AB	black circle	
symbols	geometric	26AA	white circle	
symbols	geometric	1F7E5	red square	
symbols	geometric	1F7E7	orange square	
symbols	geometric	1F7E8	yellow square	
symbols	geometric	1F7E9	green square	
symbols	geometric	1F7E6	blue square	
symbols	geometric	1F7EA	purple square	
symbols	geometric	1F7EB	brown square	
symbols	geometric	2B1B	black large square	
symbols	geometric	2B1C	white large square	
symbols	geometric	25FC FE0F	black medium square	
symbols	geometric	25FB FE0F	white medium square	
symbols	geometric	25FE	black medium-small square	
symbols	geometric	25FD	white medium-small square	
symbols	geometric	25AA FE0F	black small square	
symbols	geometric	25AB FE0F	white small square	
symbols	geometric	1F536	large orange diamond	
symbols	geometric	1F537	large blue diamond	
symbols	geometric	1F538	small orange diamond	
symbols	geometric	1F539	small blue diamond	
symbols	geometric	1F53A	red triangle pointed up	
symbols	geometric	1F53B	red triangle pointed down	
symbols	geometric	1F4A0	diamond with a dot	
symbols	geometric	1F518	radio button	
symbols	geometric	1F533	white square button	
symbols	geometric	1F532	black square button	
flags	flag	1F3C1	chequered flag	
flags	flag	1F6A9	triangular flag	
flags	flag	1F38C	crossed flags	
flags	flag	1F3F4	black flag	
flags	flag	1F3F3 FE0F	white flag	
flags	flag	1F3F3 FE0F 200D 1F308	rainbow flag	
flags	flag	1F3F3 FE0F 200D 26A7 FE0F	transgender flag	
flags	flag	1F3F4 200D 2620 FE0F	pirate flag	
flags	country-flag	1F1E6 1F1E8	flag: Ascension Island	
flags	country-flag	1F1E6 1F1E9	flag: Andorra	
flags	country-flag	1F1E6 1F1EA	flag: United Arab Emirates	
flags	country-flag	1F1E6 1F1EB	flag: Afghanistan	
flags	country-flag	1F1E6 1F1EC	flag: Antigua & Barbuda	
flags	country-flag	1F1E6 1F1EE	flag: Anguilla	
flags	country-flag	1F1E6 1F1F1	flag: Albania	
flags	country-flag	1F1E6 1F1F2	flag: Armenia	
flags	country-flag	1F1E6 1F1F4	flag: Angola	
flags	country-flag	1F1E6 1F1F6	flag: Antarctica	
flags	country-flag	1F1E6 1F1F7	flag: Argentina	
flags	country-flag	1F1E6 1F1F8	flag: American Samoa	
flags	country-flag	1F1E6 1F1F9	flag: Austria	
flags	country-flag	1F1E6 1F1FA	flag: Australia	
flags	country-flag	1F1E6 1F1FC	flag: Aruba	
flags	country-flag	1F1E6 1F1FD	flag: Åland Islands	
flags	country-flag	1F1E6 1F1FF	flag: Azerbaijan	
flags	country-flag	1F1E7 1F1E6	flag: Bosnia & Herzegovina	
flags	country-flag	1F1E7 1F1E7	flag: Barbados	
flags	country-flag	1F1E7 1F1E9	flag: Bangladesh	
flags	country-flag	1F1E7 1F1EA	flag: Belgium	
flags	country-flag	1F1E7 1F1EB	flag: Burkina Faso	
flags	country-flag	1F1E7 1F1EC	flag: Bulgaria	
flags	country-flag	1F1E7 1F1ED	flag: Bahrain	
flags	country-flag	1F1E7 1F1EE	flag: Burundi	
flags	country-flag	1F1E7 1F1EF	flag: Benin	
flags	country-flag	1F1E7 1F1F1	flag: St. Barthélemy	
flags	country-flag	1F1E7 1F1F2	flag: Bermuda	
flags	country-flag	1F1E7 1F1F3	flag: Brunei	
flags	country-flag	1F1E7 1F1F4	flag: Bolivia	
flags	country-flag	1F1E7 1F1F6	flag: Caribbean Netherlands	
flags	country-flag	1F1E7 1F1F7	flag: Brazil	
flags	country-flag	1F1E7 1F1F8	flag: Bahamas	
flags	country-flag	1F1E7 1F1F9	flag: Bhutan	
flags	country-flag	1F1E7 1F1FB	flag: Bouvet Island	
flags	country-flag	1F1E7 1F1FC	flag: Botswana	
flags	country-flag	1F1E7 1F1FE	flag: Belarus	
flags	country-flag	1F1E7 1F1FF	flag: Belize	
flags	country-flag	1F1E8 1F1E6	flag: Canada	
flags	country-flag	1F1E8 1F1E8	flag: Cocos (Keeling) Islands	
flags	country-flag	1F1E8 1F1E9	flag: Congo - Kinshasa	
flags	country-flag	1F1E8 1F1EB	flag: Central African Republic	
flags	country-flag	1F1E8 1F1EC	flag: Congo - Brazzaville	
flags	country-flag	1F1E8 1F1ED	flag: Switzerland	
flags	country-flag	1F1E8 1F1EE	flag: Côte d’Ivoire	
flags	country-flag	1F1E8 1F1F0	flag: Cook Islands	
flags	country-flag	1F1E8 1F1F1	flag: Chile	
flags	country-flag	1F1E8 1F1F2	flag: Cameroon	
flags	country-flag	1F1E8 1F1F3	flag: China	
flags	country-flag	1F1E8 1F1F4	flag: Colombia	
flags	country-flag	1F1E8 1F1F5	flag: Clipperton Island	
flags	country-flag	1F1E8 1F1F7	flag: Costa Rica	
flags	country-flag	1F1E8 1F1FA	flag: Cuba	
flags	country-flag	1F1E8 1F1FB	flag: Cape Verde	
flags	country-flag	1F1E8 1F1FC	flag: Curaçao	
flags	country-flag	1F1E8 1F1FD	flag: Christmas Island	
flags	country-flag	1F1E8 1F1FE	flag: Cyprus	
flags	country-flag	1F1E8 1F1FF	flag: Czechia	
flags	country-flag	1F1E9 1F1EA	flag: Germany	
flags	country-flag	1F1E9 1F1EC	flag: Diego Garcia	
flags	country-flag	1F1E9 1F1EF	flag: Djibouti	
flags	country-flag	1F1E9 1F1F0	flag: Denmark	
flags	country-flag	1F1E9 1F1F2	flag: Dominica	
flags	country-flag	1F1E9 1F1F4	flag: Dominican Republic	
flags	country-flag	1F1E9 1F1FF	flag: Algeria	
flags	country-flag	1F1EA 1F1E6	flag: Ceuta & Melilla	
flags	country-flag	1F1EA 1F1E8	flag: Ecuador	
flags	country-flag	1F1EA 1F1EA	flag: Estonia	
flags	country-flag	1F1EA 1F1EC	flag: Egypt	
flags	country-flag	1F1EA 1F1ED	flag: Western Sahara	
flags	country-flag	1F1EA 1F1F7	flag: Eritrea	
flags	country-flag	1F1EA 1F1F8	flag: Spain	
flags	country-flag	1F1EA 1F1F9	flag: Ethiopia	
flags	country-flag	1F1EA 1F1FA	flag: European Union	
flags	country-flag	1F1EB 1F1EE	flag: Finland	
flags	country-flag	1F1EB 1F1EF	flag: Fiji	
flags	country-flag	1F1EB 1F1F0	flag: Falkland Islands	
flags	country-flag	1F1EB 1F1F2	flag: Micronesia	
flags	country-flag	1F1EB 1F1F4	flag: Faroe Islands	
flags	country-flag	1F1EB 1F1F7	flag: France	
flags	country-flag	1F1EC 1F1E6	flag: Gabon	
flags	country-flag	1F1EC 1F1E7	flag: United Kingdom	
flags	country-flag	1F1EC 1F1E9	flag: Grenada	
flags	country-flag	1F1EC 1F1EA	flag: Georgia	
flags	country-flag	1F1EC 1F1EB	flag: French Guiana	
flags	country-flag	1F1EC 1F1EC	flag: Guernsey	
flags	country-flag	1F1EC 1F1ED	flag: Ghana	
flags	country-flag	1F1EC 1F1EE	flag: Gibraltar	
flags	country-flag	1F1EC 1F1F1	flag: Greenland	
flags	country-flag	1F1EC 1F1F2	flag: Gambia	
flags	country-flag	1F1EC 1F1F3	flag: Guinea	
flags	country-flag	1F1EC 1F1F5	flag: Guadeloupe	
flags	country-flag	1F1EC 1F1F6	flag: Equatorial Guinea	
flags	country-flag	1F1EC 1F1F7	flag: Greece	
flags	country-flag	1F1EC 1F1F8	flag: South Georgia & South Sandwich Islands	
flags	country-flag	1F1EC 1F1F9	flag: Guatemala	
flags	country-flag	1F1EC 1F1FA	flag: Guam	
flags	country-flag	1F1EC 1F1FC	flag: Guinea-Bissau	
flags	country-flag	1F1EC 1F1FE	flag: Guyana	
flags	country-flag	1F1ED 1F1F0	flag: Hong Kong SAR China	
flags	country-flag	1F1ED 1F1F2	flag: Heard & McDonald Islands	
flags	country-flag	1F1ED 1F1F3	flag: Honduras	
flags	country-flag	1F1ED 1F1F7	flag: Croatia	
flags	country-flag	1F1ED 1F1F9	flag: Haiti	
flags	country-flag	1F1ED 1F1FA	flag: Hungary	
flags	country-flag	1F1EE 1F1E8	flag: Canary Islands	
flags	country-flag	1F1EE 1F1E9	flag: Indonesia	
flags	country-flag	1F1EE 1F1EA	flag: Ireland	
flags	country-flag	1F1EE 1F1F1	flag: Israel	
flags	country-flag	1F1EE 1F1F2	flag: Isle of Man	
flags	country-flag	1F1EE 1F1F3	flag: India	
flags	country-flag	1F1EE 1F1F4	flag: British Indian Ocean Territory	
flags	country-flag	1F1EE 1F1F6	flag: Iraq	
flags	country-flag	1F1EE 1F1F7	flag: Iran	
flags	country-flag	1F1EE 1F1F8	flag: Iceland	
flags	country-flag	1F1EE 1F1F9	flag: Italy	
flags	country-flag	1F1EF 1F1EA	flag: Jersey	
flags	country-flag	1F1EF 1F1F2	flag: Jamaica	
flags	country-flag	1F1EF 1F1F4	flag: Jordan	
flags	country-flag	1F1EF 1F1F5	flag: Japan	
flags	country-flag	1F1F0 1F1EA	flag: Kenya	
flags	country-flag	1F1F0 1F1EC	flag: Kyrgyzstan	
flags	country-flag	1F1F0 1F1ED	flag: Cambodia	
flags	country-flag	1F1F0 1F1EE	flag: Kiribati	
flags	country-flag	1F1F0 1F1F2	flag: Comoros	
flags	country-flag	1F1F0 1F1F3	flag: St. Kitts & Nevis	
flags	country-flag	1F1F0 1F1F5	flag: North Korea	
flags	country-flag	1F1F0 1F1F7	flag: South Korea	
flags	country-flag	1F1F0 1F1FC	flag: Kuwait	
flags	country-flag	1F1F0 1F1FE	flag: Cayman Islands	
flags	country-flag	1F1F0 1F1FF	flag: Kazakhstan	
flags	country-flag	1F1F1 1F1E6	flag: Laos	
flags	country-flag	1F1F1 1F1E7	flag: Lebanon	
flags	country-flag	1F1F1 1F1E8	flag: St. Lucia	
flags	country-flag	1F1F1 1F1EE	flag: Liechtenstein	
flags	country-flag	1F1F1 1F1F0	flag: Sri Lanka	
flags	country-flag	1F1F1 1F1F7	flag: Liberia	
flags	country-flag	1F1F1 1F1F8	flag: Lesotho	
flags	country-flag	1F1F1 1F1F9	flag: Lithuania	
flags	country-flag	1F1F1 1F1FA	flag: Luxembourg	
flags	country-flag	1F1F1 1F1FB	flag: Latvia	
flags	country-flag	1F1F1 1F1FE	flag: Libya	
flags	country-flag	1F1F2 1F1E6	flag: Morocco	
flags	country-flag	1F1F2 1F1E8	flag: Monaco	
flags	country-flag	1F1F2 1F1E9	flag: Moldova	
flags	country-flag	1F1F2 1F1EA	flag: Montenegro	
flags	country-flag	1F1F2 1F1EB	flag: St. Martin	
flags	country-flag	1F1F2 1F1EC	flag: Madagascar	
flags	country-flag	1F1F2 1F1ED	flag: Marshall Islands	
flags	country-flag	1F1F2 1F1F0	flag: North Macedonia	
flags	country-flag	1F1F2 1F1F1	flag: Mali	
flags	country-flag	1F1F2 1F1F2	flag: Myanmar (Burma)	
flags	country-flag	1F1F2 1F1F3	flag: Mongolia	
flags	country-flag	1F1F2 1F1F4	flag: Macao SAR China	
flags	country-flag	1F1F2 1F1F5	flag: Northern Mariana Islands	
flags	country-flag	1F1F2 1F1F6	flag: Martinique	
flags	country-flag	1F1F2 1F1F7	flag: Mauritania	
flags	country-flag	1F1F2 1F1F8	flag: Montserrat	
flags	country-flag	1F1F2 1F1F9	flag: Malta	
flags	country-flag	1F1F2 1F1FA	flag: Mauritius	
flags	country-flag	1F1F2 1F1FB	flag: Maldives	
flags	country-flag	1F1F2 1F1FC	flag: Malawi	
flags	country-flag	1F1F2 1F1FD	flag: Mexico	
flags	country-flag	1F1F2 1F1FE	flag: Malaysia	
flags	country-flag	1F1F2 1F1FF	flag: Mozambique	
flags	country-flag	1F1F3 1F1E6	flag: Namibia	
flags	country-flag	1F1F3 1F1E8	flag: New Caledonia	
flags	country-flag	1F1F3 1F1EA	flag: Niger	
flags	country-flag	1F1F3 1F1EB	flag: Norfolk Island	
flags	country-flag	1F1F3 1F1EC	flag: Nigeria	
flags	country-flag	1F1F3 1F1EE	flag: Nicaragua	
flags	country-flag	1F1F3 1F1F1	flag: Netherlands	
flags	country-flag	1F1F3 1F1F4	flag: Norway	
flags	country-flag	1F1F3 1F1F5	flag: Nepal	
flags	country-flag	1F1F3 1F1F7	flag: Nauru	
flags	country-flag	1F1F3 1F1FA	flag: Niue	
flags	country-flag	1F1F3 1F1FF	flag: New Zealand	
flags	country-flag	1F1F4 1F1F2	flag: Oman	
flags	country-flag	1F1F5 1F1E6	flag: Panama	
flags	country-flag	1F1F5 1F1EA	flag: Peru	
flags	country-flag	1F1F5 1F1EB	flag: French Polynesia	
flags	country-flag	1F1F5 1F1EC	flag: Papua New Guinea	
flags	country-flag	1F1F5 1F1ED	flag: Philippines	
flags	country-flag	1F1F5 1F1F0	flag: Pakistan	
flags	country-flag	1F1F5 1F1F1	flag: Poland	
flags	country-flag	1F1F5 1F1F2	flag: St. Pierre & Miquelon	
flags	country-flag	1F1F5 1F1F3	flag: Pitcairn Islands	
flags	country-flag	1F1F5 1F1F7	flag: Puerto Rico	
flags	country-flag	1F1F5 1F1F8	flag: Palestinian Territories	
flags	country-flag	1F1F5 1F1F9	flag: Portugal	
flags	country-flag	1F1F5 1F1FC	flag: Palau	
flags	country-flag	1F1F5 1F1FE	flag: Paraguay	
flags	country-flag	1F1F6 1F1E6	flag: Qatar	
flags	country-flag	1F1F7 1F1EA	flag: Réunion	
flags	country-flag	1F1F7 1F1F4	flag: Romania	
flags	country-flag	1F1F7 1F1F8	flag: Serbia	
flags	country-flag	1F1F7 1F1FA	flag: Russia	
flags	country-flag	1F1F7 1F1FC	flag: Rwanda	
flags	country-flag	1F1F8 1F1E6	flag: Saudi Arabia	
flags	country-flag	1F1F8 1F1E7	flag: Solomon Islands	
flags	country-flag	1F1F8 1F1E8	flag: Seychelles	
flags	country-flag	1F1F8 1F1E9	flag: Sudan	
flags	country-flag	1F1F8 1F1EA	flag: Sweden	
flags	country-flag	1F1F8 1F1EC	flag: Singapore	
flags	country-flag	1F1F8 1F1ED	flag: St. Helena	
flags	country-flag	1F1F8 1F1EE	flag: Slovenia	
flags	country-flag	1F1F8 1F1EF	flag: Svalbard & Jan Mayen	
flags	country-flag	1F1F8 1F1F0	flag: Slovakia	
flags	country-flag	1F1F8 1F1F1	flag: Sierra Leone	
flags	country-flag	1F1F8 1F1F2	flag: San Marino	
flags	country-flag	1F1F8 1F1F3	flag: Senegal	
flags	country-flag	1F1F8 1F1F4	flag: Somalia	
flags	country-flag	1F1F8 1F1F7	flag: Suriname	
flags	country-flag	1F1F8 1F1F8	flag: South Sudan	
flags	country-flag	1F1F8 1F1F9	flag: São Tomé & Príncipe	
flags	country-flag	1F1F8 1F1FB	flag: El Salvador	
flags	country-flag	1F1F8 1F1FD	flag: Sint Maarten	
flags	country-flag	1F1F8 1F1FE	flag: Syria	
flags	country-flag	1F1F8 1F1FF	flag: Eswatini	
flags	country-flag	1F1F9 1F1E6	flag: Tristan da Cunha	
flags	country-flag	1F1F9 1F1E8	flag: Turks & Caicos Islands	
flags	country-flag	1F1F9 1F1E9	flag: Chad	
flags	country-flag	1F1F9 1F1EB	flag: French Southern Territories	
flags	country-flag	1F1F9 1F1EC	flag: Togo	
flags	country-flag	1F1F9 1F1ED	flag: Thailand	
flags	country-flag	1F1F9 1F1EF	flag: Tajikistan	
flags	country-flag	1F1F9 1F1F0	flag: Tokelau	
flags	country-flag	1F1F9 1F1F1	flag: Timor-Leste	
flags	country-flag	1F1F9 1F1F2	flag: Turkmenistan	
flags	country-flag	1F1F9 1F1F3	flag: Tunisia	
flags	country-flag	1F1F9 1F1F4	flag: Tonga	
flags	country-flag	1F1F9 1F1F7	flag: Türkiye	
flags	country-flag	1F1F9 1F1F9	flag: Trinidad & Tobago	
flags	country-flag	1F1F9 1F1FB	flag: Tuvalu	
flags	country-flag	1F1F9 1F1FC	flag: Taiwan	
flags	country-flag	1F1F9 1F1FF	flag: Tanzania	
flags	country-flag	1F1FA 1F1E6	flag: Ukraine	
flags	country-flag	1F1FA 1F1EC	flag: Uganda	
flags	country-flag	1F1FA 1F1F2	flag: U.S. Outlying Islands	
flags	country-flag	1F1FA 1F1F3	flag: United Nations	
flags	country-flag	1F1FA 1F1F8	flag: United States	
flags	country-flag	1F1FA 1F1FE	flag: Uruguay	
flags	country-flag	1F1FA 1F1FF	flag: Uzbekistan	
flags	country-flag	1F1FB 1F1E6	flag: Vatican City	
flags	country-flag	1F1FB 1F1E8	flag: St. Vincent & Grenadines	
flags	country-flag	1F1FB 1F1EA	flag: Venezuela	
flags	country-flag	1F1FB 1F1EC	flag: British Virgin Islands	
flags	country-flag	1F1FB 1F1EE	flag: U.S. Virgin Islands	
flags	country-flag	1F1FB 1F1F3	flag: Vietnam	
flags	country-flag	1F1FB 1F1FA	flag: Vanuatu	
flags	country-flag	1F1FC 1F1EB	flag: Wallis & Futuna	
flags	country-flag	1F1FC 1F1F8	flag: Samoa	
flags	country-flag	1F1FD 1F1F0	flag: Kosovo	
flags	country-flag	1F1FE 1F1EA	flag: Yemen	
flags	country-flag	1F1FE 1F1F9	flag: Mayotte	
flags	country-flag	1F1FF 1F1E6	flag: South Africa	
flags	country-flag	1F1FF 1F1F2	flag: Zambia	
flags	country-flag	1F1FF 1F1FC	flag: Zimbabwe	
flags	subdivision-flag	1F3F4 E0067 E0062 E0065 E006E E0067 E007F	flag: England	
flags	subdivision-flag	1F3F4 E0067 E0062 E0073 E0063 E0074 E007F	flag: Scotland	
flags	subdivision-flag	1F3F4 E0067 E0062 E0077 E006C E0073 E007F	flag: Wales	
punctuation		21	exclamation mark	
punctuation		22	quotation mark	
punctuation		23	number sign	
punctuation		24	dollar sign	
punctuation		25	percent sign	
punctuation		26	ampersand	
punctuation		27	apostrophe	
punctuation		28	left parenthesis	
punctuation		29	right parenthesis	
punctuation		2A	asterisk	
punctuation		2B	plus sign	
punctuation		2C	comma	
punctuation		2D	hyphen-minus	
punctuation		2E	full stop	
punctuation		2F	solidus	
punctuation		3A	colon	
punctuation		3B	semicolon	
punctuation		3C	less-than sign	
punctuation		3D	equals sign	
punctuation		3E	greater-than sign	
punctuation		3F	question mark	
punctuation		40	commercial at	
punctuation		5B	left square bracket	
punctuation		5C	reverse solidus	
punctuation		5D	right square bracket	
punctuation		5E	circumflex accent	
punctuation		5F	low line	
punctuation		60	grave accent	
punctuation		7B	left curly bracket	
punctuation		7C	vertical line	
punctuation		7D	right curly bracket	
punctuation		7E	tilde	
punctuation		A1	inverted exclamation mark	
punctuation		A2	cent sign	
punctuation		A3	pound sign	
punctuation		A4	currency sign	
punctuation		A5	yen sign	
punctuation		A6	broken bar	
punctuation		A7	section sign	
punctuation		A8	diaeresis	
punctuation		A9	copyright sign	
punctuation		AA	feminine ordinal indicator	
punctuation		AB	left-pointing double angle quotation mark	
punctuation		AC	not sign	
punctuation		AE	registered sign	
punctuation		AF	macron	
punctuation		B0	degree sign	
punctuation		B1	plus-minus sign	
punctuation		B2	superscript two	
punctuation		B3	superscript three	
punctuation		B4	acute accent	
punctuation		B5	micro sign	
punctuation		B6	pilcrow sign	
punctuation		B7	middle dot	
punctuation		B8	cedilla	
punctuation		B9	superscript one	
punctuation		BA	masculine ordinal indicator	
punctuation		BB	right-pointing double angle quotation mark	
punctuation		BC	vulgar fraction one quarter	
punctuation		BD	vulgar fraction one half	
punctuation		BE	vulgar fraction three quarters	
punctuation		BF	inverted question mark	
punctuation		2010	hyphen	
punctuation		2011	non-breaking hyphen	
punctuation		2012	figure dash	
punctuation		2013	en dash	
punctuation		2014	em dash	
punctuation		2015	horizontal bar	
punctuation		2016	double vertical line	
punctuation		2017	double low line	
punctuation		2018	left single quotation mark	
punctuation		2019	right single quotation mark	
punctuation		201A	single low-9 quotation mark	
punctuation		201B	single high-reversed-9 quotation mark	
punctuation		201C	left double quotation mark	
punctuation		201D	right double quotation mark	
punctuation		201E	double low-9 quotation mark	
punctuation		201F	double high-reversed-9 quotation mark	
punctuation		2020	dagger	
punctuation		2021	double dagger	
punctuation		2022	bullet	
punctuation		2023	triangular bullet	
punctuation		2024	one dot leader	
punctuation		2025	two dot leader	
punctuation		2026	horizontal ellipsis	
punctuation		2027	hyphenation point	
punctuation		2030	per mille sign	
punctuation		2031	per ten thousand sign	
punctuation		2032	prime	
punctuation		2033	double prime	
punctuation		2034	triple prime	
punctuation		2035	reversed prime	
punctuation		2036	reversed double prime	
punctuation		2037	reversed triple prime	
punctuation		2038	caret	
punctuation		2039	single left-pointing angle quotation mark	
punctuation		203A	single right-pointing angle quotation mark	
punctuation		203B	reference mark	
punctuation		203C	double exclamation mark	
punctuation		203D	interrobang	
punctuation		203E	overline	
punctuation		203F	undertie	
punctuation		2040	character tie	
punctuation		2041	caret insertion point	
punctuation		2042	asterism	
punctuation		2043	hyphen bullet	
punctuation		2044	fraction slash	
punctuation		2045	left square bracket with quill	
punctuation		2046	right square bracket with quill	
punctuation		2047	double question mark	
punctuation		2048	question exclamation mark	
punctuation		2049	exclamation question mark	
punctuation		204A	tironian sign et	
punctuation		204B	reversed pilcrow sign	
punctuation		204C	black leftwards bullet	
punctuation		204D	black rightwards bullet	
punctuation		204E	low asterisk	
punctuation		204F	reversed semicolon	
punctuation		2050	close up	
punctuation		2051	two asterisks aligned vertically	
punctuation		2052	commercial minus sign	
punctuation		2053	swung dash	
punctuation		2054	inverted undertie	
punctuation		2055	flower punctuation mark	
punctuation		2056	three dot punctuation	
punctuation		2057	quadruple prime	
punctuation		2058	four dot punctuation	
punctuation		2059	five dot punctuation	
punctuation		205A	two dot punctuation	
punctuation		205B	four dot mark	
punctuation		205C	dotted cross	
punctuation		205D	tricolon	
punctuation		205E	vertical four dots	
punctuation		2E00	right angle substitution marker	
punctuation		2E01	right angle dotted substitution marker	
punctuation		2E02	left substitution bracket	
punctuation		2E03	right substitution bracket	
punctuation		2E04	left dotted substitution bracket	
punctuation		2E05	right dotted substitution bracket	
punctuation		2E06	raised interpolation marker	
punctuation		2E07	raised dotted interpolation marker	
punctuation		2E08	dotted transposition marker	
punctuation		2E09	left transposition bracket	
punctuation		2E0A	right transposition bracket	
punctuation		2E0B	raised square	
punctuation		2E0C	left raised omission bracket	
punctuation		2E0D	right raised omission bracket	
punctuation		2E0E	editorial coronis	
punctuation		2E0F	paragraphos	
punctuation		2E10	forked paragraphos	
punctuation		2E11	reversed forked paragraphos	
punctuation		2E12	hypodiastole	
punctuation		2E13	dotted obelos	
punctuation		2E14	downwards ancora	
punctuation		2E15	upwards ancora	
punctuation		2E16	dotted right-pointing angle	
punctuation		2E17	double oblique hyphen	
punctuation		2E18	inverted interrobang	
punctuation		2E19	palm branch	
punctuation		2E1A	hyphen with diaeresis	
punctuation		2E1B	tilde with ring above	
punctuation		2E1C	left low paraphrase bracket	
punctuation		2E1D	right low paraphrase bracket	
punctuation		2E1E	tilde with dot above	
punctuation		2E1F	tilde with dot below	
punctuation		2E20	left vertical bar with quill	
punctuation		2E21	right vertical bar with quill	
punctuation		2E22	top left half bracket	
punctuation		2E23	top right half bracket	
punctuation		2E24	bottom left half bracket	
punctuation		2E25	bottom right half bracket	
punctuation		2E26	left sideways u bracket	
punctuation		2E27	right sideways u bracket	
punctuation		2E28	left double parenthesis	
punctuation		2E29	right double parenthesis	
punctuation		2E2A	two dots over one dot punctuation	
punctuation		2E2B	one dot over two dots punctuation	
punctuation		2E2C	squared four dot punctuation	
punctuation		2E2D	five dot mark	
punctuation		2E2E	reversed question mark	
punctuation		2E2F	vertical tilde	
punctuation		2E30	ring point	
punctuation		2E31	word separator middle dot	
punctuation		2E32	turned comma	
punctuation		2E33	raised dot	
punctuation		2E34	raised comma	
punctuation		2E35	turned semicolon	
punctuation		2E36	dagger with left guard	
punctuation		2E37	dagger with right guard	
punctuation		2E38	turned dagger	
punctuation		2E39	top half section sign	
punctuation		2E3A	two-em dash	
punctuation		2E3B	three-em dash	
punctuation		2E3C	stenographic full stop	
punctuation		2E3D	vertical six dots	
punctuation		2E3E	wiggly vertical line	
punctuation		2E3F	capitulum	
punctuation		2E40	double hyphen	
punctuation		2E41	reversed comma	
punctuation		2E42	double low-reversed-9 quotation mark	
punctuation		2E43	dash with left upturn	
punctuation		2E44	double suspension mark	
punctuation		2E45	inverted low kavyka	
punctuation		2E46	inverted low kavyka with kavyka above	
punctuation		2E47	low kavyka	
punctuation		2E48	low kavyka with dot	
punctuation		2E49	double stacked comma	
punctuation		2E4A	dotted solidus	
punctuation		2E4B	triple dagger	
punctuation		2E4C	medieval comma	
punctuation		2E4D	paragraphus mark	
punctuation		2E4E	punctus elevatus mark	
punctuation		2E4F	cornish verse divider	
arrows		2190	leftwards arrow	
arrows		2191	upwards arrow	
arrows		2192	rightwards arrow	
arrows		2193	downwards arrow	
arrows		2194	left right arrow	
arrows		2195	up down arrow	
arrows		2196	north west arrow	
arrows		2197	north east arrow	
arrows		2198	south east arrow	
arrows		2199	south west arrow	
arrows		219A	leftwards arrow with stroke	
arrows		219B	rightwards arrow with stroke	
arrows		219C	leftwards wave arrow	
arrows		219D	rightwards wave arrow	
arrows		219E	leftwards two headed arrow	
arrows		219F	upwards two headed arrow	
arrows		21A0	rightwards two headed arrow	
arrows		21A1	downwards two headed arrow	
arrows		21A2	leftwards arrow with tail	
arrows		21A3	rightwards arrow with tail	
arrows		21A4	leftwards arrow from bar	
arrows		21A5	upwards arrow from bar	
arrows		21A6	rightwards arrow from bar	
arrows		21A7	downwards arrow from bar	
arrows		21A8	up down arrow with base	
arrows		21A9	leftwards arrow with hook	
arrows		21AA	rightwards arrow with hook	
arrows		21AB	leftwards arrow with loop	
arrows		21AC	rightwards arrow with loop	
arrows		21AD	left right wave arrow	
arrows		21AE	left right arrow with stroke	
arrows		21AF	downwards zigzag arrow	
arrows		21B0	upwards arrow with tip leftwards	
arrows		21B1	upwards arrow with tip rightwards	
arrows		21B2	downwards arrow with tip leftwards	
arrows		21B3	downwards arrow with tip rightwards	
arrows		21B4	rightwards arrow with corner downwards	
arrows		21B5	downwards arrow with corner leftwards	
arrows		21B6	anticlockwise top semicircle arrow	
arrows		21B7	clockwise top semicircle arrow	
arrows		21B8	north west arrow to long bar	
arrows		21B9	leftwards arrow to bar over rightwards arrow to bar	
arrows		21BA	anticlockwise open circle arrow	
arrows		21BB	clockwise open circle arrow	
arrows		21BC	leftwards harpoon with barb upwards	
arrows		21BD	leftwards harpoon with barb downwards	
arrows		21BE	upwards harpoon with barb rightwards	
arrows		21BF	upwards harpoon with barb leftwards	
arrows		21C0	rightwards harpoon with barb upwards	
arrows		21C1	rightwards harpoon with barb downwards	
arrows		21C2	downwards harpoon with barb rightwards	
arrows		21C3	downwards harpoon with barb leftwards	
arrows		21C4	rightwards arrow over leftwards arrow	
arrows		21C5	upwards arrow leftwards of downwards arrow	
arrows		21C6	leftwards arrow over rightwards arrow	
arrows		21C7	leftwards paired arrows	
arrows		21C8	upwards paired arrows	
arrows		21C9	rightwards paired arrows	
arrows		21CA	downwards paired arrows	
arrows		21CB	leftwards harpoon over rightwards harpoon	
arrows		21CC	rightwards harpoon over leftwards harpoon	
arrows		21CD	leftwards double arrow with stroke	
arrows		21CE	left right double arrow with stroke	
arrows		21CF	rightwards double arrow with stroke	
arrows		21D0	leftwards double arrow	
arrows		21D1	upwards double arrow	
arrows		21D2	rightwards double arrow	
arrows		21D3	downwards double arrow	
arrows		21D4	left right double arrow	
arrows		21D5	up down double arrow	
arrows		21D6	north west double arrow	
arrows		21D7	north east double arrow	
arrows		21D8	south east double arrow	
arrows		21D9	south west double arrow	
arrows		21DA	leftwards triple arrow	
arrows		21DB	rightwards triple arrow	
arrows		21DC	leftwards squiggle arrow	
arrows		21DD	rightwards squiggle arrow	
arrows		21DE	upwards arrow with double stroke	
arrows		21DF	downwards arrow with double stroke	
arrows		21E0	leftwards dashed arrow	
arrows		21E1	upwards dashed arrow	
arrows		21E2	rightwards dashed arrow	
arrows		21E3	downwards dashed arrow	
arrows		21E4	leftwards arrow to bar	
arrows		21E5	rightwards arrow to bar	
arrows		21E6	leftwards white arrow	
arrows		21E7	upwards white arrow	
arrows		21E8	rightwards white arrow	
arrows		21E9	downwards white arrow	
arrows		21EA	upwards white arrow from bar	
arrows		21EB	upwards white arrow on pedestal	
arrows		21EC	upwards white arrow on pedestal with horizontal bar	
arrows		21ED	upwards white arrow on pedestal with vertical bar	
arrows		21EE	upwards white double arrow	
arrows		21EF	upwards white double arrow on pedestal	
arrows		21F0	rightwards white arrow from wall	
arrows		21F1	north west arrow to corner	
arrows		21F2	south east arrow to corner	
arrows		21F3	up down white arrow	
arrows		21F4	right arrow with small circle	
arrows		21F5	downwards arrow leftwards of upwards arrow	
arrows		21F6	three rightwards arrows	
arrows		21F7	leftwards arrow with vertical stroke	
arrows		21F8	rightwards arrow with vertical stroke	
arrows		21F9	left right arrow with vertical stroke	
arrows		21FA	leftwards arrow with double vertical stroke	
arrows		21FB	rightwards arrow with double vertical stroke	
arrows		21FC	left right arrow with double vertical stroke	
arrows		21FD	leftwards open-headed arrow	
arrows		21FE	rightwards open-headed arrow	
arrows		21FF	left right open-headed arrow	
arrows		27F0	upwards quadruple arrow	
arrows		27F1	downwards quadruple arrow	
arrows		27F2	anticlockwise gapped circle arrow	
arrows		27F3	clockwise gapped circle arrow	
arrows		27F4	right arrow with circled plus	
arrows		27F5	long leftwards arrow	
arrows		27F6	long rightwards arrow	
arrows		27F7	long left right arrow	
arrows		27F8	long leftwards double arrow	
arrows		27F9	long rightwards double arrow	
arrows		27FA	long left right double arrow	
arrows		27FB	long leftwards arrow from bar	
arrows		27FC	long rightwards arrow from bar	
arrows		27FD	long leftwards double arrow from bar	
arrows		27FE	long rightwards double arrow from bar	
arrows		27FF	long rightwards squiggle arrow	
arrows		2900	rightwards two-headed arrow with vertical stroke	
arrows		2901	rightwards two-headed arrow with double vertical stroke	
arrows		2902	leftwards double arrow with vertical stroke	
arrows		2903	rightwards double arrow with vertical stroke	
arrows		2904	left right double arrow with vertical stroke	
arrows		2905	rightwards two-headed arrow from bar	
arrows		2906	leftwards double arrow from bar	
arrows		2907	rightwards double arrow from bar	
arrows		2908	downwards arrow with horizontal stroke	
arrows		2909	upwards arrow with horizontal stroke	
arrows		290A	upwards triple arrow	
arrows		290B	downwards triple arrow	
arrows		290C	leftwards double dash arrow	
arrows		290D	rightwards double dash arrow	
arrows		290E	leftwards triple dash arrow	
arrows		290F	rightwards triple dash arrow	
arrows		2910	rightwards two-headed triple dash arrow	
arrows		2911	rightwards arrow with dotted stem	
arrows		2912	upwards arrow to bar	
arrows		2913	downwards arrow to bar	
arrows		2914	rightwards arrow with tail with vertical stroke	
arrows		2915	rightwards arrow with tail with double vertical stroke	
arrows		2916	rightwards two-headed arrow with tail	
arrows		2917	rightwards two-headed arrow with tail with vertical stroke	
arrows		2918	rightwards two-headed arrow with tail with double vertical stroke	
arrows		2919	leftwards arrow-tail	
arrows		291A	rightwards arrow-tail	
arrows		291B	leftwards double arrow-tail	
arrows		291C	rightwards double arrow-tail	
arrows		291D	leftwards arrow to black diamond	
arrows		291E	rightwards arrow to black diamond	
arrows		291F	leftwards arrow from bar to black diamond	
arrows		2920	rightwards arrow from bar to black diamond	
arrows		2921	north west and south east arrow	
arrows		2922	north east and south west arrow	
arrows		2923	north west arrow with hook	
arrows		2924	north east arrow with hook	
arrows		2925	south east arrow with hook	
arrows		2926	south west arrow with hook	
arrows		2927	north west arrow and north east arrow	
arrows		2928	north east arrow and south east arrow	
arrows		2929	south east arrow and south west arrow	
arrows		292A	south west arrow and north west arrow	
arrows		292B	rising diagonal crossing falling diagonal	
arrows		292C	falling diagonal crossing rising diagonal	
arrows		292D	south east arrow crossing north east arrow	
arrows		292E	north east arrow crossing south east arrow	
arrows		292F	falling diagonal crossing north east arrow	
arrows		2930	rising diagonal crossing south east arrow	
arrows		2931	north east arrow crossing north west arrow	
arrows		2932	north west arrow crossing north east arrow	
arrows		2933	wave arrow pointing directly right	
arrows		2934	arrow pointing rightwards then curving upwards	
arrows		2935	arrow pointing rightwards then curving downwards	
arrows		2936	arrow pointing downwards then curving leftwards	
arrows		2937	arrow pointing downwards then curving rightwards	
arrows		2938	right-side arc clockwise arrow	
arrows		2939	left-side arc anticlockwise arrow	
arrows		293A	top arc anticlockwise arrow	
arrows		293B	bottom arc anticlockwise arrow	
arrows		293C	top arc clockwise arrow with minus	
arrows		293D	top arc anticlockwise arrow with plus	
arrows		293E	lower right semicircular clockwise arrow	
arrows		293F	lower left semicircular anticlockwise arrow	
arrows		2940	anticlockwise closed circle arrow	
arrows		2941	clockwise closed circle arrow	
arrows		2942	rightwards arrow above short leftwards arrow	
arrows		2943	leftwards arrow above short rightwards arrow	
arrows		2944	short rightwards arrow above leftwards arrow	
arrows		2945	rightwards arrow with plus below	
arrows		2946	leftwards arrow with plus below	
arrows		2947	rightwards arrow through x	
arrows		2948	left right arrow through small circle	
arrows		2949	upwards two-headed arrow from small circle	
arrows		294A	left barb up right barb down harpoon	
arrows		294B	left barb down right barb up harpoon	
arrows		294C	up barb right down barb left harpoon	
arrows		294D	up barb left down barb right harpoon	
arrows		294E	left barb up right barb up harpoon	
arrows		294F	up barb right down barb right harpoon	
arrows		2950	left barb down right barb down harpoon	
arrows		2951	up barb left down barb left harpoon	
arrows		2952	leftwards harpoon with barb up to bar	
arrows		2953	rightwards harpoon with barb up to bar	
arrows		2954	upwards harpoon with barb right to bar	
arrows		2955	downwards harpoon with barb right to bar	
arrows		2956	leftwards harpoon with barb down to bar	
arrows		2957	rightwards harpoon with barb down to bar	
arrows		2958	upwards harpoon with barb left to bar	
arrows		2959	downwards harpoon with barb left to bar	
arrows		295A	leftwards harpoon with barb up from bar	
arrows		295B	rightwards harpoon with barb up from bar	
arrows		295C	upwards harpoon with barb right from bar	
arrows		295D	downwards harpoon with barb right from bar	
arrows		295E	leftwards harpoon with barb down from bar	
arrows		295F	rightwards harpoon with barb down from bar	
arrows		2960	upwards harpoon with barb left from bar	
arrows		2961	downwards harpoon with barb left from bar	
arrows		2962	leftwards harpoon with barb up above leftwards harpoon with barb down	
arrows		2963	upwards harpoon with barb left beside upwards harpoon with barb right	
arrows		2964	rightwards harpoon with barb up above rightwards harpoon with barb down	
arrows		2965	downwards harpoon with barb left beside downwards harpoon with barb right	
arrows		2966	leftwards harpoon with barb up above rightwards harpoon with barb up	
arrows		2967	leftwards harpoon with barb down above rightwards harpoon with barb down	
arrows		2968	rightwards harpoon with barb up above leftwards harpoon with barb up	
arrows		2969	rightwards harpoon with barb down above leftwards harpoon with barb down	
arrows		296A	leftwards harpoon with barb up above long dash	
arrows		296B	leftwards harpoon with barb down below long dash	
arrows		296C	rightwards harpoon with barb up above long dash	
arrows		296D	rightwards harpoon with barb down below long dash	
arrows		296E	upwards harpoon with barb left beside downwards harpoon with barb right	
arrows		296F	downwards harpoon with barb left beside upwards harpoon with barb right	
arrows		2970	right double arrow with rounded head	
arrows		2971	equals sign above rightwards arrow	
arrows		2972	tilde operator above rightwards arrow	
arrows		2973	leftwards arrow above tilde operator	
arrows		2974	rightwards arrow above tilde operator	
arrows		2975	rightwards arrow above almost equal to	
arrows		2976	less-than above leftwards arrow	
arrows		2977	leftwards arrow through less-than	
arrows		2978	greater-than above rightwards arrow	
arrows		2979	subset above rightwards arrow	
arrows		297A	leftwards arrow through subset	
arrows		297B	superset above leftwards arrow	
arrows		297C	left fish tail	
arrows		297D	right fish tail	
arrows		297E	up fish tail	
arrows		297F	down fish tail	
arrows		2B00	north east white arrow	
arrows		2B01	north west white arrow	
arrows		2B02	south east white arrow	
arrows		2B03	south west white arrow	
arrows		2B04	left right white arrow	
arrows		2B05	leftwards black arrow	
arrows		2B06	upwards black arrow	
arrows		2B07	downwards black arrow	
arrows		2B08	north east black arrow	
arrows		2B09	north west black arrow	
arrows		2B0A	south east black arrow	
arrows		2B0B	south west black arrow	
arrows		2B0C	left right black arrow	
arrows		2B0D	up down black arrow	
arrows		2B0E	rightwards arrow with tip downwards	
arrows		2B0F	rightwards arrow with tip upwards	
arrows		2B10	leftwards arrow with tip downwards	
arrows		2B11	leftwards arrow with tip upwards	
arrows		2B12	square with top half black	
arrows		2B13	square with bottom half black	
arrows		2B14	square with upper right diagonal half black	
arrows		2B15	square with lower left diagonal half black	
arrows		2B16	diamond with left half black	
arrows		2B17	diamond with right half black	
arrows		2B18	diamond with top half black	
arrows		2B19	diamond with bottom half black	
arrows		2B1A	dotted square	
arrows		2B1D	black very small square	
arrows		2B1E	white very small square	
arrows		2B1F	black pentagon	
arrows		2B20	white pentagon	
arrows		2B21	white hexagon	
arrows		2B22	black hexagon	
arrows		2B23	horizontal black hexagon	
arrows		2B24	black large circle	
arrows		2B25	black medium diamond	
arrows		2B26	white medium diamond	
arrows		2B27	black medium lozenge	
arrows		2B28	white medium lozenge	
arrows		2B29	black small diamond	
arrows		2B2A	black small lozenge	
arrows		2B2B	white small lozenge	
arrows		2B2C	black horizontal ellipse	
arrows		2B2D	white horizontal ellipse	
arrows		2B2E	black vertical ellipse	
arrows		2B2F	white vertical ellipse	
arrows		2B45	leftwards quadruple arrow	
arrows		2B46	rightwards quadruple arrow	
arrows		2B47	reverse tilde operator above rightwards arrow	
arrows		2B48	rightwards arrow above reverse almost equal to	
arrows		2B49	tilde operator above leftwards arrow	
arrows		2B4A	leftwards arrow above almost equal to	
arrows		2B4B	leftwards arrow above reverse tilde operator	
arrows		2B4C	rightwards arrow above reverse tilde operator	
arrows		2B4D	downwards triangle-headed zigzag arrow	
arrows		2B4E	short slanted north arrow	
arrows		2B4F	short backslanted south arrow	
arrows		2B51	black small star	
arrows		2B52	white small star	
arrows		2B53	black right-pointing pentagon	
arrows		2B54	white right-pointing pentagon	
arrows		2B56	heavy oval with oval inside	
arrows		2B57	heavy circle with circle inside	
arrows		2B58	heavy circle	
arrows		2B59	heavy circled saltire	
arrows		2B5A	slanted north arrow with hooked head	
arrows		2B5B	backslanted south arrow with hooked tail	
arrows		2B5C	slanted north arrow with horizontal tail	
arrows		2B5D	backslanted south arrow with horizontal tail	
arrows		2B5E	bent arrow pointing downwards then north east	
arrows		2B5F	short bent arrow pointing downwards then north east	
arrows		2B60	leftwards triangle-headed arrow	
arrows		2B61	upwards triangle-headed arrow	
arrows		2B62	rightwards triangle-headed arrow	
arrows		2B63	downwards triangle-headed arrow	
arrows		2B64	left right triangle-headed arrow	
arrows		2B65	up down triangle-headed arrow	
arrows		2B66	north west triangle-headed arrow	
arrows		2B67	north east triangle-headed arrow	
arrows		2B68	south east triangle-headed arrow	
arrows		2B69	south west triangle-headed arrow	
arrows		2B6A	leftwards triangle-headed dashed arrow	
arrows		2B6B	upwards triangle-headed dashed arrow	
arrows		2B6C	rightwards triangle-headed dashed arrow	
arrows		2B6D	downwards triangle-headed dashed arrow	
arrows		2B6E	clockwise triangle-headed open circle arrow	
arrows		2B6F	anticlockwise triangle-headed open circle arrow	
arrows		2B70	leftwards triangle-headed arrow to bar	
arrows		2B71	upwards triangle-headed arrow to bar	
arrows		2B72	rightwards triangle-headed arrow to bar	
arrows		2B73	downwards triangle-headed arrow to bar	
math		B1	plus-minus sign	
math		D7	multiplication sign	
math		F7	division sign	
math		2070	superscript zero	
math		2071	superscript latin small letter i	
math		2074	superscript four	
math		2075	superscript five	
math		2076	superscript six	
math		2077	superscript seven	
math		2078	superscript eight	
math		2079	superscript nine	
math		207A	superscript plus sign	
math		207B	superscript minus	
math		207C	superscript equals sign	
math		207D	superscript left parenthesis	
math		207E	superscript right parenthesis	
math		207F	superscript latin small letter n	
math		2080	subscript zero	
math		2081	subscript one	
math		2082	subscript two	
math		2083	subscript three	
math		2084	subscript four	
math		2085	subscript five	
math		2086	subscript six	
math		2087	subscript seven	
math		2088	subscript eight	
math		2089	subscript nine	
math		208A	subscript plus sign	
math		208B	subscript minus	
math		208C	subscript equals sign	
math		208D	subscript left parenthesis	
math		208E	subscript right parenthesis	
math		2090	latin subscript small letter a	
math		2091	latin subscript small letter e	
math		2092	latin subscript small letter o	
math		2093	latin subscript small letter x	
math		2094	latin subscript small letter schwa	
math		2095	latin subscript small letter h	
math		2096	latin subscript small letter k	
math		2097	latin subscript small letter l	
math		2098	latin subscript small letter m	
math		2099	latin subscript small letter n	
math		209A	latin subscript small letter p	
math		209B	latin subscript small letter s	
math		209C	latin subscript small letter t	
math		2150	vulgar fraction one seventh	
math		2151	vulgar fraction one ninth	
math		2152	vulgar fraction one tenth	
math		2153	vulgar fraction one third	
math		2154	vulgar fraction two thirds	
math		2155	vulgar fraction one fifth	
math		2156	vulgar fraction two fifths	
math		2157	vulgar fraction three fifths	
math		2158	vulgar fraction four fifths	
math		2159	vulgar fraction one sixth	
math		215A	vulgar fraction five sixths	
math		215B	vulgar fraction one eighth	
math		215C	vulgar fraction three eighths	
math		215D	vulgar fraction five eighths	
math		215E	vulgar fraction seven eighths	
math		215F	fraction numerator one	
math		2160	roman numeral one	
math		2161	roman numeral two	
math		2162	roman numeral three	
math		2163	roman numeral four	
math		2164	roman numeral five	
math		2165	roman numeral six	
math		2166	roman numeral seven	
math		2167	roman numeral eight	
math		2168	roman numeral nine	
math		2169	roman numeral ten	
math		216A	roman numeral eleven	
math		216B	roman numeral twelve	
math		216C	roman numeral fifty	
math		216D	roman numeral one hundred	
math		216E	roman numeral five hundred	
math		216F	roman numeral one thousand	
math		2170	small roman numeral one	
math		2171	small roman numeral two	
math		2172	small roman numeral three	
math		2173	small roman numeral four	
math		2174	small roman numeral five	
math		2175	small roman numeral six	
math		2176	small roman numeral seven	
math		2177	small roman numeral eight	
math		2178	small roman numeral nine	
math		2179	small roman numeral ten	
math		217A	small roman numeral eleven	
math		217B	small roman numeral twelve	
math		217C	small roman numeral fifty	
math		217D	small roman numeral one hundred	
math		217E	small roman numeral five hundred	
math		217F	small roman numeral one thousand	
math		2180	roman numeral one thousand c d	
math		2181	roman numeral five thousand	
math		2182	roman numeral ten thousand	
math		2183	roman numeral reversed one hundred	
math		2184	latin small letter reversed c	
math		2185	roman numeral six late form	
math		2186	roman numeral fifty early form	
math		2187	roman numeral fifty thousand	
math		2188	roman numeral one hundred thousand	
math		2189	vulgar fraction zero thirds	
math		218A	turned digit two	
math		218B	turned digit three	
math		2200	for all	
math		2201	complement	
math		2202	partial differential	
math		2203	there exists	
math		2204	there does not exist	
math		2205	empty set	
math		2206	increment	
math		2207	nabla	
math		2208	element of	
math		2209	not an element of	
math		220A	small element of	
math		220B	contains as member	
math		220C	does not contain as member	
math		220D	small contains as member	
math		220E	end of proof	
math		220F	n-ary product	
math		2210	n-ary coproduct	
math		2211	n-ary summation	
math		2212	minus sign	
math		2213	minus-or-plus sign	
math		2214	dot plus	
math		2215	division slash	
math		2216	set minus	
math		2217	asterisk operator	
math		2218	ring operator	
math		2219	bullet operator	
math		221A	square root	
math		221B	cube root	
math		221C	fourth root	
math		221D	proportional to	
math		221E	infinity	
math		221F	right angle	
math		2220	angle	
math		2221	measured angle	
math		2222	spherical angle	
math		2223	divides	
math		2224	does not divide	
math		2225	parallel to	
math		2226	not parallel to	
math		2227	logical and	
math		2228	logical or	
math		2229	intersection	
math		222A	union	
math		222B	integral	
math		222C	double integral	
math		222D	triple integral	
math		222E	contour integral	
math		222F	surface integral	
math		2230	volume integral	
math		2231	clockwise integral	
math		2232	clockwise contour integral	
math		2233	anticlockwise contour integral	
math		2234	therefore	
math		2235	because	
math		2236	ratio	
math		2237	proportion	
math		2238	dot minus	
math		2239	excess	
math		223A	geometric proportion	
math		223B	homothetic	
math		223C	tilde operator	
math		223D	reversed tilde	
math		223E	inverted lazy s	
math		223F	sine wave	
math		2240	wreath product	
math		2241	not tilde	
math		2242	minus tilde	
math		2243	asymptotically equal to	
math		2244	not asymptotically equal to	
math		2245	approximately equal to	
math		2246	approximately but not actually equal to	
math		2247	neither approximately nor actually equal to	
math		2248	almost equal to	
math		2249	not almost equal to	
math		224A	almost equal or equal to	
math		224B	triple tilde	
math		224C	all equal to	
math		224D	equivalent to	
math		224E	geometrically equivalent to	
math		224F	difference between	
math		2250	approaches the limit	
math		2251	geometrically equal to	
math		2252	approximately equal to or the image of	
math		2253	image of or approximately equal to	
math		2254	colon equals	
math		2255	equals colon	
math		2256	ring in equal to	
math		2257	ring equal to	
math		2258	corresponds to	
math		2259	estimates	
math		225A	equiangular to	
math		225B	star equals	
math		225C	delta equal to	
math		225D	equal to by definition	
math		225E	measured by	
math		225F	questioned equal to	
math		2260	not equal to	
math		2261	identical to	
math		2262	not identical to	
math		2263	strictly equivalent to	
math		2264	less-than or equal to	
math		2265	greater-than or equal to	
math		2266	less-than over equal to	
math		2267	greater-than over equal to	
math		2268	less-than but not equal to	
math		2269	greater-than but not equal to	
math		226A	much less-than	
math		226B	much greater-than	
math		226C	between	
math		226D	not equivalent to	
math		226E	not less-than	
math		226F	not greater-than	
math		2270	neither less-than nor equal to	
math		2271	neither greater-than nor equal to	
math		2272	less-than or equivalent to	
math		2273	greater-than or equivalent to	
math		2274	neither less-than nor equivalent to	
math		2275	neither greater-than nor equivalent to	
math		2276	less-than or greater-than	
math		2277	greater-than or less-than	
math		2278	neither less-than nor greater-than	
math		2279	neither greater-than nor less-than	
math		227A	precedes	
math		227B	succeeds	
math		227C	precedes or equal to	
math		227D	succeeds or equal to	
math		227E	precedes or equivalent to	
math		227F	succeeds or equivalent to	
math		2280	does not precede	
math		2281	does not succeed	
math		2282	subset of	
math		2283	superset of	
math		2284	not a subset of	
math		2285	not a superset of	
math		2286	subset of or equal to	
math		2287	superset of or equal to	
math		2288	neither a subset of nor equal to	
math		2289	neither a superset of nor equal to	
math		228A	subset of with not equal to	
math		228B	superset of with not equal to	
math		228C	multiset	
math		228D	multiset multiplication	
math		228E	multiset union	
math		228F	square image of	
math		2290	square original of	
math		2291	square image of or equal to	
math		2292	square original of or equal to	
math		2293	square cap	
math		2294	square cup	
math		2295	circled plus	
math		2296	circled minus	
math		2297	circled times	
math		2298	circled division slash	
math		2299	circled dot operator	
math		229A	circled ring operator	
math		229B	circled asterisk operator	
math		229C	circled equals	
math		229D	circled dash	
math		229E	squared plus	
math		229F	squared minus	
math		22A0	squared times	
math		22A1	squared dot operator	
math		22A2	right tack	
math		22A3	left tack	
math		22A4	down tack	
math		22A5	up tack	
math		22A6	assertion	
math		22A7	models	
math		22A8	true	
math		22A9	forces	
math		22AA	triple vertical bar right turnstile	
math		22AB	double vertical bar double right turnstile	
math		22AC	does not prove	
math		22AD	not true	
math		22AE	does not force	
math		22AF	negated double vertical bar double right turnstile	
math		22B0	precedes under relation	
math		22B1	succeeds under relation	
math		22B2	normal subgroup of	
math		22B3	contains as normal subgroup	
math		22B4	normal subgroup of or equal to	
math		22B5	contains as normal subgroup or equal to	
math		22B6	original of	
math		22B7	image of	
math		22B8	multimap	
math		22B9	hermitian conjugate matrix	
math		22BA	intercalate	
math		22BB	xor	
math		22BC	nand	
math		22BD	nor	
math		22BE	right angle with arc	
math		22BF	right triangle	
math		22C0	n-ary logical and	
math		22C1	n-ary logical or	
math		22C2	n-ary intersection	
math		22C3	n-ary union	
math		22C4	diamond operator	
math		22C5	dot operator	
math		22C6	star operator	
math		22C7	division times	
math		22C8	bowtie	
math		22C9	left normal factor semidirect product	
math		22CA	right normal factor semidirect product	
math		22CB	left semidirect product	
math		22CC	right semidirect product	
math		22CD	reversed tilde equals	
math		22CE	curly logical or	
math		22CF	curly logical and	
math		22D0	double subset	
math		22D1	double superset	
math		22D2	double intersection	
math		22D3	double union	
math		22D4	pitchfork	
math		22D5	equal and parallel to	
math		22D6	less-than with dot	
math		22D7	greater-than with dot	
math		22D8	very much less-than	
math		22D9	very much greater-than	
math		22DA	less-than equal to or greater-than	
math		22DB	greater-than equal to or less-than	
math		22DC	equal to or less-than	
math		22DD	equal to or greater-than	
math		22DE	equal to or precedes	
math		22DF	equal to or succeeds	
math		22E0	does not precede or equal	
math		22E1	does not succeed or equal	
math		22E2	not square image of or equal to	
math		22E3	not square original of or equal to	
math		22E4	square image of or not equal to	
math		22E5	square original of or not equal to	
math		22E6	less-than but not equivalent to	
math		22E7	greater-than but not equivalent to	
math		22E8	precedes but not equivalent to	
math		22E9	succeeds but not equivalent to	
math		22EA	not normal subgroup of	
math		22EB	does not contain as normal subgroup	
math		22EC	not normal subgroup of or equal to	
math		22ED	does not contain as normal subgroup or equal	
math		22EE	vertical ellipsis	
math		22EF	midline horizontal ellipsis	
math		22F0	up right diagonal ellipsis	
math		22F1	down right diagonal ellipsis	
math		22F2	element of with long horizontal stroke	
math		22F3	element of with vertical bar at end of horizontal stroke	
math		22F4	small element of with vertical bar at end of horizontal stroke	
math		22F5	element of with dot above	
math		22F6	element of with overbar	
math		22F7	small element of with overbar	
math		22F8	element of with underbar	
math		22F9	element of with two horizontal strokes	
math		22FA	contains with long horizontal stroke	
math		22FB	contains with vertical bar at end of horizontal stroke	
math		22FC	small contains with vertical bar at end of horizontal stroke	
math		22FD	contains with overbar	
math		22FE	small contains with overbar	
math		22FF	z notation bag membership	
math		27C0	three dimensional angle	
math		27C1	white triangle containing small white triangle	
math		27C2	perpendicular	
math		27C3	open subset	
math		27C4	open superset	
math		27C5	left s-shaped bag delimiter	
math		27C6	right s-shaped bag delimiter	
math		27C7	or with dot inside	
math		27C8	reverse solidus preceding subset	
math		27C9	superset preceding solidus	
math		27CA	vertical bar with horizontal stroke	
math		27CB	mathematical rising diagonal	
math		27CC	long division	
math		27CD	mathematical falling diagonal	
math		27CE	squared logical and	
math		27CF	squared logical or	
math		27D0	white diamond with centred dot	
math		27D1	and with dot	
math		27D2	element of opening upwards	
math		27D3	lower right corner with dot	
math		27D4	upper left corner with dot	
math		27D5	left outer join	
math		27D6	right outer join	
math		27D7	full outer join	
math		27D8	large up tack	
math		27D9	large down tack	
math		27DA	left and right double turnstile	
math		27DB	left and right tack	
math		27DC	left multimap	
math		27DD	long right tack	
math		27DE	long left tack	
math		27DF	up tack with circle above	
math		27E0	lozenge divided by horizontal rule	
math		27E1	white concave-sided diamond	
math		27E2	white concave-sided diamond with leftwards tick	
math		27E3	white concave-sided diamond with rightwards tick	
math		27E4	white square with leftwards tick	
math		27E5	white square with rightwards tick	
math		27E6	mathematical left white square bracket	
math		27E7	mathematical right white square bracket	
math		27E8	mathematical left angle bracket	
math		27E9	mathematical right angle bracket	
math		27EA	mathematical left double angle bracket	
math		27EB	mathematical right double angle bracket	
math		27EC	mathematical left white tortoise shell bracket	
math		27ED	mathematical right white tortoise shell bracket	
math		27EE	mathematical left flattened parenthesis	
math		27EF	mathematical right flattened parenthesis	
math		2980	triple vertical bar delimiter	
math		2981	z notation spot	
math		2982	z notation type colon	
math		2983	left white curly bracket	
math		2984	right white curly bracket	
math		2985	left white parenthesis	
math		2986	right white parenthesis	
math		2987	z notation left image bracket	
math		2988	z notation right image bracket	
math		2989	z notation left binding bracket	
math		298A	z notation right binding bracket	
math		298B	left square bracket with underbar	
math		298C	right square bracket with underbar	
math		298D	left square bracket with tick in top corner	
math		298E	right square bracket with tick in bottom corner	
math		298F	left square bracket with tick in bottom corner	
math		2990	right square bracket with tick in top corner	
math		2991	left angle bracket with dot	
math		2992	right angle bracket with dot	
math		2993	left arc less-than bracket	
math		2994	right arc greater-than bracket	
math		2995	double left arc greater-than bracket	
math		2996	double right arc less-than bracket	
math		2997	left black tortoise shell bracket	
math		2998	right black tortoise shell bracket	
math		2999	dotted fence	
math		299A	vertical zigzag line	
math		299B	measured angle opening left	
math		299C	right angle variant with square	
math		299D	measured right angle with dot	
math		299E	angle with s inside	
math		299F	acute angle	
math		29A0	spherical angle opening left	
math		29A1	spherical angle opening up	
math		29A2	turned angle	
math		29A3	reversed angle	
math		29A4	angle with underbar	
math		29A5	reversed angle with underbar	
math		29A6	oblique angle opening up	
math		29A7	oblique angle opening down	
math		29A8	measured angle with open arm ending in arrow pointing up and right	
math		29A9	measured angle with open arm ending in arrow pointing up and left	
math		29AA	measured angle with open arm ending in arrow pointing down and right	
math		29AB	measured angle with open arm ending in arrow pointing down and left	
math		29AC	measured angle with open arm ending in arrow pointing right and up	
math		29AD	measured angle with open arm ending in arrow pointing left and up	
math		29AE	measured angle with open arm ending in arrow pointing right and down	
math		29AF	measured angle with open arm ending in arrow pointing left and down	
math		29B0	reversed empty set	
math		29B1	empty set with overbar	
math		29B2	empty set with small circle above	
math		29B3	empty set with right arrow above	
math		29B4	empty set with left arrow above	
math		29B5	circle with horizontal bar	
math		29B6	circled vertical bar	
math		29B7	circled parallel	
math		29B8	circled reverse solidus	
math		29B9	circled perpendicular	
math		29BA	circle divided by horizontal bar and top half divided by vertical bar	
math		29BB	circle with superimposed x	
math		29BC	circled anticlockwise-rotated division sign	
math		29BD	up arrow through circle	
math		29BE	circled white bullet	
math		29BF	circled bullet	
math		29C0	circled less-than	
math		29C1	circled greater-than	
math		29C2	circle with small circle to the right	
math		29C3	circle with two horizontal strokes to the right	
math		29C4	squared rising diagonal slash	
math		29C5	squared falling diagonal slash	
math		29C6	squared asterisk	
math		29C7	squared small circle	
math		29C8	squared square	
math		29C9	two joined squares	
math		29CA	triangle with dot above	
math		29CB	triangle with underbar	
math		29CC	s in triangle	
math		29CD	triangle with serifs at bottom	
math		29CE	right triangle above left triangle	
math		29CF	left triangle beside vertical bar	
math		29D0	vertical bar beside right triangle	
math		29D1	bowtie with left half black	
math		29D2	bowtie with right half black	
math		29D3	black bowtie	
math		29D4	times with left half black	
math		29D5	times with right half black	
math		29D6	white hourglass	
math		29D7	black hourglass	
math		29D8	left wiggly fence	
math		29D9	right wiggly fence	
math		29DA	left double wiggly fence	
math		29DB	right double wiggly fence	
math		29DC	incomplete infinity	
math		29DD	tie over infinity	
math		29DE	infinity negated with vertical bar	
math		29DF	double-ended multimap	
math		29E0	square with contoured outline	
math		29E1	increases as	
math		29E2	shuffle product	
math		29E3	equals sign and slanted parallel	
math		29E4	equals sign and slanted parallel with tilde above	
math		29E5	identical to and slanted parallel	
math		29E6	gleich stark	
math		29E7	thermodynamic	
math		29E8	down-pointing triangle with left half black	
math		29E9	down-pointing triangle with right half black	
math		29EA	black diamond with down arrow	
math		29EB	black lozenge	
math		29EC	white circle with down arrow	
math		29ED	black circle with down arrow	
math		29EE	error-barred white square	
math		29EF	error-barred black square	
math		29F0	error-barred white diamond	
math		29F1	error-barred black diamond	
math		29F2	error-barred white circle	
math		29F3	error-barred black circle	
math		29F4	rule-delayed	
math		29F5	reverse solidus operator	
math		29F6	solidus with overbar	
math		29F7	reverse solidus with horizontal stroke	
math		29F8	big solidus	
math		29F9	big reverse solidus	
math		29FA	double plus	
math		29FB	triple plus	
math		29FC	left-pointing curved angle bracket	
math		29FD	right-pointing curved angle bracket	
math		29FE	tiny	
math		29FF	miny	
math		2A00	n-ary circled dot operator	
math		2A01	n-ary circled plus operator	
math		2A02	n-ary circled times operator	
math		2A03	n-ary union operator with dot	
math		2A04	n-ary union operator with plus	
math		2A05	n-ary square intersection operator	
math		2A06	n-ary square union operator	
math		2A07	two logical and operator	
math		2A08	two logical or operator	
math		2A09	n-ary times operator	
math		2A0A	modulo two sum	
math		2A0B	summation with integral	
math		2A0C	quadruple integral operator	
math		2A0D	finite part integral	
math		2A0E	integral with double stroke	
math		2A0F	integral average with slash	
math		2A10	circulation function	
math		2A11	anticlockwise integration	
math		2A12	line integration with rectangular path around pole	
math		2A13	line integration with semicircular path around pole	
math		2A14	line integration not including the pole	
math		2A15	integral around a point operator	
math		2A16	quaternion integral operator	
math		2A17	integral with leftwards arrow with hook	
math		2A18	integral with times sign	
math		2A19	integral with intersection	
math		2A1A	integral with union	
math		2A1B	integral with overbar	
math		2A1C	integral with underbar	
math		2A1D	join	
math		2A1E	large left triangle operator	
math		2A1F	z notation schema composition	
math		2A20	z notation schema piping	
math		2A21	z notation schema projection	
math		2A22	plus sign with small circle above	
math		2A23	plus sign with circumflex accent above	
math		2A24	plus sign with tilde above	
math		2A25	plus sign with dot below	
math		2A26	plus sign with tilde below	
math		2A27	plus sign with subscript two	
math		2A28	plus sign with black triangle	
math		2A29	minus sign with comma above	
math		2A2A	minus sign with dot below	
math		2A2B	minus sign with falling dots	
math		2A2C	minus sign with rising dots	
math		2A2D	plus sign in left half circle	
math		2A2E	plus sign in right half circle	
math		2A2F	vector or cross product	
math		2A30	multiplication sign with dot above	
math		2A31	multiplication sign with underbar	
math		2A32	semidirect product with bottom closed	
math		2A33	smash product	
math		2A34	multiplication sign in left half circle	
math		2A35	multiplication sign in right half circle	
math		2A36	circled multiplication sign with circumflex accent	
math		2A37	multiplication sign in double circle	
math		2A38	circled division sign	
math		2A39	plus sign in triangle	
math		2A3A	minus sign in triangle	
math		2A3B	multiplication sign in triangle	
math		2A3C	interior product	
math		2A3D	righthand interior product	
math		2A3E	z notation relational composition	
math		2A3F	amalgamation or coproduct	
math		2A40	intersection with dot	
math		2A41	union with minus sign	
math		2A42	union with overbar	
math		2A43	intersection with overbar	
math		2A44	intersection with logical and	
math		2A45	union with logical or	
math		2A46	union above intersection	
math		2A47	intersection above union	
math		2A48	union above bar above intersection	
math		2A49	intersection above bar above union	
math		2A4A	union beside and joined with union	
math		2A4B	intersection beside and joined with intersection	
math		2A4C	closed union with serifs	
math		2A4D	closed intersection with serifs	
math		2A4E	double square intersection	
math		2A4F	double square union	
math		2A50	closed union with serifs and smash product	
math		2A51	logical and with dot above	
math		2A52	logical or with dot above	
math		2A53	double logical and	
math		2A54	double logical or	
math		2A55	two intersecting logical and	
math		2A56	two intersecting logical or	
math		2A57	sloping large or	
math		2A58	sloping large and	
math		2A59	logical or overlapping logical and	
math		2A5A	logical and with middle stem	
math		2A5B	logical or with middle stem	
math		2A5C	logical and with horizontal dash	
math		2A5D	logical or with horizontal dash	
math		2A5E	logical and with double overbar	
math		2A5F	logical and with underbar	
math		2A60	logical and with double underbar	
math		2A61	small vee with underbar	
math		2A62	logical or with double overbar	
math		2A63	logical or with double underbar	
math		2A64	z notation domain antirestriction	
math		2A65	z notation range antirestriction	
math		2A66	equals sign with dot below	
math		2A67	identical with dot above	
math		2A68	triple horizontal bar with double vertical stroke	
math		2A69	triple horizontal bar with triple vertical stroke	
math		2A6A	tilde operator with dot above	
math		2A6B	tilde operator with rising dots	
math		2A6C	similar minus similar	
math		2A6D	congruent with dot above	
math		2A6E	equals with asterisk	
math		2A6F	almost equal to with circumflex accent	
math		2A70	approximately equal or equal to	
math		2A71	equals sign above plus sign	
math		2A72	plus sign above equals sign	
math		2A73	equals sign above tilde operator	
math		2A74	double colon equal	
math		2A75	two consecutive equals signs	
math		2A76	three consecutive equals signs	
math		2A77	equals sign with two dots above and two dots below	
math		2A78	equivalent with four dots above	
math		2A79	less-than with circle inside	
math		2A7A	greater-than with circle inside	
math		2A7B	less-than with question mark above	
math		2A7C	greater-than with question mark above	
math		2A7D	less-than or slanted equal to	
math		2A7E	greater-than or slanted equal to	
math		2A7F	less-than or slanted equal to with dot inside	
math		2A80	greater-than or slanted equal to with dot inside	
math		2A81	less-than or slanted equal to with dot above	
math		2A82	greater-than or slanted equal to with dot above	
math		2A83	less-than or slanted equal to with dot above right	
math		2A84	greater-than or slanted equal to with dot above left	
math		2A85	less-than or approximate	
math		2A86	greater-than or approximate	
math		2A87	less-than and single-line not equal to	
math		2A88	greater-than and single-line not equal to	
math		2A89	less-than and not approximate	
math		2A8A	greater-than and not approximate	
math		2A8B	less-than above double-line equal above greater-than	
math		2A8C	greater-than above double-line equal above less-than	
math		2A8D	less-than above similar or equal	
math		2A8E	greater-than above similar or equal	
math		2A8F	less-than above similar above greater-than	
math		2A90	greater-than above similar above less-than	
math		2A91	less-than above greater-than above double-line equal	
math		2A92	greater-than above less-than above double-line equal	
math		2A93	less-than above slanted equal above greater-than above slanted equal	
math		2A94	greater-than above slanted equal above less-than above slanted equal	
math		2A95	slanted equal to or less-than	
math		2A96	slanted equal to or greater-than	
math		2A97	slanted equal to or less-than with dot inside	
math		2A98	slanted equal to or greater-than with dot inside	
math		2A99	double-line equal to or less-than	
math		2A9A	double-line equal to or greater-than	
math		2A9B	double-line slanted equal to or less-than	
math		2A9C	double-line slanted equal to or greater-than	
math		2A9D	similar or less-than	
math		2A9E	similar or greater-than	
math		2A9F	similar above less-than above equals sign	
math		2AA0	similar above greater-than above equals sign	
math		2AA1	double nested less-than	
math		2AA2	double nested greater-than	
math		2AA3	double nested less-than with underbar	
math		2AA4	greater-than overlapping less-than	
math		2AA5	greater-than beside less-than	
math		2AA6	less-than closed by curve	
math		2AA7	greater-than closed by curve	
math		2AA8	less-than closed by curve above slanted equal	
math		2AA9	greater-than closed by curve above slanted equal	
math		2AAA	smaller than	
math		2AAB	larger than	
math		2AAC	smaller than or equal to	
math		2AAD	larger than or equal to	
math		2AAE	equals sign with bumpy above	
math		2AAF	precedes above single-line equals sign	
math		2AB0	succeeds above single-line equals sign	
math		2AB1	precedes above single-line not equal to	
math		2AB2	succeeds above single-line not equal to	
math		2AB3	precedes above equals sign	
math		2AB4	succeeds above equals sign	
math		2AB5	precedes above not equal to	
math		2AB6	succeeds above not equal to	
math		2AB7	precedes above almost equal to	
math		2AB8	succeeds above almost equal to	
math		2AB9	precedes above not almost equal to	
math		2ABA	succeeds above not almost equal to	
math		2ABB	double precedes	
math		2ABC	double succeeds	
math		2ABD	subset with dot	
math		2ABE	superset with dot	
math		2ABF	subset with plus sign below	
math		2AC0	superset with plus sign below	
math		2AC1	subset with multiplication sign below	
math		2AC2	superset with multiplication sign below	
math		2AC3	subset of or equal to with dot above	
math		2AC4	superset of or equal to with dot above	
math		2AC5	subset of above equals sign	
math		2AC6	superset of above equals sign	
math		2AC7	subset of above tilde operator	
math		2AC8	superset of above tilde operator	
math		2AC9	subset of above almost equal to	
math		2ACA	superset of above almost equal to	
math		2ACB	subset of above not equal to	
math		2ACC	superset of above not equal to	
math		2ACD	square left open box operator	
math		2ACE	square right open box operator	
math		2ACF	closed subset	
math		2AD0	closed superset	
math		2AD1	closed subset or equal to	
math		2AD2	closed superset or equal to	
math		2AD3	subset above superset	
math		2AD4	superset above subset	
math		2AD5	subset above subset	
math		2AD6	superset above superset	
math		2AD7	superset beside subset	
math		2AD8	superset beside and joined by dash with subset	
math		2AD9	element of opening downwards	
math		2ADA	pitchfork with tee top	
math		2ADB	transversal intersection	
math		2ADC	forking	
math		2ADD	nonforking	
math		2ADE	short left tack	
math		2ADF	short down tack	
math		2AE0	short up tack	
math		2AE1	perpendicular with s	
math		2AE2	vertical bar triple right turnstile	
math		2AE3	double vertical bar left turnstile	
math		2AE4	vertical bar double left turnstile	
math		2AE5	double vertical bar double left turnstile	
math		2AE6	long dash from left member of double vertical	
math		2AE7	short down tack with overbar	
math		2AE8	short up tack with underbar	
math		2AE9	short up tack above short down tack	
math		2AEA	double down tack	
math		2AEB	double up tack	
math		2AEC	double stroke not sign	
math		2AED	reversed double stroke not sign	
math		2AEE	does not divide with reversed negation slash	
math		2AEF	vertical line with circle above	
math		2AF0	vertical line with circle below	
math		2AF1	down tack with circle below	
math		2AF2	parallel with horizontal stroke	
math		2AF3	parallel with tilde operator	
math		2AF4	triple vertical bar binary relation	
math		2AF5	triple vertical bar with horizontal stroke	
math		2AF6	triple colon operator	
math		2AF7	triple nested less-than	
math		2AF8	triple nested greater-than	
math		2AF9	double-line slanted less-than or equal to	
math		2AFA	double-line slanted greater-than or equal to	
math		2AFB	triple solidus binary relation	
math		2AFC	large triple vertical bar operator	
math		2AFD	double solidus operator	
math		2AFE	white vertical bar	
math		2AFF	n-ary white vertical bar	
currency		24	dollar sign	
currency		A2	cent sign	
currency		A3	pound sign	
currency		A4	currency sign	
currency		A5	yen sign	
currency		58F	armenian dram sign	
currency		60B	afghani sign	
currency		9F2	bengali rupee mark	
currency		9F3	bengali rupee sign	
currency		E3F	thai currency symbol baht	
currency		20A0	euro-currency sign	
currency		20A1	colon sign	
currency		20A2	cruzeiro sign	
currency		20A3	french franc sign	
currency		20A4	lira sign	
currency		20A5	mill sign	
currency		20A6	naira sign	
currency		20A7	peseta sign	
currency		20A8	rupee sign	
currency		20A9	won sign	
currency		20AA	new sheqel sign	
currency		20AB	dong sign	
currency		20AC	euro sign	
currency		20AD	kip sign	
currency		20AE	tugrik sign	
currency		20AF	drachma sign	
currency		20B0	german penny sign	
currency		20B1	peso sign	
currency		20B2	guarani sign	
currency		20B3	austral sign	
currency		20B4	hryvnia sign	
currency		20B5	cedi sign	
currency		20B6	livre tournois sign	
currency		20B7	spesmilo sign	
currency		20B8	tenge sign	
currency		20B9	indian rupee sign	
currency		20BA	turkish lira sign	
currency		20BB	nordic mark sign	
currency		20BC	manat sign	
currency		20BD	ruble sign	
currency		20BE	lari sign	
currency		20BF	bitcoin sign	
currency		20C0	som sign	
latin		C0	latin capital letter a with grave	
latin		C1	latin capital letter a with acute	
latin		C2	latin capital letter a with circumflex	
latin		C3	latin capital letter a with tilde	
latin		C4	latin capital letter a with diaeresis	
latin		C5	latin capital letter a with ring above	
latin		C6	latin capital letter ae	
latin		C7	latin capital letter c with cedilla	
latin		C8	latin capital letter e with grave	
latin		C9	latin capital letter e with acute	
latin		CA	latin capital letter e with circumflex	
latin		CB	latin capital letter e with diaeresis	
latin		CC	latin capital letter i with grave	
latin		CD	latin capital letter i with acute	
latin		CE	latin capital letter i with circumflex	
latin		CF	latin capital letter i with diaeresis	
latin		D0	latin capital letter eth	
latin		D1	latin capital letter n with tilde	
latin		D2	latin capital letter o with grave	
latin		D3	latin capital letter o with acute	
latin		D4	latin capital letter o with circumflex	
latin		D5	latin capital letter o with tilde	
latin		D6	latin capital letter o with diaeresis	
latin		D7	multiplication sign	
latin		D8	latin capital letter o with stroke	
latin		D9	latin capital letter u with grave	
latin		DA	latin capital letter u with acute	
latin		DB	latin capital letter u with circumflex	
latin		DC	latin capital letter u with diaeresis	
latin		DD	latin capital letter y with acute	
latin		DE	latin capital letter thorn	
latin		DF	latin small letter sharp s	
latin		E0	latin small letter a with grave	
latin		E1	latin small letter a with acute	
latin		E2	latin small letter a with circumflex	
latin		E3	latin small letter a with tilde	
latin		E4	latin small letter a with diaeresis	
latin		E5	latin small letter a with ring above	
latin		E6	latin small letter ae	
latin		E7	latin small letter c with cedilla	
latin		E8	latin small letter e with grave	
latin		E9	latin small letter e with acute	
latin		EA	latin small letter e with circumflex	
latin		EB	latin small letter e with diaeresis	
latin		EC	latin small letter i with grave	
latin		ED	latin small letter i with acute	
latin		EE	latin small letter i with circumflex	
latin		EF	latin small letter i with diaeresis	
latin		F0	latin small letter eth	
latin		F1	latin small letter n with tilde	
latin		F2	latin small letter o with grave	
latin		F3	latin small letter o with acute	
latin		F4	latin small letter o with circumflex	
latin		F5	latin small letter o with tilde	
latin		F6	latin small letter o with diaeresis	
latin		F7	division sign	
latin		F8	latin small letter o with stroke	
latin		F9	latin small letter u with grave	
latin		FA	latin small letter u with acute	
latin		FB	latin small letter u with circumflex	
latin		FC	latin small letter u with diaeresis	
latin		FD	latin small letter y with acute	
latin		FE	latin small letter thorn	
latin		FF	latin small letter y with diaeresis	
latin		100	latin capital letter a with macron	
latin		101	latin small letter a with macron	
latin		102	latin capital letter a with breve	
latin		103	latin small letter a with breve	
latin		104	latin capital letter a with ogonek	
latin		105	latin small letter a with ogonek	
latin		106	latin capital letter c with acute	
latin		107	latin small letter c with acute	
latin		108	latin capital letter c with circumflex	
latin		109	latin small letter c with circumflex	
latin		10A	latin capital letter c with dot above	
latin		10B	latin small letter c with dot above	
latin		10C	latin capital letter c with caron	
latin		10D	latin small letter c with caron	
latin		10E	latin capital letter d with caron	
latin		10F	latin small letter d with caron	
latin		110	latin capital letter d with stroke	
latin		111	latin small letter d with stroke	
latin		112	latin capital letter e with macron	
latin		113	latin small letter e with macron	
latin		114	latin capital letter e with breve	
latin		115	latin small letter e with breve	
latin		116	latin capital letter e with dot above	
latin		117	latin small letter e with dot above	
latin		118	latin capital letter e with ogonek	
latin		119	latin small letter e with ogonek	
latin		11A	latin capital letter e with caron	
latin		11B	latin small letter e with caron	
latin		11C	latin capital letter g with circumflex	
latin		11D	latin small letter g with circumflex	
latin		11E	latin capital letter g with breve	
latin		11F	latin small letter g with breve	
latin		120	latin capital letter g with dot above	
latin		121	latin small letter g with dot above	
latin		122	latin capital letter g with cedilla	
latin		123	latin small letter g with cedilla	
latin		124	latin capital letter h with circumflex	
latin		125	latin small letter h with circumflex	
latin		126	latin capital letter h with stroke	
latin		127	latin small letter h with stroke	
latin		128	latin capital letter i with tilde	
latin		129	latin small letter i with tilde	
latin		12A	latin capital letter i with macron	
latin		12B	latin small letter i with macron	
latin		12C	latin capital letter i with breve	
latin		12D	latin small letter i with breve	
latin		12E	latin capital letter i with ogonek	
latin		12F	latin small letter i with ogonek	
latin		130	latin capital letter i with dot above	
latin		131	latin small letter dotless i	
latin		132	latin capital ligature ij	
latin		133	latin small ligature ij	
latin		134	latin capital letter j with circumflex	
latin		135	latin small letter j with circumflex	
latin		136	latin capital letter k with cedilla	
latin		137	latin small letter k with cedilla	
latin		138	latin small letter kra	
latin		139	latin capital letter l with acute	
latin		13A	latin small letter l with acute	
latin		13B	latin capital letter l with cedilla	
latin		13C	latin small letter l with cedilla	
latin		13D	latin capital letter l with caron	
latin		13E	latin small letter l with caron	
latin		13F	latin capital letter l with middle dot	
latin		140	latin small letter l with middle dot	
latin		141	latin capital letter l with stroke	
latin		142	latin small letter l with stroke	
latin		143	latin capital letter n with acute	
latin		144	latin small letter n with acute	
latin		145	latin capital letter n with cedilla	
latin		146	latin small letter n with cedilla	
latin		147	latin capital letter n with caron	
latin		148	latin small letter n with caron	
latin		149	latin small letter n preceded by apostrophe	
latin		14A	latin capital letter eng	
latin		14B	latin small letter eng	
latin		14C	latin capital letter o with macron	
latin		14D	latin small letter o with macron	
latin		14E	latin capital letter o with breve	
latin		14F	latin small letter o with breve	
latin		150	latin capital letter o with double acute	
latin		151	latin small letter o with double acute	
latin		152	latin capital ligature oe	
latin		153	latin small ligature oe	
latin		154	latin capital letter r with acute	
latin		155	latin small letter r with acute	
latin		156	latin capital letter r with cedilla	
latin		157	latin small letter r with cedilla	
latin		158	latin capital letter r with caron	
latin		159	latin small letter r with caron	
latin		15A	latin capital letter s with acute	
latin		15B	latin small letter s with acute	
latin		15C	latin capital letter s with circumflex	
latin		15D	latin small letter s with circumflex	
latin		15E	latin capital letter s with cedilla	
latin		15F	latin small letter s with cedilla	
latin		160	latin capital letter s with caron	
latin		161	latin small letter s with caron	
latin		162	latin capital letter t with cedilla	
latin		163	latin small letter t with cedilla	
latin		164	latin capital letter t with caron	
latin		165	latin small letter t with caron	
latin		166	latin capital letter t with stroke	
latin		167	latin small letter t with stroke	
latin		168	latin capital letter u with tilde	
latin		169	latin small letter u with tilde	
latin		16A	latin capital letter u with macron	
latin		16B	latin small letter u with macron	
latin		16C	latin capital letter u with breve	
latin		16D	latin small letter u with breve	
latin		16E	latin capital letter u with ring above	
latin		16F	latin small letter u with ring above	
latin		170	latin capital letter u with double acute	
latin		171	latin small letter u with double acute	
latin		172	latin capital letter u with ogonek	
latin		173	latin small letter u with ogonek	
latin		174	latin capital letter w with circumflex	
latin		175	latin small letter w with circumflex	
latin		176	latin capital letter y with circumflex	
latin		177	latin small letter y with circumflex	
latin		178	latin capital letter y with diaeresis	
latin		179	latin capital letter z with acute	
latin		17A	latin small letter z with acute	
latin		17B	latin capital letter z with dot above	
latin		17C	latin small letter z with dot above	
latin		17D	latin capital letter z with caron	
latin		17E	latin small letter z with caron	
latin		17F	latin small letter long s	
latin		180	latin small letter b with stroke	
latin		181	latin capital letter b with hook	
latin		182	latin capital letter b with topbar	
latin		183	latin small letter b with topbar	
latin		184	latin capital letter tone six	
latin		185	latin small letter tone six	
latin		186	latin capital letter open o	
latin		187	latin capital letter c with hook	
latin		188	latin small letter c with hook	
latin		189	latin capital letter african d	
latin		18A	latin capital letter d with hook	
latin		18B	latin capital letter d with topbar	
latin		18C	latin small letter d with topbar	
latin		18D	latin small letter turned delta	
latin		18E	latin capital letter reversed e	
latin		18F	latin capital letter schwa	
latin		190	latin capital letter open e	
latin		191	latin capital letter f with hook	
latin		192	latin small letter f with hook	
latin		193	latin capital letter g with hook	
latin		194	latin capital letter gamma	
latin		195	latin small letter hv	
latin		196	latin capital letter iota	
latin		197	latin capital letter i with stroke	
latin		198	latin capital letter k with hook	
latin		199	latin small letter k with hook	
latin		19A	latin small letter l with bar	
latin		19B	latin small letter lambda with stroke	
latin		19C	latin capital letter turned m	
latin		19D	latin capital letter n with left hook	
latin		19E	latin small letter n with long right leg	
latin		19F	latin capital letter o with middle tilde	
latin		1A0	latin capital letter o with horn	
latin		1A1	latin small letter o with horn	
latin		1A2	latin capital letter oi	
latin		1A3	latin small letter oi	
latin		1A4	latin capital letter p with hook	
latin		1A5	latin small letter p with hook	
latin		1A6	latin letter yr	
latin		1A7	latin capital letter tone two	
latin		1A8	latin small letter tone two	
latin		1A9	latin capital letter esh	
latin		1AA	latin letter reversed esh loop	
latin		1AB	latin small letter t with palatal hook	
latin		1AC	latin capital letter t with hook	
latin		1AD	latin small letter t with hook	
latin		1AE	latin capital letter t with retroflex hook	
latin		1AF	latin capital letter u with horn	
latin		1B0	latin small letter u with horn	
latin		1B1	latin capital letter upsilon	
latin		1B2	latin capital letter v with hook	
latin		1B3	latin capital letter y with hook	
latin		1B4	latin small letter y with hook	
latin		1B5	latin capital letter z with stroke	
latin		1B6	latin small letter z with stroke	
latin		1B7	latin capital letter ezh	
latin		1B8	latin capital letter ezh reversed	
latin		1B9	latin small letter ezh reversed	
latin		1BA	latin small letter ezh with tail	
latin		1BB	latin letter two with stroke	
latin		1BC	latin capital letter tone five	
latin		1BD	latin small letter tone five	
latin		1BE	latin letter inverted glottal stop with stroke	
latin		1BF	latin letter wynn	
latin		1C0	latin letter dental click	
latin		1C1	latin letter lateral click	
latin		1C2	latin letter alveolar click	
latin		1C3	latin letter retroflex click	
latin		1C4	latin capital letter dz with caron	
latin		1C5	latin capital letter d with small letter z with caron	
latin		1C6	latin small letter dz with caron	
latin		1C7	latin capital letter lj	
latin		1C8	latin capital letter l with small letter j	
latin		1C9	latin small letter lj	
latin		1CA	latin capital letter nj	
latin		1CB	latin capital letter n with small letter j	
latin		1CC	latin small letter nj	
latin		1CD	latin capital letter a with caron	
latin		1CE	latin small letter a with caron	
latin		1CF	latin capital letter i with caron	
latin		1D0	latin small letter i with caron	
latin		1D1	latin capital letter o with caron	
latin		1D2	latin small letter o with caron	
latin		1D3	latin capital letter u with caron	
latin		1D4	latin small letter u with caron	
latin		1D5	latin capital letter u with diaeresis and macron	
latin		1D6	latin small letter u with diaeresis and macron	
latin		1D7	latin capital letter u with diaeresis and acute	
latin		1D8	latin small letter u with diaeresis and acute	
latin		1D9	latin capital letter u with diaeresis and caron	
latin		1DA	latin small letter u with diaeresis and caron	
latin		1DB	latin capital letter u with diaeresis and grave	
latin		1DC	latin small letter u with diaeresis and grave	
latin		1DD	latin small letter turned e	
latin		1DE	latin capital letter a with diaeresis and macron	
latin		1DF	latin small letter a with diaeresis and macron	
latin		1E0	latin capital letter a with dot above and macron	
latin		1E1	latin small letter a with dot above and macron	
latin		1E2	latin capital letter ae with macron	
latin		1E3	latin small letter ae with macron	
latin		1E4	latin capital letter g with stroke	
latin		1E5	latin small letter g with stroke	
latin		1E6	latin capital letter g with caron	
latin		1E7	latin small letter g with caron	
latin		1E8	latin capital letter k with caron	
latin		1E9	latin small letter k with caron	
latin		1EA	latin capital letter o with ogonek	
latin		1EB	latin small letter o with ogonek	
latin		1EC	latin capital letter o with ogonek and macron	
latin		1ED	latin small letter o with ogonek and macron	
latin		1EE	latin capital letter ezh with caron	
latin		1EF	latin small letter ezh with caron	
latin		1F0	latin small letter j with caron	
latin		1F1	latin capital letter dz	
latin		1F2	latin capital letter d with small letter z	
latin		1F3	latin small letter dz	
latin		1F4	latin capital letter g with acute	
latin		1F5	latin small letter g with acute	
latin		1F6	latin capital letter hwair	
latin		1F7	latin capital letter wynn	
latin		1F8	latin capital letter n with grave	
latin		1F9	latin small letter n with grave	
latin		1FA	latin capital letter a with ring above and acute	
latin		1FB	latin small letter a with ring above and acute	
latin		1FC	latin capital letter ae with acute	
latin		1FD	latin small letter ae with acute	
latin		1FE	latin capital letter o with stroke and acute	
latin		1FF	latin small letter o with stroke and acute	
latin		200	latin capital letter a with double grave	
latin		201	latin small letter a with double grave	
latin		202	latin capital letter a with inverted breve	
latin		203	latin small letter a with inverted breve	
latin		204	latin capital letter e with double grave	
latin		205	latin small letter e with double grave	
latin		206	latin capital letter e with inverted breve	
latin		207	latin small letter e with inverted breve	
latin		208	latin capital letter i with double grave	
latin		209	latin small letter i with double grave	
latin		20A	latin capital letter i with inverted breve	
latin		20B	latin small letter i with inverted breve	
latin		20C	latin capital letter o with double grave	
latin		20D	latin small letter o with double grave	
latin		20E	latin capital letter o with inverted breve	
latin		20F	latin small letter o with inverted breve	
latin		210	latin capital letter r with double grave	
latin		211	latin small letter r with double grave	
latin		212	latin capital letter r with inverted breve	
latin		213	latin small letter r with inverted breve	
latin		214	latin capital letter u with double grave	
latin		215	latin small letter u with double grave	
latin		216	latin capital letter u with inverted breve	
latin		217	latin small letter u with inverted breve	
latin		218	latin capital letter s with comma below	
latin		219	latin small letter s with comma below	
latin		21A	latin capital letter t with comma below	
latin		21B	latin small letter t with comma below	
latin		21C	latin capital letter yogh	
latin		21D	latin small letter yogh	
latin		21E	latin capital letter h with caron	
latin		21F	latin small letter h with caron	
latin		220	latin capital letter n with long right leg	
latin		221	latin small letter d with curl	
latin		222	latin capital letter ou	
latin		223	latin small letter ou	
latin		224	latin capital letter z with hook	
latin		225	latin small letter z with hook	
latin		226	latin capital letter a with dot above	
latin		227	latin small letter a with dot above	
latin		228	latin capital letter e with cedilla	
latin		229	latin small letter e with cedilla	
latin		22A	latin capital letter o with diaeresis and macron	
latin		22B	latin small letter o with diaeresis and macron	
latin		22C	latin capital letter o with tilde and macron	
latin		22D	latin small letter o with tilde and macron	
latin		22E	latin capital letter o with dot above	
latin		22F	latin small letter o with dot above	
latin		230	latin capital letter o with dot above and macron	
latin		231	latin small letter o with dot above and macron	
latin		232	latin capital letter y with macron	
latin		233	latin small letter y with macron	
latin		234	latin small letter l with curl	
latin		235	latin small letter n with curl	
latin		236	latin small letter t with curl	
latin		237	latin small letter dotless j	
latin		238	latin small letter db digraph	
latin		239	latin small letter qp digraph	
latin		23A	latin capital letter a with stroke	
latin		23B	latin capital letter c with stroke	
latin		23C	latin small letter c with stroke	
latin		23D	latin capital letter l with bar	
latin		23E	latin capital letter t with diagonal stroke	
latin		23F	latin small letter s with swash tail	
latin		240	latin small letter z with swash tail	
latin		241	latin capital letter glottal stop	
latin		242	latin small letter glottal stop	
latin		243	latin capital letter b with stroke	
latin		244	latin capital letter u bar	
latin		245	latin capital letter turned v	
latin		246	latin capital letter e with stroke	
latin		247	latin small letter e with stroke	
latin		248	latin capital letter j with stroke	
latin		249	latin small letter j with stroke	
latin		24A	latin capital letter small q with hook tail	
latin		24B	latin small letter q with hook tail	
latin		24C	latin capital letter r with stroke	
latin		24D	latin small letter r with stroke	
latin		24E	latin capital letter y with stroke	
latin		24F	latin small letter y with stroke	
latin		1E00	latin capital letter a with ring below	
latin		1E01	latin small letter a with ring below	
latin		1E02	latin capital letter b with dot above	
latin		1E03	latin small letter b with dot above	
latin		1E04	latin capital letter b with dot below	
latin		1E05	latin small letter b with dot below	
latin		1E06	latin capital letter b with line below	
latin		1E07	latin small letter b with line below	
latin		1E08	latin capital letter c with cedilla and acute	
latin		1E09	latin small letter c with cedilla and acute	
latin		1E0A	latin capital letter d with dot above	
latin		1E0B	latin small letter d with dot above	
latin		1E0C	latin capital letter d with dot below	
latin		1E0D	latin small letter d with dot below	
latin		1E0E	latin capital letter d with line below	
latin		1E0F	latin small letter d with line below	
latin		1E10	latin capital letter d with cedilla	
latin		1E11	latin small letter d with cedilla	
latin		1E12	latin capital letter d with circumflex below	
latin		1E13	latin small letter d with circumflex below	
latin		1E14	latin capital letter e with macron and grave	
latin		1E15	latin small letter e with macron and grave	
latin		1E16	latin capital letter e with macron and acute	
latin		1E17	latin small letter e with macron and acute	
latin		1E18	latin capital letter e with circumflex below	
latin		1E19	latin small letter e with circumflex below	
latin		1E1A	latin capital letter e with tilde below	
latin		1E1B	latin small letter e with tilde below	
latin		1E1C	latin capital letter e with cedilla and breve	
latin		1E1D	latin small letter e with cedilla and breve	
latin		1E1E	latin capital letter f with dot above	
latin		1E1F	latin small letter f with dot above	
latin		1E20	latin capital letter g with macron	
latin		1E21	latin small letter g with macron	
latin		1E22	latin capital letter h with dot above	
latin		1E23	latin small letter h with dot above	
latin		1E24	latin capital letter h with dot below	
latin		1E25	latin small letter h with dot below	
latin		1E26	latin capital letter h with diaeresis	
latin		1E27	latin small letter h with diaeresis	
latin		1E28	latin capital letter h with cedilla	
latin		1E29	latin small letter h with cedilla	
latin		1E2A	latin capital letter h with breve below	
latin		1E2B	latin small letter h with breve below	
latin		1E2C	latin capital letter i with tilde below	
latin		1E2D	latin small letter i with tilde below	
latin		1E2E	latin capital letter i with diaeresis and acute	
latin		1E2F	latin small letter i with diaeresis and acute	
latin		1E30	latin capital letter k with acute	
latin		1E31	latin small letter k with acute	
latin		1E32	latin capital letter k with dot below	
latin		1E33	latin small letter k with dot below	
latin		1E34	latin capital letter k with line below	
latin		1E35	latin small letter k with line below	
latin		1E36	latin capital letter l with dot below	
latin		1E37	latin small letter l with dot below	
latin		1E38	latin capital letter l with dot below and macron	
latin		1E39	latin small letter l with dot below and macron	
latin		1E3A	latin capital letter l with line below	
latin		1E3B	latin small letter l with line below	
latin		1E3C	latin capital letter l with circumflex below	
latin		1E3D	latin small letter l with circumflex below	
latin		1E3E	latin capital letter m with acute	
latin		1E3F	latin small letter m with acute	
latin		1E40	latin capital letter m with dot above	
latin		1E41	latin small letter m with dot above	
latin		1E42	latin capital letter m with dot below	
latin		1E43	latin small letter m with dot below	
latin		1E44	latin capital letter n with dot above	
latin		1E45	latin small letter n with dot above	
latin		1E46	latin capital letter n with dot below	
latin		1E47	latin small letter n with dot below	
latin		1E48	latin capital letter n with line below	
latin		1E49	latin small letter n with line below	
latin		1E4A	latin capital letter n with circumflex below	
latin		1E4B	latin small letter n with circumflex below	
latin		1E4C	latin capital letter o with tilde and acute	
latin		1E4D	latin small letter o with tilde and acute	
latin		1E4E	latin capital letter o with tilde and diaeresis	
latin		1E4F	latin small letter o with tilde and diaeresis	
latin		1E50	latin capital letter o with macron and grave	
latin		1E51	latin small letter o with macron and grave	
latin		1E52	latin capital letter o with macron and acute	
latin		1E53	latin small letter o with macron and acute	
latin		1E54	latin capital letter p with acute	
latin		1E55	latin small letter p with acute	
latin		1E56	latin capital letter p with dot above	
latin		1E57	latin small letter p with dot above	
latin		1E58	latin capital letter r with dot above	
latin		1E59	latin small letter r with dot above	
latin		1E5A	latin capital letter r with dot below	
latin		1E5B	latin small letter r with dot below	
latin		1E5C	latin capital letter r with dot below and macron	
latin		1E5D	latin small letter r with dot below and macron	
latin		1E5E	latin capital letter r with line below	
latin		1E5F	latin small letter r with line below	
latin		1E60	latin capital letter s with dot above	
latin		1E61	latin small letter s with dot above	
latin		1E62	latin capital letter s with dot below	
latin		1E63	latin small letter s with dot below	
latin		1E64	latin capital letter s with acute and dot above	
latin		1E65	latin small letter s with acute and dot above	
latin		1E66	latin capital letter s with caron and dot above	
latin		1E67	latin small letter s with caron and dot above	
latin		1E68	latin capital letter s with dot below and dot above	
latin		1E69	latin small letter s with dot below and dot above	
latin		1E6A	latin capital letter t with dot above	
latin		1E6B	latin small letter t with dot above	
latin		1E6C	latin capital letter t with dot below	
latin		1E6D	latin small letter t with dot below	
latin		1E6E	latin capital letter t with line below	
latin		1E6F	latin small letter t with line below	
latin		1E70	latin capital letter t with circumflex below	
latin		1E71	latin small letter t with circumflex below	
latin		1E72	latin capital letter u with diaeresis below	
latin		1E73	latin small letter u with diaeresis below	
latin		1E74	latin capital letter u with tilde below	
latin		1E75	latin small letter u with tilde below	
latin		1E76	latin capital letter u with circumflex below	
latin		1E77	latin small letter u with circumflex below	
latin		1E78	latin capital letter u with tilde and acute	
latin		1E79	latin small letter u with tilde and acute	
latin		1E7A	latin capital letter u with macron and diaeresis	
latin		1E7B	latin small letter u with macron and diaeresis	
latin		1E7C	latin capital letter v with tilde	
latin		1E7D	latin small letter v with tilde	
latin		1E7E	latin capital letter v with dot below	
latin		1E7F	latin small letter v with dot below	
latin		1E80	latin capital letter w with grave	
latin		1E81	latin small letter w with grave	
latin		1E82	latin capital letter w with acute	
latin		1E83	latin small letter w with acute	
latin		1E84	latin capital letter w with diaeresis	
latin		1E85	latin small letter w with diaeresis	
latin		1E86	latin capital letter w with dot above	
latin		1E87	latin small letter w with dot above	
latin		1E88	latin capital letter w with dot below	
latin		1E89	latin small letter w with dot below	
latin		1E8A	latin capital letter x with dot above	
latin		1E8B	latin small letter x with dot above	
latin		1E8C	latin capital letter x with diaeresis	
latin		1E8D	latin small letter x with diaeresis	
latin		1E8E	latin capital letter y with dot above	
latin		1E8F	latin small letter y with dot above	
latin		1E90	latin capital letter z with circumflex	
latin		1E91	latin small letter z with circumflex	
latin		1E92	latin capital letter z with dot below	
latin		1E93	latin small letter z with dot below	
latin		1E94	latin capital letter z with line below	
latin		1E95	latin small letter z with line below	
latin		1E96	latin small letter h with line below	
latin		1E97	latin small letter t with diaeresis	
latin		1E98	latin small letter w with ring above	
latin		1E99	latin small letter y with ring above	
latin		1E9A	latin small letter a with right half ring	
latin		1E9B	latin small letter long s with dot above	
latin		1E9C	latin small letter long s with diagonal stroke	
latin		1E9D	latin small letter long s with high stroke	
latin		1E9E	latin capital letter sharp s	
latin		1E9F	latin small letter delta	
latin		1EA0	latin capital letter a with dot below	
latin		1EA1	latin small letter a with dot below	
latin		1EA2	latin capital letter a with hook above	
latin		1EA3	latin small letter a with hook above	
latin		1EA4	latin capital letter a with circumflex and acute	
latin		1EA5	latin small letter a with circumflex and acute	
latin		1EA6	latin capital letter a with circumflex and grave	
latin		1EA7	latin small letter a with circumflex and grave	
latin		1EA8	latin capital letter a with circumflex and hook above	
latin		1EA9	latin small letter a with circumflex and hook above	
latin		1EAA	latin capital letter a with circumflex and tilde	
latin		1EAB	latin small letter a with circumflex and tilde	
latin		1EAC	latin capital letter a with circumflex and dot below	
latin		1EAD	latin small letter a with circumflex and dot below	
latin		1EAE	latin capital letter a with breve and acute	
latin		1EAF	latin small letter a with breve and acute	
latin		1EB0	latin capital letter a with breve and grave	
latin		1EB1	latin small letter a with breve and grave	
latin		1EB2	latin capital letter a with breve and hook above	
latin		1EB3	latin small letter a with breve and hook above	
latin		1EB4	latin capital letter a with breve and tilde	
latin		1EB5	latin small letter a with breve and tilde	
latin		1EB6	latin capital letter a with breve and dot below	
latin		1EB7	latin small letter a with breve and dot below	
latin		1EB8	latin capital letter e with dot below	
latin		1EB9	latin small letter e with dot below	
latin		1EBA	latin capital letter e with hook above	
latin		1EBB	latin small letter e with hook above	
latin		1EBC	latin capital letter e with tilde	
latin		1EBD	latin small letter e with tilde	
latin		1EBE	latin capital letter e with circumflex and acute	
latin		1EBF	latin small letter e with circumflex and acute	
latin		1EC0	latin capital letter e with circumflex and grave	
latin		1EC1	latin small letter e with circumflex and grave	
latin		1EC2	latin capital letter e with circumflex and hook above	
latin		1EC3	latin small letter e with circumflex and hook above	
latin		1EC4	latin capital letter e with circumflex and tilde	
latin		1EC5	latin small letter e with circumflex and tilde	
latin		1EC6	latin capital letter e with circumflex and dot below	
latin		1EC7	latin small letter e with circumflex and dot below	
latin		1EC8	latin capital letter i with hook above	
latin		1EC9	latin small letter i with hook above	
latin		1ECA	latin capital letter i with dot below	
latin		1ECB	latin small letter i with dot below	
latin		1ECC	latin capital letter o with dot below	
latin		1ECD	latin small letter o with dot below	
latin		1ECE	latin capital letter o with hook above	
latin		1ECF	latin small letter o with hook above	
latin		1ED0	latin capital letter o with circumflex and acute	
latin		1ED1	latin small letter o with circumflex and acute	
latin		1ED2	latin capital letter o with circumflex and grave	
latin		1ED3	latin small letter o with circumflex and grave	
latin		1ED4	latin capital letter o with circumflex and hook above	
latin		1ED5	latin small letter o with circumflex and hook above	
latin		1ED6	latin capital letter o with circumflex and tilde	
latin		1ED7	latin small letter o with circumflex and tilde	
latin		1ED8	latin capital letter o with circumflex and dot below	
latin		1ED9	latin small letter o with circumflex and dot below	
latin		1EDA	latin capital letter o with horn and acute	
latin		1EDB	latin small letter o with horn and acute	
latin		1EDC	latin capital letter o with horn and grave	
latin		1EDD	latin small letter o with horn and grave	
latin		1EDE	latin capital letter o with horn and hook above	
latin		1EDF	latin small letter o with horn and hook above	
latin		1EE0	latin capital letter o with horn and tilde	
latin		1EE1	latin small letter o with horn and tilde	
latin		1EE2	latin capital letter o with horn and dot below	
latin		1EE3	latin small letter o with horn and dot below	
latin		1EE4	latin capital letter u with dot below	
latin		1EE5	latin small letter u with dot below	
latin		1EE6	latin capital letter u with hook above	
latin		1EE7	latin small letter u with hook above	
latin		1EE8	latin capital letter u with horn and acute	
latin		1EE9	latin small letter u with horn and acute	
latin		1EEA	latin capital letter u with horn and grave	
latin		1EEB	latin small letter u with horn and grave	
latin		1EEC	latin capital letter u with horn and hook above	
latin		1EED	latin small letter u with horn and hook above	
latin		1EEE	latin capital letter u with horn and tilde	
latin		1EEF	latin small letter u with horn and tilde	
latin		1EF0	latin capital letter u with horn and dot below	
latin		1EF1	latin small letter u with horn and dot below	
latin		1EF2	latin capital letter y with grave	
latin		1EF3	latin small letter y with grave	
latin		1EF4	latin capital letter y with dot below	
latin		1EF5	latin small letter y with dot below	
latin		1EF6	latin capital letter y with hook above	
latin		1EF7	latin small letter y with hook above	
latin		1EF8	latin capital letter y with tilde	
latin		1EF9	latin small letter y with tilde	
latin		1EFA	latin capital letter middle-welsh ll	
latin		1EFB	latin small letter middle-welsh ll	
latin		1EFC	latin capital letter middle-welsh v	
latin		1EFD	latin small letter middle-welsh v	
latin		1EFE	latin capital letter y with loop	
latin		1EFF	latin small letter y with loop	
latin		250	latin small letter turned a	
latin		251	latin small letter alpha	
latin		252	latin small letter turned alpha	
latin		253	latin small letter b with hook	
latin		254	latin small letter open o	
latin		255	latin small letter c with curl	
latin		256	latin small letter d with tail	
latin		257	latin small letter d with hook	
latin		258	latin small letter reversed e	
latin		259	latin small letter schwa	
latin		25A	latin small letter schwa with hook	
latin		25B	latin small letter open e	
latin		25C	latin small letter reversed open e	
latin		25D	latin small letter reversed open e with hook	
latin		25E	latin small letter closed reversed open e	
latin		25F	latin small letter dotless j with stroke	
latin		260	latin small letter g with hook	
latin		261	latin small letter script g	
latin		262	latin letter small capital g	
latin		263	latin small letter gamma	
latin		264	latin small letter rams horn	
latin		265	latin small letter turned h	
latin		266	latin small letter h with hook	
latin		267	latin small letter heng with hook	
latin		268	latin small letter i with stroke	
latin		269	latin small letter iota	
latin		26A	latin letter small capital i	
latin		26B	latin small letter l with middle tilde	
latin		26C	latin small letter l with belt	
latin		26D	latin small letter l with retroflex hook	
latin		26E	latin small letter lezh	
latin		26F	latin small letter turned m	
latin		270	latin small letter turned m with long leg	
latin		271	latin small letter m with hook	
latin		272	latin small letter n with left hook	
latin		273	latin small letter n with retroflex hook	
latin		274	latin letter small capital n	
latin		275	latin small letter barred o	
latin		276	latin letter small capital oe	
latin		277	latin small letter closed omega	
latin		278	latin small letter phi	
latin		279	latin small letter turned r	
latin		27A	latin small letter turned r with long leg	
latin		27B	latin small letter turned r with hook	
latin		27C	latin small letter r with long leg	
latin		27D	latin small letter r with tail	
latin		27E	latin small letter r with fishhook	
latin		27F	latin small letter reversed r with fishhook	
latin		280	latin letter small capital r	
latin		281	latin letter small capital inverted r	
latin		282	latin small letter s with hook	
latin		283	latin small letter esh	
latin		284	latin small letter dotless j with stroke and hook	
latin		285	latin small letter squat reversed esh	
latin		286	latin small letter esh with curl	
latin		287	latin small letter turned t	
latin		288	latin small letter t with retroflex hook	
latin		289	latin small letter u bar	
latin		28A	latin small letter upsilon	
latin		28B	latin small letter v with hook	
latin		28C	latin small letter turned v	
latin		28D	latin small letter turned w	
latin		28E	latin small letter turned y	
latin		28F	latin letter small capital y	
latin		290	latin small letter z with retroflex hook	
latin		291	latin small letter z with curl	
latin		292	latin small letter ezh	
latin		293	latin small letter ezh with curl	
latin		294	latin letter glottal stop	
latin		295	latin letter pharyngeal voiced fricative	
latin		296	latin letter inverted glottal stop	
latin		297	latin letter stretched c	
latin		298	latin letter bilabial click	
latin		299	latin letter small capital b	
latin		29A	latin small letter closed open e	
latin		29B	latin letter small capital g with hook	
latin		29C	latin letter small capital h	
latin		29D	latin small letter j with crossed-tail	
latin		29E	latin small letter turned k	
latin		29F	latin letter small capital l	
latin		2A0	latin small letter q with hook	
latin		2A1	latin letter glottal stop with stroke	
latin		2A2	latin letter reversed glottal stop with stroke	
latin		2A3	latin small letter dz digraph	
latin		2A4	latin small letter dezh digraph	
latin		2A5	latin small letter dz digraph with curl	
latin		2A6	latin small letter ts digraph	
latin		2A7	latin small letter tesh digraph	
latin		2A8	latin small letter tc digraph with curl	
latin		2A9	latin small letter feng digraph	
latin		2AA	latin small letter ls digraph	
latin		2AB	latin small letter lz digraph	
latin		2AC	latin letter bilabial percussive	
latin		2AD	latin letter bidental percussive	
latin		2AE	latin small letter turned h with fishhook	
latin		2AF	latin small letter turned h with fishhook and tail	
greek		370	greek capital letter heta	
greek		371	greek small letter heta	
greek		372	greek capital letter archaic sampi	
greek		373	greek small letter archaic sampi	
greek		374	greek numeral sign	
greek		375	greek lower numeral sign	
greek		376	greek capital letter pamphylian digamma	
greek		377	greek small letter pamphylian digamma	
greek		37A	greek ypogegrammeni	
greek		37B	greek small reversed lunate sigma symbol	
greek		37C	greek small dotted lunate sigma symbol	
greek		37D	greek small reversed dotted lunate sigma symbol	
greek		37E	greek question mark	
greek		37F	greek capital letter yot	
greek		384	greek tonos	
greek		385	greek dialytika tonos	
greek		386	greek capital letter alpha with tonos	
greek		387	greek ano teleia	
greek		388	greek capital letter epsilon with tonos	
greek		389	greek capital letter eta with tonos	
greek		38A	greek capital letter iota with tonos	
greek		38C	greek capital letter omicron with tonos	
greek		38E	greek capital letter upsilon with tonos	
greek		38F	greek capital letter omega with tonos	
greek		390	greek small letter iota with dialytika and tonos	
greek		391	greek capital letter alpha	
greek		392	greek capital letter beta	
greek		393	greek capital letter gamma	
greek		394	greek capital letter delta	
greek		395	greek capital letter epsilon	
greek		396	greek capital letter zeta	
greek		397	greek capital letter eta	
greek		398	greek capital letter theta	
greek		399	greek capital letter iota	
greek		39A	greek capital letter kappa	
greek		39B	greek capital letter lamda	
greek		39C	greek capital letter mu	
greek		39D	greek capital letter nu	
greek		39E	greek capital letter xi	
greek		39F	greek capital letter omicron	
greek		3A0	greek capital letter pi	
greek		3A1	greek capital letter rho	
greek		3A3	greek capital letter sigma	
greek		3A4	greek capital letter tau	
greek		3A5	greek capital letter upsilon	
greek		3A6	greek capital letter phi	
greek		3A7	greek capital letter chi	
greek		3A8	greek capital letter psi	
greek		3A9	greek capital letter omega	
greek		3AA	greek capital letter iota with dialytika	
greek		3AB	greek capital letter upsilon with dialytika	
greek		3AC	greek small letter alpha with tonos	
greek		3AD	greek small letter epsilon with tonos	
greek		3AE	greek small letter eta with tonos	
greek		3AF	greek small letter iota with tonos	
greek		3B0	greek small letter upsilon with dialytika and tonos	
greek		3B1	greek small letter alpha	
greek		3B2	greek small letter beta	
greek		3B3	greek small letter gamma	
greek		3B4	greek small letter delta	
greek		3B5	greek small letter epsilon	
greek		3B6	greek small letter zeta	
greek		3B7	greek small letter eta	
greek		3B8	greek small letter theta	
greek		3B9	greek small letter iota	
greek		3BA	greek small letter kappa	
greek		3BB	greek small letter lamda	
greek		3BC	greek small letter mu	
greek		3BD	greek small letter nu	
greek		3BE	greek small letter xi	
greek		3BF	greek small letter omicron	
greek		3C0	greek small letter pi	
greek		3C1	greek small letter rho	
greek		3C2	greek small letter final sigma	
greek		3C3	greek small letter sigma	
greek		3C4	greek small letter tau	
greek		3C5	greek small letter upsilon	
greek		3C6	greek small letter phi	
greek		3C7	greek small letter chi	
greek		3C8	greek small letter psi	
greek		3C9	greek small letter omega	
greek		3CA	greek small letter iota with dialytika	
greek		3CB	greek small letter upsilon with dialytika	
greek		3CC	greek small letter omicron with tonos	
greek		3CD	greek small letter upsilon with tonos	
greek		3CE	greek small letter omega with tonos	
greek		3CF	greek capital kai symbol	
greek		3D0	greek beta symbol	
greek		3D1	greek theta symbol	
greek		3D2	greek upsilon with hook symbol	
greek		3D3	greek upsilon with acute and hook symbol	
greek		3D4	greek upsilon with diaeresis and hook symbol	
greek		3D5	greek phi symbol	
greek		3D6	greek pi symbol	
greek		3D7	greek kai symbol	
greek		3D8	greek letter archaic koppa	
greek		3D9	greek small letter archaic koppa	
greek		3DA	greek letter stigma	
greek		3DB	greek small letter stigma	
greek		3DC	greek letter digamma	
greek		3DD	greek small letter digamma	
greek		3DE	greek letter koppa	
greek		3DF	greek small letter koppa	
greek		3E0	greek letter sampi	
greek		3E1	greek small letter sampi	
greek		3E2	coptic capital letter shei	
greek		3E3	coptic small letter shei	
greek		3E4	coptic capital letter fei	
greek		3E5	coptic small letter fei	
greek		3E6	coptic capital letter khei	
greek		3E7	coptic small letter khei	
greek		3E8	coptic capital letter hori	
greek		3E9	coptic small letter hori	
greek		3EA	coptic capital letter gangia	
greek		3EB	coptic small letter gangia	
greek		3EC	coptic capital letter shima	
greek		3ED	coptic small letter shima	
greek		3EE	coptic capital letter dei	
greek		3EF	coptic small letter dei	
greek		3F0	greek kappa symbol	
greek		3F1	greek rho symbol	
greek		3F2	greek lunate sigma symbol	
greek		3F3	greek letter yot	
greek		3F4	greek capital theta symbol	
greek		3F5	greek lunate epsilon symbol	
greek		3F6	greek reversed lunate epsilon symbol	
greek		3F7	greek capital letter sho	
greek		3F8	greek small letter sho	
greek		3F9	greek capital lunate sigma symbol	
greek		3FA	greek capital letter san	
greek		3FB	greek small letter san	
greek		3FC	greek rho with stroke symbol	
greek		3FD	greek capital reversed lunate sigma symbol	
greek		3FE	greek capital dotted lunate sigma symbol	
greek		3FF	greek capital reversed dotted lunate sigma symbol	
cyrillic		400	cyrillic capital letter ie with grave	
cyrillic		401	cyrillic capital letter io	
cyrillic		402	cyrillic capital letter dje	
cyrillic		403	cyrillic capital letter gje	
cyrillic		404	cyrillic capital letter ukrainian ie	
cyrillic		405	cyrillic capital letter dze	
cyrillic		406	cyrillic capital letter byelorussian-ukrainian i	
cyrillic		407	cyrillic capital letter yi	
cyrillic		408	cyrillic capital letter je	
cyrillic		409	cyrillic capital letter lje	
cyrillic		40A	cyrillic capital letter nje	
cyrillic		40B	cyrillic capital letter tshe	
cyrillic		40C	cyrillic capital letter kje	
cyrillic		40D	cyrillic capital letter i with grave	
cyrillic		40E	cyrillic capital letter short u	
cyrillic		40F	cyrillic capital letter dzhe	
cyrillic		410	cyrillic capital letter a	
cyrillic		411	cyrillic capital letter be	
cyrillic		412	cyrillic capital letter ve	
cyrillic		413	cyrillic capital letter ghe	
cyrillic		414	cyrillic capital letter de	
cyrillic		415	cyrillic capital letter ie	
cyrillic		416	cyrillic capital letter zhe	
cyrillic		417	cyrillic capital letter ze	
cyrillic		418	cyrillic capital letter i	
cyrillic		419	cyrillic capital letter short i	
cyrillic		41A	cyrillic capital letter ka	
cyrillic		41B	cyrillic capital letter el	
cyrillic		41C	cyrillic capital letter em	
cyrillic		41D	cyrillic capital letter en	
cyrillic		41E	cyrillic capital letter o	
cyrillic		41F	cyrillic capital letter pe	
cyrillic		420	cyrillic capital letter er	
cyrillic		421	cyrillic capital letter es	
cyrillic		422	cyrillic capital letter te	
cyrillic		423	cyrillic capital letter u	
cyrillic		424	cyrillic capital letter ef	
cyrillic		425	cyrillic capital letter ha	
cyrillic		426	cyrillic capital letter tse	
cyrillic		427	cyrillic capital letter che	
cyrillic		428	cyrillic capital letter sha	
cyrillic		429	cyrillic capital letter shcha	
cyrillic		42A	cyrillic capital letter hard sign	
cyrillic		42B	cyrillic capital letter yeru	
cyrillic		42C	cyrillic capital letter soft sign	
cyrillic		42D	cyrillic capital letter e	
cyrillic		42E	cyrillic capital letter yu	
cyrillic		42F	cyrillic capital letter ya	
cyrillic		430	cyrillic small letter a	
cyrillic		431	cyrillic small letter be	
cyrillic		432	cyrillic small letter ve	
cyrillic		433	cyrillic small letter ghe	
cyrillic		434	cyrillic small letter de	
cyrillic		435	cyrillic small letter ie	
cyrillic		436	cyrillic small letter zhe	
cyrillic		437	cyrillic small letter ze	
cyrillic		438	cyrillic small letter i	
cyrillic		439	cyrillic small letter short i	
cyrillic		43A	cyrillic small letter ka	
cyrillic		43B	cyrillic small letter el	
cyrillic		43C	cyrillic small letter em	
cyrillic		43D	cyrillic small letter en	
cyrillic		43E	cyrillic small letter o	
cyrillic		43F	cyrillic small letter pe	
cyrillic		440	cyrillic small letter er	
cyrillic		441	cyrillic small letter es	
cyrillic		442	cyrillic small letter te	
cyrillic		443	cyrillic small letter u	
cyrillic		444	cyrillic small letter ef	
cyrillic		445	cyrillic small letter ha	
cyrillic		446	cyrillic small letter tse	
cyrillic		447	cyrillic small letter che	
cyrillic		448	cyrillic small letter sha	
cyrillic		449	cyrillic small letter shcha	
cyrillic		44A	cyrillic small letter hard sign	
cyrillic		44B	cyrillic small letter yeru	
cyrillic		44C	cyrillic small letter soft sign	
cyrillic		44D	cyrillic small letter e	
cyrillic		44E	cyrillic small letter yu	
cyrillic		44F	cyrillic small letter ya	
cyrillic		450	cyrillic small letter ie with grave	
cyrillic		451	cyrillic small letter io	
cyrillic		452	cyrillic small letter dje	
cyrillic		453	cyrillic small letter gje	
cyrillic		454	cyrillic small letter ukrainian ie	
cyrillic		455	cyrillic small letter dze	
cyrillic		456	cyrillic small letter byelorussian-ukrainian i	
cyrillic		457	cyrillic small letter yi	
cyrillic		458	cyrillic small letter je	
cyrillic		459	cyrillic small letter lje	
cyrillic		45A	cyrillic small letter nje	
cyrillic		45B	cyrillic small letter tshe	
cyrillic		45C	cyrillic small letter kje	
cyrillic		45D	cyrillic small letter i with grave	
cyrillic		45E	cyrillic small letter short u	
cyrillic		45F	cyrillic small letter dzhe	
cyrillic		460	cyrillic capital letter omega	
cyrillic		461	cyrillic small letter omega	
cyrillic		462	cyrillic capital letter yat	
cyrillic		463	cyrillic small letter yat	
cyrillic		464	cyrillic capital letter iotified e	
cyrillic		465	cyrillic small letter iotified e	
cyrillic		466	cyrillic capital letter little yus	
cyrillic		467	cyrillic small letter little yus	
cyrillic		468	cyrillic capital letter iotified little yus	
cyrillic		469	cyrillic small letter iotified little yus	
cyrillic		46A	cyrillic capital letter big yus	
cyrillic		46B	cyrillic small letter big yus	
cyrillic		46C	cyrillic capital letter iotified big yus	
cyrillic		46D	cyrillic small letter iotified big yus	
cyrillic		46E	cyrillic capital letter ksi	
cyrillic		46F	cyrillic small letter ksi	
cyrillic		470	cyrillic capital letter psi	
cyrillic		471	cyrillic small letter psi	
cyrillic		472	cyrillic capital letter fita	
cyrillic		473	cyrillic small letter fita	
cyrillic		474	cyrillic capital letter izhitsa	
cyrillic		475	cyrillic small letter izhitsa	
cyrillic		476	cyrillic capital letter izhitsa with double grave accent	
cyrillic		477	cyrillic small letter izhitsa with double grave accent	
cyrillic		478	cyrillic capital letter uk	
cyrillic		479	cyrillic small letter uk	
cyrillic		47A	cyrillic capital letter round omega	
cyrillic		47B	cyrillic small letter round omega	
cyrillic		47C	cyrillic capital letter omega with titlo	
cyrillic		47D	cyrillic small letter omega with titlo	
cyrillic		47E	cyrillic capital letter ot	
cyrillic		47F	cyrillic small letter ot	
cyrillic		480	cyrillic capital letter koppa	
cyrillic		481	cyrillic small letter koppa	
cyrillic		482	cyrillic thousands sign	
cyrillic		48A	cyrillic capital letter short i with tail	
cyrillic		48B	cyrillic small letter short i with tail	
cyrillic		48C	cyrillic capital letter semisoft sign	
cyrillic		48D	cyrillic small letter semisoft sign	
cyrillic		48E	cyrillic capital letter er with tick	
cyrillic		48F	cyrillic small letter er with tick	
cyrillic		490	cyrillic capital letter ghe with upturn	
cyrillic		491	cyrillic small letter ghe with upturn	
cyrillic		492	cyrillic capital letter ghe with stroke	
cyrillic		493	cyrillic small letter ghe with stroke	
cyrillic		494	cyrillic capital letter ghe with middle hook	
cyrillic		495	cyrillic small letter ghe with middle hook	
cyrillic		496	cyrillic capital letter zhe with descender	
cyrillic		497	cyrillic small letter zhe with descender	
cyrillic		498	cyrillic capital letter ze with descender	
cyrillic		499	cyrillic small letter ze with descender	
cyrillic		49A	cyrillic capital letter ka with descender	
cyrillic		49B	cyrillic small letter ka with descender	
cyrillic		49C	cyrillic capital letter ka with vertical stroke	
cyrillic		49D	cyrillic small letter ka with vertical stroke	
cyrillic		49E	cyrillic capital letter ka with stroke	
cyrillic		49F	cyrillic small letter ka with stroke	
cyrillic		4A0	cyrillic capital letter bashkir ka	
cyrillic		4A1	cyrillic small letter bashkir ka	
cyrillic		4A2	cyrillic capital letter en with descender	
cyrillic		4A3	cyrillic small letter en with descender	
cyrillic		4A4	cyrillic capital ligature en ghe	
cyrillic		4A5	cyrillic small ligature en ghe	
cyrillic		4A6	cyrillic capital letter pe with middle hook	
cyrillic		4A7	cyrillic small letter pe with middle hook	
cyrillic		4A8	cyrillic capital letter abkhasian ha	
cyrillic		4A9	cyrillic small letter abkhasian ha	
cyrillic		4AA	cyrillic capital letter es with descender	
cyrillic		4AB	cyrillic small letter es with descender	
cyrillic		4AC	cyrillic capital letter te with descender	
cyrillic		4AD	cyrillic small letter te with descender	
cyrillic		4AE	cyrillic capital letter straight u	
cyrillic		4AF	cyrillic small letter straight u	
cyrillic		4B0	cyrillic capital letter straight u with stroke	
cyrillic		4B1	cyrillic small letter straight u with stroke	
cyrillic		4B2	cyrillic capital letter ha with descender	
cyrillic		4B3	cyrillic small letter ha with descender	
cyrillic		4B4	cyrillic capital ligature te tse	
cyrillic		4B5	cyrillic small ligature te tse	
cyrillic		4B6	cyrillic capital letter che with descender	
cyrillic		4B7	cyrillic small letter che with descender	
cyrillic		4B8	cyrillic capital letter che with vertical stroke	
cyrillic		4B9	cyrillic small letter che with vertical stroke	
cyrillic		4BA	cyrillic capital letter shha	
cyrillic		4BB	cyrillic small letter shha	
cyrillic		4BC	cyrillic capital letter abkhasian che	
cyrillic		4BD	cyrillic small letter abkhasian che	
cyrillic		4BE	cyrillic capital letter abkhasian che with descender	
cyrillic		4BF	cyrillic small letter abkhasian che with descender	
cyrillic		4C0	cyrillic letter palochka	
cyrillic		4C1	cyrillic capital letter zhe with breve	
cyrillic		4C2	cyrillic small letter zhe with breve	
cyrillic		4C3	cyrillic capital letter ka with hook	
cyrillic		4C4	cyrillic small letter ka with hook	
cyrillic		4C5	cyrillic capital letter el with tail	
cyrillic		4C6	cyrillic small letter el with tail	
cyrillic		4C7	cyrillic capital letter en with hook	
cyrillic		4C8	cyrillic small letter en with hook	
cyrillic		4C9	cyrillic capital letter en with tail	
cyrillic		4CA	cyrillic small letter en with tail	
cyrillic		4CB	cyrillic capital letter khakassian che	
cyrillic		4CC	cyrillic small letter khakassian che	
cyrillic		4CD	cyrillic capital letter em with tail	
cyrillic		4CE	cyrillic small letter em with tail	
cyrillic		4CF	cyrillic small letter palochka	
cyrillic		4D0	cyrillic capital letter a with breve	
cyrillic		4D1	cyrillic small letter a with breve	
cyrillic		4D2	cyrillic capital letter a with diaeresis	
cyrillic		4D3	cyrillic small letter a with diaeresis	
cyrillic		4D4	cyrillic capital ligature a ie	
cyrillic		4D5	cyrillic small ligature a ie	
cyrillic		4D6	cyrillic capital letter ie with breve	
cyrillic		4D7	cyrillic small letter ie with breve	
cyrillic		4D8	cyrillic capital letter schwa	
cyrillic		4D9	cyrillic small letter schwa	
cyrillic		4DA	cyrillic capital letter schwa with diaeresis	
cyrillic		4DB	cyrillic small letter schwa with diaeresis	
cyrillic		4DC	cyrillic capital letter zhe with diaeresis	
cyrillic		4DD	cyrillic small letter zhe with diaeresis	
cyrillic		4DE	cyrillic capital letter ze with diaeresis	
cyrillic		4DF	cyrillic small letter ze with diaeresis	
cyrillic		4E0	cyrillic capital letter abkhasian dze	
cyrillic		4E1	cyrillic small letter abkhasian dze	
cyrillic		4E2	cyrillic capital letter i with macron	
cyrillic		4E3	cyrillic small letter i with macron	
cyrillic		4E4	cyrillic capital letter i with diaeresis	
cyrillic		4E5	cyrillic small letter i with diaeresis	
cyrillic		4E6	cyrillic capital letter o with diaeresis	
cyrillic		4E7	cyrillic small letter o with diaeresis	
cyrillic		4E8	cyrillic capital letter barred o	
cyrillic		4E9	cyrillic small letter barred o	
cyrillic		4EA	cyrillic capital letter barred o with diaeresis	
cyrillic		4EB	cyrillic small letter barred o with diaeresis	
cyrillic		4EC	cyrillic capital letter e with diaeresis	
cyrillic		4ED	cyrillic small letter e with diaeresis	
cyrillic		4EE	cyrillic capital letter u with macron	
cyrillic		4EF	cyrillic small letter u with macron	
cyrillic		4F0	cyrillic capital letter u with diaeresis	
cyrillic		4F1	cyrillic small letter u with diaeresis	
cyrillic		4F2	cyrillic capital letter u with double acute	
cyrillic		4F3	cyrillic small letter u with double acute	
cyrillic		4F4	cyrillic capital letter che with diaeresis	
cyrillic		4F5	cyrillic small letter che with diaeresis	
cyrillic		4F6	cyrillic capital letter ghe with descender	
cyrillic		4F7	cyrillic small letter ghe with descender	
cyrillic		4F8	cyrillic capital letter yeru with diaeresis	
cyrillic		4F9	cyrillic small letter yeru with diaeresis	
cyrillic		4FA	cyrillic capital letter ghe with stroke and hook	
cyrillic		4FB	cyrillic small letter ghe with stroke and hook	
cyrillic		4FC	cyrillic capital letter ha with hook	
cyrillic		4FD	cyrillic small letter ha with hook	
cyrillic		4FE	cyrillic capital letter ha with stroke	
cyrillic		4FF	cyrillic small letter ha with stroke	
letterlike		2100	account of	
letterlike		2101	addressed to the subject	
letterlike		2102	double-struck capital c	
letterlike		2103	degree celsius	
letterlike		2104	centre line symbol	
letterlike		2105	care of	
letterlike		2106	cada una	
letterlike		2107	euler constant	
letterlike		2108	scruple	
letterlike		2109	degree fahrenheit	
letterlike		210A	script small g	
letterlike		210B	script capital h	
letterlike		210C	black-letter capital h	
letterlike		210D	double-struck capital h	
letterlike		210E	planck constant	
letterlike		210F	planck constant over two pi	
letterlike		2110	script capital i	
letterlike		2111	black-letter capital i	
letterlike		2112	script capital l	
letterlike		2113	script small l	
letterlike		2114	l b bar symbol	
letterlike		2115	double-struck capital n	
letterlike		2116	numero sign	
letterlike		2117	sound recording copyright	
letterlike		2118	script capital p	
letterlike		2119	double-struck capital p	
letterlike		211A	double-struck capital q	
letterlike		211B	script capital r	
letterlike		211C	black-letter capital r	
letterlike		211D	double-struck capital r	
letterlike		211E	prescription take	
letterlike		211F	response	
letterlike		2120	service mark	
letterlike		2121	telephone sign	
letterlike		2122	trade mark sign	
letterlike		2123	versicle	
letterlike		2124	double-struck capital z	
letterlike		2125	ounce sign	
letterlike		2126	ohm sign	
letterlike		2127	inverted ohm sign	
letterlike		2128	black-letter capital z	
letterlike		2129	turned greek small letter iota	
letterlike		212A	kelvin sign	
letterlike		212B	angstrom sign	
letterlike		212C	script capital b	
letterlike		212D	black-letter capital c	
letterlike		212E	estimated symbol	
letterlike		212F	script small e	
letterlike		2130	script capital e	
letterlike		2131	script capital f	
letterlike		2132	turned capital f	
letterlike		2133	script capital m	
letterlike		2134	script small o	
letterlike		2135	alef symbol	
letterlike		2136	bet symbol	
letterlike		2137	gimel symbol	
letterlike		2138	dalet symbol	
letterlike		2139	information source	
letterlike		213A	rotated capital q	
letterlike		213B	facsimile sign	
letterlike		213C	double-struck small pi	
letterlike		213D	double-struck small gamma	
letterlike		213E	double-struck capital gamma	
letterlike		213F	double-struck capital pi	
letterlike		2140	double-struck n-ary summation	
letterlike		2141	turned sans-serif capital g	
letterlike		2142	turned sans-serif capital l	
letterlike		2143	reversed sans-serif capital l	
letterlike		2144	turned sans-serif capital y	
letterlike		2145	double-struck italic capital d	
letterlike		2146	double-struck italic small d	
letterlike		2147	double-struck italic small e	
letterlike		2148	double-struck italic small i	
letterlike		2149	double-struck italic small j	
letterlike		214A	property line	
letterlike		214B	turned ampersand	
letterlike		214C	per sign	
letterlike		214D	aktieselskab	
letterlike		214E	turned small f	
letterlike		214F	symbol for samaritan source	
letterlike		2460	circled digit one	
letterlike		2461	circled digit two	
letterlike		2462	circled digit three	
letterlike		2463	circled digit four	
letterlike		2464	circled digit five	
letterlike		2465	circled digit six	
letterlike		2466	circled digit seven	
letterlike		2467	circled digit eight	
letterlike		2468	circled digit nine	
letterlike		2469	circled number ten	
letterlike		246A	circled number eleven	
letterlike		246B	circled number twelve	
letterlike		246C	circled number thirteen	
letterlike		246D	circled number fourteen	
letterlike		246E	circled number fifteen	
letterlike		246F	circled number sixteen	
letterlike		2470	circled number seventeen	
letterlike		2471	circled number eighteen	
letterlike		2472	circled number nineteen	
letterlike		2473	circled number twenty	
letterlike		2474	parenthesized digit one	
letterlike		2475	parenthesized digit two	
letterlike		2476	parenthesized digit three	
letterlike		2477	parenthesized digit four	
letterlike		2478	parenthesized digit five	
letterlike		2479	parenthesized digit six	
letterlike		247A	parenthesized digit seven	
letterlike		247B	parenthesized digit eight	
letterlike		247C	parenthesized digit nine	
letterlike		247D	parenthesized number ten	
letterlike		247E	parenthesized number eleven	
letterlike		247F	parenthesized number twelve	
letterlike		2480	parenthesized number thirteen	
letterlike		2481	parenthesized number fourteen	
letterlike		2482	parenthesized number fifteen	
letterlike		2483	parenthesized number sixteen	
letterlike		2484	parenthesized number seventeen	
letterlike		2485	parenthesized number eighteen	
letterlike		2486	parenthesized number nineteen	
letterlike		2487	parenthesized number twenty	
letterlike		2488	digit one full stop	
letterlike		2489	digit two full stop	
letterlike		248A	digit three full stop	
letterlike		248B	digit four full stop	
letterlike		248C	digit five full stop	
letterlike		248D	digit six full stop	
letterlike		248E	digit seven full stop	
letterlike		248F	digit eight full stop	
letterlike		2490	digit nine full stop	
letterlike		2491	number ten full stop	
letterlike		2492	number eleven full stop	
letterlike		2493	number twelve full stop	
letterlike		2494	number thirteen full stop	
letterlike		2495	number fourteen full stop	
letterlike		2496	number fifteen full stop	
letterlike		2497	number sixteen full stop	
letterlike		2498	number seventeen full stop	
letterlike		2499	number eighteen full stop	
letterlike		249A	number nineteen full stop	
letterlike		249B	number twenty full stop	
letterlike		249C	parenthesized latin small letter a	
letterlike		249D	parenthesized latin small letter b	
letterlike		249E	parenthesized latin small letter c	
letterlike		249F	parenthesized latin small letter d	
letterlike		24A0	parenthesized latin small letter e	
letterlike		24A1	parenthesized latin small letter f	
letterlike		24A2	parenthesized latin small letter g	
letterlike		24A3	parenthesized latin small letter h	
letterlike		24A4	parenthesized latin small letter i	
letterlike		24A5	parenthesized latin small letter j	
letterlike		24A6	parenthesized latin small letter k	
letterlike		24A7	parenthesized latin small letter l	
letterlike		24A8	parenthesized latin small letter m	
letterlike		24A9	parenthesized latin small letter n	
letterlike		24AA	parenthesized latin small letter o	
letterlike		24AB	parenthesized latin small letter p	
letterlike		24AC	parenthesized latin small letter q	
letterlike		24AD	parenthesized latin small letter r	
letterlike		24AE	parenthesized latin small letter s	
letterlike		24AF	parenthesized latin small letter t	
letterlike		24B0	parenthesized latin small letter u	
letterlike		24B1	parenthesized latin small letter v	
letterlike		24B2	parenthesized latin small letter w	
letterlike		24B3	parenthesized latin small letter x	
letterlike		24B4	parenthesized latin small letter y	
letterlike		24B5	parenthesized latin small letter z	
letterlike		24B6	circled latin capital letter a	
letterlike		24B7	circled latin capital letter b	
letterlike		24B8	circled latin capital letter c	
letterlike		24B9	circled latin capital letter d	
letterlike		24BA	circled latin capital letter e	
letterlike		24BB	circled latin capital letter f	
letterlike		24BC	circled latin capital letter g	
letterlike		24BD	circled latin capital letter h	
letterlike		24BE	circled latin capital letter i	
letterlike		24BF	circled latin capital letter j	
letterlike		24C0	circled latin capital letter k	
letterlike		24C1	circled latin capital letter l	
letterlike		24C2	circled latin capital letter m	
letterlike		24C3	circled latin capital letter n	
letterlike		24C4	circled latin capital letter o	
letterlike		24C5	circled latin capital letter p	
letterlike		24C6	circled latin capital letter q	
letterlike		24C7	circled latin capital letter r	
letterlike		24C8	circled latin capital letter s	
letterlike		24C9	circled latin capital letter t	
letterlike		24CA	circled latin capital letter u	
letterlike		24CB	circled latin capital letter v	
letterlike		24CC	circled latin capital letter w	
letterlike		24CD	circled latin capital letter x	
letterlike		24CE	circled latin capital letter y	
letterlike		24CF	circled latin capital letter z	
letterlike		24D0	circled latin small letter a	
letterlike		24D1	circled latin small letter b	
letterlike		24D2	circled latin small letter c	
letterlike		24D3	circled latin small letter d	
letterlike		24D4	circled latin small letter e	
letterlike		24D5	circled latin small letter f	
letterlike		24D6	circled latin small letter g	
letterlike		24D7	circled latin small letter h	
letterlike		24D8	circled latin small letter i	
letterlike		24D9	circled latin small letter j	
letterlike		24DA	circled latin small letter k	
letterlike		24DB	circled latin small letter l	
letterlike		24DC	circled latin small letter m	
letterlike		24DD	circled latin small letter n	
letterlike		24DE	circled latin small letter o	
letterlike		24DF	circled latin small letter p	
letterlike		24E0	circled latin small letter q	
letterlike		24E1	circled latin small letter r	
letterlike		24E2	circled latin small letter s	
letterlike		24E3	circled latin small letter t	
letterlike		24E4	circled latin small letter u	
letterlike		24E5	circled latin small letter v	
letterlike		24E6	circled latin small letter w	
letterlike		24E7	circled latin small letter x	
letterlike		24E8	circled latin small letter y	
letterlike		24E9	circled latin small letter z	
letterlike		24EA	circled digit zero	
letterlike		24EB	negative circled number eleven	
letterlike		24EC	negative circled number twelve	
letterlike		24ED	negative circled number thirteen	
letterlike		24EE	negative circled number fourteen	
letterlike		24EF	negative circled number fifteen	
letterlike		24F0	negative circled number sixteen	
letterlike		24F1	negative circled number seventeen	
letterlike		24F2	negative circled number eighteen	
letterlike		24F3	negative circled number nineteen	
letterlike		24F4	negative circled number twenty	
letterlike		24F5	double circled digit one	
letterlike		24F6	double circled digit two	
letterlike		24F7	double circled digit three	
letterlike		24F8	double circled digit four	
letterlike		24F9	double circled digit five	
letterlike		24FA	double circled digit six	
letterlike		24FB	double circled digit seven	
letterlike		24FC	double circled digit eight	
letterlike		24FD	double circled digit nine	
letterlike		24FE	double circled number ten	
letterlike		24FF	negative circled digit zero	
letterlike		3251	circled number twenty one	
letterlike		3252	circled number twenty two	
letterlike		3253	circled number twenty three	
letterlike		3254	circled number twenty four	
letterlike		3255	circled number twenty five	
letterlike		3256	circled number twenty six	
letterlike		3257	circled number twenty seven	
letterlike		3258	circled number twenty eight	
letterlike		3259	circled number twenty nine	
letterlike		325A	circled number thirty	
letterlike		325B	circled number thirty one	
letterlike		325C	circled number thirty two	
letterlike		325D	circled number thirty three	
letterlike		325E	circled number thirty four	
letterlike		325F	circled number thirty five	
technical		2300	diameter sign	
technical		2301	electric arrow	
technical		2302	house	
technical		2303	up arrowhead	
technical		2304	down arrowhead	
technical		2305	projective	
technical		2306	perspective	
technical		2307	wavy line	
technical		2308	left ceiling	
technical		2309	right ceiling	
technical		230A	left floor	
technical		230B	right floor	
technical		230C	bottom right crop	
technical		230D	bottom left crop	
technical		230E	top right crop	
technical		230F	top left crop	
technical		2310	reversed not sign	
technical		2311	square lozenge	
technical		2312	arc	
technical		2313	segment	
technical		2314	sector	
technical		2315	telephone recorder	
technical		2316	position indicator	
technical		2317	viewdata square	
technical		2318	place of interest sign	
technical		2319	turned not sign	
technical		231C	top left corner	
technical		231D	top right corner	
technical		231E	bottom left corner	
technical		231F	bottom right corner	
technical		2320	top half integral	
technical		2321	bottom half integral	
technical		2322	frown	
technical		2323	smile	
technical		2324	up arrowhead between two horizontal bars	
technical		2325	option key	
technical		2326	erase to the right	
technical		2327	x in a rectangle box	
technical		2328	keyboard	
technical		2329	left-pointing angle bracket	
technical		232A	right-pointing angle bracket	
technical		232B	erase to the left	
technical		232C	benzene ring	
technical		232D	cylindricity	
technical		232E	all around-profile	
technical		232F	symmetry	
technical		2330	total runout	
technical		2331	dimension origin	
technical		2332	conical taper	
technical		2333	slope	
technical		2334	counterbore	
technical		2335	countersink	
technical		2336	apl functional symbol i-beam	
technical		2337	apl functional symbol squish quad	
technical		2338	apl functional symbol quad equal	
technical		2339	apl functional symbol quad divide	
technical		233A	apl functional symbol quad diamond	
technical		233B	apl functional symbol quad jot	
technical		233C	apl functional symbol quad circle	
technical		233D	apl functional symbol circle stile	
technical		233E	apl functional symbol circle jot	
technical		233F	apl functional symbol slash bar	
technical		2340	apl functional symbol backslash bar	
technical		2341	apl functional symbol quad slash	
technical		2342	apl functional symbol quad backslash	
technical		2343	apl functional symbol quad less-than	
technical		2344	apl functional symbol quad greater-than	
technical		2345	apl functional symbol leftwards vane	
technical		2346	apl functional symbol rightwards vane	
technical		2347	apl functional symbol quad leftwards arrow	
technical		2348	apl functional symbol quad rightwards arrow	
technical		2349	apl functional symbol circle backslash	
technical		234A	apl functional symbol down tack underbar	
technical		234B	apl functional symbol delta stile	
technical		234C	apl functional symbol quad down caret	
technical		234D	apl functional symbol quad delta	
technical		234E	apl functional symbol down tack jot	
technical		234F	apl functional symbol upwards vane	
technical		2350	apl functional symbol quad upwards arrow	
technical		2351	apl functional symbol up tack overbar	
technical		2352	apl functional symbol del stile	
technical		2353	apl functional symbol quad up caret	
technical		2354	apl functional symbol quad del	
technical		2355	apl functional symbol up tack jot	
technical		2356	apl functional symbol downwards vane	
technical		2357	apl functional symbol quad downwards arrow	
technical		2358	apl functional symbol quote underbar	
technical		2359	apl functional symbol delta underbar	
technical		235A	apl functional symbol diamond underbar	
technical		235B	apl functional symbol jot underbar	
technical		235C	apl functional symbol circle underbar	
technical		235D	apl functional symbol up shoe jot	
technical		235E	apl functional symbol quote quad	
technical		235F	apl functional symbol circle star	
technical		2360	apl functional symbol quad colon	
technical		2361	apl functional symbol up tack diaeresis	
technical		2362	apl functional symbol del diaeresis	
technical		2363	apl functional symbol star diaeresis	
technical		2364	apl functional symbol jot diaeresis	
technical		2365	apl functional symbol circle diaeresis	
technical		2366	apl functional symbol down shoe stile	
technical		2367	apl functional symbol left shoe stile	
technical		2368	apl functional symbol tilde diaeresis	
technical		2369	apl functional symbol greater-than diaeresis	
technical		236A	apl functional symbol comma bar	
technical		236B	apl functional symbol del tilde	
technical		236C	apl functional symbol zilde	
technical		236D	apl functional symbol stile tilde	
technical		236E	apl functional symbol semicolon underbar	
technical		236F	apl functional symbol quad not equal	
technical		2370	apl functional symbol quad question	
technical		2371	apl functional symbol down caret tilde	
technical		2372	apl functional symbol up caret tilde	
technical		2373	apl functional symbol iota	
technical		2374	apl functional symbol rho	
technical		2375	apl functional symbol omega	
technical		2376	apl functional symbol alpha underbar	
technical		2377	apl functional symbol epsilon underbar	
technical		2378	apl functional symbol iota underbar	
technical		2379	apl functional symbol omega underbar	
technical		237A	apl functional symbol alpha	
technical		237B	not check mark	
technical		237C	right angle with downwards zigzag arrow	
technical		237D	shouldered open box	
technical		237E	bell symbol	
technical		237F	vertical line with middle dot	
technical		2380	insertion symbol	
technical		2381	continuous underline symbol	
technical		2382	discontinuous underline symbol	
technical		2383	emphasis symbol	
technical		2384	composition symbol	
technical		2385	white square with centre vertical line	
technical		2386	enter symbol	
technical		2387	alternative key symbol	
technical		2388	helm symbol	
technical		2389	circled horizontal bar with notch	
technical		238A	circled triangle down	
technical		238B	broken circle with northwest arrow	
technical		238C	undo symbol	
technical		238D	monostable symbol	
technical		238E	hysteresis symbol	
technical		238F	open-circuit-output h-type symbol	
technical		2390	open-circuit-output l-type symbol	
technical		2391	passive-pull-down-output symbol	
technical		2392	passive-pull-up-output symbol	
technical		2393	direct current symbol form two	
technical		2394	software-function symbol	
technical		2395	apl functional symbol quad	
technical		2396	decimal separator key symbol	
technical		2397	previous page	
technical		2398	next page	
technical		2399	print screen symbol	
technical		239A	clear screen symbol	
technical		239B	left parenthesis upper hook	
technical		239C	left parenthesis extension	
technical		239D	left parenthesis lower hook	
technical		239E	right parenthesis upper hook	
technical		239F	right parenthesis extension	
technical		23A0	right parenthesis lower hook	
technical		23A1	left square bracket upper corner	
technical		23A2	left square bracket extension	
technical		23A3	left square bracket lower corner	
technical		23A4	right square bracket upper corner	
technical		23A5	right square bracket extension	
technical		23A6	right square bracket lower corner	
technical		23A7	left curly bracket upper hook	
technical		23A8	left curly bracket middle piece	
technical		23A9	left curly bracket lower hook	
technical		23AA	curly bracket extension	
technical		23AB	right curly bracket upper hook	
technical		23AC	right curly bracket middle piece	
technical		23AD	right curly bracket lower hook	
technical		23AE	integral extension	
technical		23AF	horizontal line extension	
technical		23B0	upper left or lower right curly bracket section	
technical		23B1	upper right or lower left curly bracket section	
technical		23B2	summation top	
technical		23B3	summation bottom	
technical		23B4	top square bracket	
technical		23B5	bottom square bracket	
technical		23B6	bottom square bracket over top square bracket	
technical		23B7	radical symbol bottom	
technical		23B8	left vertical box line	
technical		23B9	right vertical box line	
technical		23BA	horizontal scan line-1	
technical		23BB	horizontal scan line-3	
technical		23BC	horizontal scan line-7	
technical		23BD	horizontal scan line-9	
technical		23BE	dentistry symbol light vertical and top right	
technical		23BF	dentistry symbol light vertical and bottom right	
technical		23C0	dentistry symbol light vertical with circle	
technical		23C1	dentistry symbol light down and horizontal with circle	
technical		23C2	dentistry symbol light up and horizontal with circle	
technical		23C3	dentistry symbol light vertical with triangle	
technical		23C4	dentistry symbol light down and horizontal with triangle	
technical		23C5	dentistry symbol light up and horizontal with triangle	
technical		23C6	dentistry symbol light vertical and wave	
technical		23C7	dentistry symbol light down and horizontal with wave	
technical		23C8	dentistry symbol light up and horizontal with wave	
technical		23C9	dentistry symbol light down and horizontal	
technical		23CA	dentistry symbol light up and horizontal	
technical		23CB	dentistry symbol light vertical and top left	
technical		23CC	dentistry symbol light vertical and bottom left	
technical		23CD	square foot	
technical		23CE	return symbol	
technical		23CF	eject symbol	
technical		23D0	vertical line extension	
technical		23D1	metrical breve	
technical		23D2	metrical long over short	
technical		23D3	metrical short over long	
technical		23D4	metrical long over two shorts	
technical		23D5	metrical two shorts over long	
technical		23D6	metrical two shorts joined	
technical		23D7	metrical triseme	
technical		23D8	metrical tetraseme	
technical		23D9	metrical pentaseme	
technical		23DA	earth ground	
technical		23DB	fuse	
technical		23DC	top parenthesis	
technical		23DD	bottom parenthesis	
technical		23DE	top curly bracket	
technical		23DF	bottom curly bracket	
technical		23E0	top tortoise shell bracket	
technical		23E1	bottom tortoise shell bracket	
technical		23E2	white trapezium	
technical		23E3	benzene ring with circle	
technical		23E4	straightness	
technical		23E5	flatness	
technical		23E6	ac current	
technical		23E7	electrical intersection	
technical		23E8	decimal exponent symbol	
technical		23ED	black right-pointing double triangle with vertical bar	
technical		23EE	black left-pointing double triangle with vertical bar	
technical		23EF	black right-pointing triangle with double vertical bar	
technical		23F1	stopwatch	
technical		23F2	timer clock	
technical		23F4	black medium left-pointing triangle	
technical		23F5	black medium right-pointing triangle	
technical		23F6	black medium up-pointing triangle	
technical		23F7	black medium down-pointing triangle	
technical		23F8	double vertical bar	
technical		23F9	black square for stop	
technical		23FA	black circle for record	
technical		23FB	power symbol	
technical		23FC	power on-off symbol	
technical		23FD	power on symbol	
technical		23FE	power sleep symbol	
technical		23FF	observer eye symbol	
technical		2500	box drawings light horizontal	
technical		2501	box drawings heavy horizontal	
technical		2502	box drawings light vertical	
technical		2503	box drawings heavy vertical	
technical		2504	box drawings light triple dash horizontal	
technical		2505	box drawings heavy triple dash horizontal	
technical		2506	box drawings light triple dash vertical	
technical		2507	box drawings heavy triple dash vertical	
technical		2508	box drawings light quadruple dash horizontal	
technical		2509	box drawings heavy quadruple dash horizontal	
technical		250A	box drawings light quadruple dash vertical	
technical		250B	box drawings heavy quadruple dash vertical	
technical		250C	box drawings light down and right	
technical		250D	box drawings down light and right heavy	
technical		250E	box drawings down heavy and right light	
technical		250F	box drawings heavy down and right	
technical		2510	box drawings light down and left	
technical		2511	box drawings down light and left heavy	
technical		2512	box drawings down heavy and left light	
technical		2513	box drawings heavy down and left	
technical		2514	box drawings light up and right	
technical		2515	box drawings up light and right heavy	
technical		2516	box drawings up heavy and right light	
technical		2517	box drawings heavy up and right	
technical		2518	box drawings light up and left	
technical		2519	box drawings up light and left heavy	
technical		251A	box drawings up heavy and left light	
technical		251B	box drawings heavy up and left	
technical		251C	box drawings light vertical and right	
technical		251D	box drawings vertical light and right heavy	
technical		251E	box drawings up heavy and right down light	
technical		251F	box drawings down heavy and right up light	
technical		2520	box drawings vertical heavy and right light	
technical		2521	box drawings down light and right up heavy	
technical		2522	box drawings up light and right down heavy	
technical		2523	box drawings heavy vertical and right	
technical		2524	box drawings light vertical and left	
technical		2525	box drawings vertical light and left heavy	
technical		2526	box drawings up heavy and left down light	
technical		2527	box drawings down heavy and left up light	
technical		2528	box drawings vertical heavy and left light	
technical		2529	box drawings down light and left up heavy	
technical		252A	box drawings up light and left down heavy	
technical		252B	box drawings heavy vertical and left	
technical		252C	box drawings light down and horizontal	
technical		252D	box drawings left heavy and right down light	
technical		252E	box drawings right heavy and left down light	
technical		252F	box drawings down light and horizontal heavy	
technical		2530	box drawings down heavy and horizontal light	
technical		2531	box drawings right light and left down heavy	
technical		2532	box drawings left light and right down heavy	
technical		2533	box drawings heavy down and horizontal	
technical		2534	box drawings light up and horizontal	
technical		2535	box drawings left heavy and right up light	
technical		2536	box drawings right heavy and left up light	
technical		2537	box drawings up light and horizontal heavy	
technical		2538	box drawings up heavy and horizontal light	
technical		2539	box drawings right light and left up heavy	
technical		253A	box drawings left light and right up heavy	
technical		253B	box drawings heavy up and horizontal	
technical		253C	box drawings light vertical and horizontal	
technical		253D	box drawings left heavy and right vertical light	
technical		253E	box drawings right heavy and left vertical light	
technical		253F	box drawings vertical light and horizontal heavy	
technical		2540	box drawings up heavy and down horizontal light	
technical		2541	box drawings down heavy and up horizontal light	
technical		2542	box drawings vertical heavy and horizontal light	
technical		2543	box drawings left up heavy and right down light	
technical		2544	box drawings right up heavy and left down light	
technical		2545	box drawings left down heavy and right up light	
technical		2546	box drawings right down heavy and left up light	
technical		2547	box drawings down light and up horizontal heavy	
technical		2548	box drawings up light and down horizontal heavy	
technical		2549	box drawings right light and left vertical heavy	
technical		254A	box drawings left light and right vertical heavy	
technical		254B	box drawings heavy vertical and horizontal	
technical		254C	box drawings light double dash horizontal	
technical		254D	box drawings heavy double dash horizontal	
technical		254E	box drawings light double dash vertical	
technical		254F	box drawings heavy double dash vertical	
technical		2550	box drawings double horizontal	
technical		2551	box drawings double vertical	
technical		2552	box drawings down single and right double	
technical		2553	box drawings down double and right single	
technical		2554	box drawings double down and right	
technical		2555	box drawings down single and left double	
technical		2556	box drawings down double and left single	
technical		2557	box drawings double down and left	
technical		2558	box drawings up single and right double	
technical		2559	box drawings up double and right single	
technical		255A	box drawings double up and right	
technical		255B	box drawings up single and left double	
technical		255C	box drawings up double and left single	
technical		255D	box drawings double up and left	
technical		255E	box drawings vertical single and right double	
technical		255F	box drawings vertical double and right single	
technical		2560	box drawings double vertical and right	
technical		2561	box drawings vertical single and left double	
technical		2562	box drawings vertical double and left single	
technical		2563	box drawings double vertical and left	
technical		2564	box drawings down single and horizontal double	
technical		2565	box drawings down double and horizontal single	
technical		2566	box drawings double down and horizontal	
technical		2567	box drawings up single and horizontal double	
technical		2568	box drawings up double and horizontal single	
technical		2569	box drawings double up and horizontal	
technical		256A	box drawings vertical single and horizontal double	
technical		256B	box drawings vertical double and horizontal single	
technical		256C	box drawings double vertical and horizontal	
technical		256D	box drawings light arc down and right	
technical		256E	box drawings light arc down and left	
technical		256F	box drawings light arc up and left	
technical		2570	box drawings light arc up and right	
technical		2571	box drawings light diagonal upper right to lower left	
technical		2572	box drawings light diagonal upper left to lower right	
technical		2573	box drawings light diagonal cross	
technical		2574	box drawings light left	
technical		2575	box drawings light up	
technical		2576	box drawings light right	
technical		2577	box drawings light down	
technical		2578	box drawings heavy left	
technical		2579	box drawings heavy up	
technical		257A	box drawings heavy right	
technical		257B	box drawings heavy down	
technical		257C	box drawings light left and heavy right	
technical		257D	box drawings light up and heavy down	
technical		257E	box drawings heavy left and light right	
technical		257F	box drawings heavy up and light down	
technical		2580	upper half block	
technical		2581	lower one eighth block	
technical		2582	lower one quarter block	
technical		2583	lower three eighths block	
technical		2584	lower half block	
technical		2585	lower five eighths block	
technical		2586	lower three quarters block	
technical		2587	lower seven eighths block	
technical		2588	full block	
technical		2589	left seven eighths block	
technical		258A	left three quarters block	
technical		258B	left five eighths block	
technical		258C	left half block	
technical		258D	left three eighths block	
technical		258E	left one quarter block	
technical		258F	left one eighth block	
technical		2590	right half block	
technical		2591	light shade	
technical		2592	medium shade	
technical		2593	dark shade	
technical		2594	upper one eighth block	
technical		2595	right one eighth block	
technical		2596	quadrant lower left	
technical		2597	quadrant lower right	
technical		2598	quadrant upper left	
technical		2599	quadrant upper left and lower left and lower right	
technical		259A	quadrant upper left and lower right	
technical		259B	quadrant upper left and upper right and lower left	
technical		259C	quadrant upper left and upper right and lower right	
technical		259D	quadrant upper right	
technical		259E	quadrant upper right and lower left	
technical		259F	quadrant upper right and lower left and lower right	
technical		25A0	black square	
technical		25A1	white square	
technical		25A2	white square with rounded corners	
technical		25A3	white square containing black small square	
technical		25A4	square with horizontal fill	
technical		25A5	square with vertical fill	
technical		25A6	square with orthogonal crosshatch fill	
technical		25A7	square with upper left to lower right fill	
technical		25A8	square with upper right to lower left fill	
technical		25A9	square with diagonal crosshatch fill	
technical		25AA	black small square	
technical		25AB	white small square	
technical		25AC	black rectangle	
technical		25AD	white rectangle	
technical		25AE	black vertical rectangle	
technical		25AF	white vertical rectangle	
technical		25B0	black parallelogram	
technical		25B1	white parallelogram	
technical		25B2	black up-pointing triangle	
technical		25B3	white up-pointing triangle	
technical		25B4	black up-pointing small triangle	
technical		25B5	white up-pointing small triangle	
technical		25B6	black right-pointing triangle	
technical		25B7	white right-pointing triangle	
technical		25B8	black right-pointing small triangle	
technical		25B9	white right-pointing small triangle	
technical		25BA	black right-pointing pointer	
technical		25BB	white right-pointing pointer	
technical		25BC	black down-pointing triangle	
technical		25BD	white down-pointing triangle	
technical		25BE	black down-pointing small triangle	
technical		25BF	white down-pointing small triangle	
technical		25C0	black left-pointing triangle	
technical		25C1	white left-pointing triangle	
technical		25C2	black left-pointing small triangle	
technical		25C3	white left-pointing small triangle	
technical		25C4	black left-pointing pointer	
technical		25C5	white left-pointing pointer	
technical		25C6	black diamond	
technical		25C7	white diamond	
technical		25C8	white diamond containing black small diamond	
technical		25C9	fisheye	
technical		25CA	lozenge	
technical		25CB	white circle	
technical		25CC	dotted circle	
technical		25CD	circle with vertical fill	
technical		25CE	bullseye	
technical		25CF	black circle	
technical		25D0	circle with left half black	
technical		25D1	circle with right half black	
technical		25D2	circle with lower half black	
technical		25D3	circle with upper half black	
technical		25D4	circle with upper right quadrant black	
technical		25D5	circle with all but upper left quadrant black	
technical		25D6	left half black circle	
technical		25D7	right half black circle	
technical		25D8	inverse bullet	
technical		25D9	inverse white circle	
technical		25DA	upper half inverse white circle	
technical		25DB	lower half inverse white circle	
technical		25DC	upper left quadrant circular arc	
technical		25DD	upper right quadrant circular arc	
technical		25DE	lower right quadrant circular arc	
technical		25DF	lower left quadrant circular arc	
technical		25E0	upper half circle	
technical		25E1	lower half circle	
technical		25E2	black lower right triangle	
technical		25E3	black lower left triangle	
technical		25E4	black upper left triangle	
technical		25E5	black upper right triangle	
technical		25E6	white bullet	
technical		25E7	square with left half black	
technical		25E8	square with right half black	
technical		25E9	square with upper left diagonal half black	
technical		25EA	square with lower right diagonal half black	
technical		25EB	white square with vertical bisecting line	
technical		25EC	white up-pointing triangle with dot	
technical		25ED	up-pointing triangle with left half black	
technical		25EE	up-pointing triangle with right half black	
technical		25EF	large circle	
technical		25F0	white square with upper left quadrant	
technical		25F1	white square with lower left quadrant	
technical		25F2	white square with lower right quadrant	
technical		25F3	white square with upper right quadrant	
technical		25F4	white circle with upper left quadrant	
technical		25F5	white circle with lower left quadrant	
technical		25F6	white circle with lower right quadrant	
technical		25F7	white circle with upper right quadrant	
technical		25F8	upper left triangle	
technical		25F9	upper right triangle	
technical		25FA	lower left triangle	
technical		25FB	white medium square	
technical		25FC	black medium square	
technical		25FF	lower right triangle	
technical		2600	black sun with rays	
technical		2601	cloud	
technical		2602	umbrella	
technical		2603	snowman	
technical		2604	comet	
technical		2605	black star	
technical		2606	white star	
technical		2607	lightning	
technical		2608	thunderstorm	
technical		2609	sun	
technical		260A	ascending node	
technical		260B	descending node	
technical		260C	conjunction	
technical		260D	opposition	
technical		260E	black telephone	
technical		260F	white telephone	
technical		2610	ballot box	
technical		2611	ballot box with check	
technical		2612	ballot box with x	
technical		2613	saltire	
technical		2616	white shogi piece	
technical		2617	black shogi piece	
technical		2618	shamrock	
technical		2619	reversed rotated floral heart bullet	
technical		261A	black left pointing index	
technical		261B	black right pointing index	
technical		261C	white left pointing index	
technical		261D	white up pointing index	
technical		261E	white right pointing index	
technical		261F	white down pointing index	
technical		2620	skull and crossbones	
technical		2621	caution sign	
technical		2622	radioactive sign	
technical		2623	biohazard sign	
technical		2624	caduceus	
technical		2625	ankh	
technical		2626	orthodox cross	
technical		2627	chi rho	
technical		2628	cross of lorraine	
technical		2629	cross of jerusalem	
technical		262A	star and crescent	
technical		262B	farsi symbol	
technical		262C	adi shakti	
technical		262D	hammer and sickle	
technical		262E	peace symbol	
technical		262F	yin yang	
technical		2630	trigram for heaven	
technical		2631	trigram for lake	
technical		2632	trigram for fire	
technical		2633	trigram for thunder	
technical		2634	trigram for wind	
technical		2635	trigram for water	
technical		2636	trigram for mountain	
technical		2637	trigram for earth	
technical		2638	wheel of dharma	
technical		2639	white frowning face	
technical		263A	white smiling face	
technical		263B	black smiling face	
technical		263C	white sun with rays	
technical		263D	first quarter moon	
technical		263E	last quarter moon	
technical		263F	mercury	
technical		2640	female sign	
technical		2641	earth	
technical		2642	male sign	
technical		2643	jupiter	
technical		2644	saturn	
technical		2645	uranus	
technical		2646	neptune	
technical		2647	pluto	
technical		2654	white chess king	
technical		2655	white chess queen	
technical		2656	white chess rook	
technical		2657	white chess bishop	
technical		2658	white chess knight	
technical		2659	white chess pawn	
technical		265A	black chess king	
technical		265B	black chess queen	
technical		265C	black chess rook	
technical		265D	black chess bishop	
technical		265E	black chess knight	
technical		265F	black chess pawn	
technical		2660	black spade suit	
technical		2661	white heart suit	
technical		2662	white diamond suit	
technical		2663	black club suit	
technical		2664	white spade suit	
technical		2665	black heart suit	
technical		2666	black diamond suit	
technical		2667	white club suit	
technical		2668	hot springs	
technical		2669	quarter note	
technical		266A	eighth note	
technical		266B	beamed eighth notes	
technical		266C	beamed sixteenth notes	
technical		266D	music flat sign	
technical		266E	music natural sign	
technical		266F	music sharp sign	
technical		2670	west syriac cross	
technical		2671	east syriac cross	
technical		2672	universal recycling symbol	
technical		2673	recycling symbol for type-1 plastics	
technical		2674	recycling symbol for type-2 plastics	
technical		2675	recycling symbol for type-3 plastics	
technical		2676	recycling symbol for type-4 plastics	
technical		2677	recycling symbol for type-5 plastics	
technical		2678	recycling symbol for type-6 plastics	
technical		2679	recycling symbol for type-7 plastics	
technical		267A	recycling symbol for generic materials	
technical		267B	black universal recycling symbol	
technical		267C	recycled paper symbol	
technical		267D	partially-recycled paper symbol	
technical		267E	permanent paper sign	
technical		2680	die face-1	
technical		2681	die face-2	
technical		2682	die face-3	
technical		2683	die face-4	
technical		2684	die face-5	
technical		2685	die face-6	
technical		2686	white circle with dot right	
technical		2687	white circle with two dots	
technical		2688	black circle with white dot right	
technical		2689	black circle with two white dots	
technical		268A	monogram for yang	
technical		268B	monogram for yin	
technical		268C	digram for greater yang	
technical		268D	digram for lesser yin	
technical		268E	digram for lesser yang	
technical		268F	digram for greater yin	
technical		2690	white flag	
technical		2691	black flag	
technical		2692	hammer and pick	
technical		2694	crossed swords	
technical		2695	staff of aesculapius	
technical		2696	scales	
technical		2697	alembic	
technical		2698	flower	
technical		2699	gear	
technical		269A	staff of hermes	
technical		269B	atom symbol	
technical		269C	fleur-de-lis	
technical		269D	outlined white star	
technical		269E	three lines converging right	
technical		269F	three lines converging left	
technical		26A0	warning sign	
technical		26A2	doubled female sign	
technical		26A3	doubled male sign	
technical		26A4	interlocked female and male sign	
technical		26A5	male and female sign	
technical		26A6	male with stroke sign	
technical		26A7	male with stroke and male and female sign	
technical		26A8	vertical male with stroke sign	
technical		26A9	horizontal male with stroke sign	
technical		26AC	medium small white circle	
technical		26AD	marriage symbol	
technical		26AE	divorce symbol	
technical		26AF	unmarried partnership symbol	
technical		26B0	coffin	
technical		26B1	funeral urn	
technical		26B2	neuter	
technical		26B3	ceres	
technical		26B4	pallas	
technical		26B5	juno	
technical		26B6	vesta	
technical		26B7	chiron	
technical		26B8	black moon lilith	
technical		26B9	sextile	
technical		26BA	semisextile	
technical		26BB	quincunx	
technical		26BC	sesquiquadrate	
technical		26BF	squared key	
technical		26C0	white draughts man	
technical		26C1	white draughts king	
technical		26C2	black draughts man	
technical		26C3	black draughts king	
technical		26C6	rain	
technical		26C7	black snowman	
technical		26C8	thunder cloud and rain	
technical		26C9	turned white shogi piece	
technical		26CA	turned black shogi piece	
technical		26CB	white diamond in square	
technical		26CC	crossing lanes	
technical		26CD	disabled car	
technical		26CF	pick	
technical		26D0	car sliding	
technical		26D1	helmet with white cross	
technical		26D2	circled crossing lanes	
technical		26D3	chains	
technical		26D5	alternate one-way left way traffic	
technical		26D6	black two-way left way traffic	
technical		26D7	white two-way left way traffic	
technical		26D8	black left lane merge	
technical		26D9	white left lane merge	
technical		26DA	drive slow sign	
technical		26DB	heavy white down-pointing triangle	
technical		26DC	left closed entry	
technical		26DD	squared saltire	
technical		26DE	falling diagonal in white circle in black square	
technical		26DF	black truck	
technical		26E0	restricted left entry-1	
technical		26E1	restricted left entry-2	
technical		26E2	astronomical symbol for uranus	
technical		26E3	heavy circle with stroke and two dots above	
technical		26E4	pentagram	
technical		26E5	right-handed interlaced pentagram	
technical		26E6	left-handed interlaced pentagram	
technical		26E7	inverted pentagram	
technical		26E8	black cross on shield	
technical		26E9	shinto shrine	
technical		26EB	castle	
technical		26EC	historic site	
technical		26ED	gear without hub	
technical		26EE	gear with handles	
technical		26EF	map symbol for lighthouse	
technical		26F0	mountain	
technical		26F1	umbrella on ground	
technical		26F4	ferry	
technical		26F6	square four corners	
technical		26F7	skier	
technical		26F8	ice skate	
technical		26F9	person with ball	
technical		26FB	japanese bank symbol	
technical		26FC	headstone graveyard symbol	
technical		26FE	cup on black square	
technical		26FF	white flag with horizontal middle black stripe	
technical		2700	black safety scissors	
technical		2701	upper blade scissors	
technical		2702	black scissors	
technical		2703	lower blade scissors	
technical		2704	white scissors	
technical		2706	telephone location sign	
technical		2707	tape drive	
technical		2708	airplane	
technical		2709	envelope	
technical		270C	victory hand	
technical		270D	writing hand	
technical		270E	lower right pencil	
technical		270F	pencil	
technical		2710	upper right pencil	
technical		2711	white nib	
technical		2712	black nib	
technical		2713	check mark	
technical		2714	heavy check mark	
technical		2715	multiplication x	
technical		2716	heavy multiplication x	
technical		2717	ballot x	
technical		2718	heavy ballot x	
technical		2719	outlined greek cross	
technical		271A	heavy greek cross	
technical		271B	open centre cross	
technical		271C	heavy open centre cross	
technical		271D	latin cross	
technical		271E	shadowed white latin cross	
technical		271F	outlined latin cross	
technical		2720	maltese cross	
technical		2721	star of david	
technical		2722	four teardrop-spoked asterisk	
technical		2723	four balloon-spoked asterisk	
technical		2724	heavy four balloon-spoked asterisk	
technical		2725	four club-spoked asterisk	
technical		2726	black four pointed star	
technical		2727	white four pointed star	
technical		2729	stress outlined white star	
technical		272A	circled white star	
technical		272B	open centre black star	
technical		272C	black centre white star	
technical		272D	outlined black star	
technical		272E	heavy outlined black star	
technical		272F	pinwheel star	
technical		2730	shadowed white star	
technical		2731	heavy asterisk	
technical		2732	open centre asterisk	
technical		2733	eight spoked asterisk	
technical		2734	eight pointed black star	
technical		2735	eight pointed pinwheel star	
technical		2736	six pointed black star	
technical		2737	eight pointed rectilinear black star	
technical		2738	heavy eight pointed rectilinear black star	
technical		2739	twelve pointed black star	
technical		273A	sixteen pointed asterisk	
technical		273B	teardrop-spoked asterisk	
technical		273C	open centre teardrop-spoked asterisk	
technical		273D	heavy teardrop-spoked asterisk	
technical		273E	six petalled black and white florette	
technical		273F	black florette	
technical		2740	white florette	
technical		2741	eight petalled outlined black florette	
technical		2742	circled open centre eight pointed star	
technical		2743	heavy teardrop-spoked pinwheel asterisk	
technical		2744	snowflake	
technical		2745	tight trifoliate snowflake	
technical		2746	heavy chevron snowflake	
technical		2747	sparkle	
technical		2748	heavy sparkle	
technical		2749	balloon-spoked asterisk	
technical		274A	eight teardrop-spoked propeller asterisk	
technical		274B	heavy eight teardrop-spoked propeller asterisk	
technical		274D	shadowed white circle	
technical		274F	lower right drop-shadowed white square	
technical		2750	upper right drop-shadowed white square	
technical		2751	lower right shadowed white square	
technical		2752	upper right shadowed white square	
technical		2756	black diamond minus white x	
technical		2758	light vertical bar	
technical		2759	medium vertical bar	
technical		275A	heavy vertical bar	
technical		275B	heavy single turned comma quotation mark ornament	
technical		275C	heavy single comma quotation mark ornament	
technical		275D	heavy double turned comma quotation mark ornament	
technical		275E	heavy double comma quotation mark ornament	
technical		275F	heavy low single comma quotation mark ornament	
technical		2760	heavy low double comma quotation mark ornament	
technical		2761	curved stem paragraph sign ornament	
technical		2762	heavy exclamation mark ornament	
technical		2763	heavy heart exclamation mark ornament	
technical		2764	heavy black heart	
technical		2765	rotated heavy black heart bullet	
technical		2766	floral heart	
technical		2767	rotated floral heart bullet	
technical		2768	medium left parenthesis ornament	
technical		2769	medium right parenthesis ornament	
technical		276A	medium flattened left parenthesis ornament	
technical		276B	medium flattened right parenthesis ornament	
technical		276C	medium left-pointing angle bracket ornament	
technical		276D	medium right-pointing angle bracket ornament	
technical		276E	heavy left-pointing angle quotation mark ornament	
technical		276F	heavy right-pointing angle quotation mark ornament	
technical		2770	heavy left-pointing angle bracket ornament	
technical		2771	heavy right-pointing angle bracket ornament	
technical		2772	light left tortoise shell bracket ornament	
technical		2773	light right tortoise shell bracket ornament	
technical		2774	medium left curly bracket ornament	
technical		2775	medium right curly bracket ornament	
technical		2776	dingbat negative circled digit one	
technical		2777	dingbat negative circled digit two	
technical		2778	dingbat negative circled digit three	
technical		2779	dingbat negative circled digit four	
technical		277A	dingbat negative circled digit five	
technical		277B	dingbat negative circled digit six	
technical		277C	dingbat negative circled digit seven	
technical		277D	dingbat negative circled digit eight	
technical		277E	dingbat negative circled digit nine	
technical		277F	dingbat negative circled number ten	
technical		2780	dingbat circled sans-serif digit one	
technical		2781	dingbat circled sans-serif digit two	
technical		2782	dingbat circled sans-serif digit three	
technical		2783	dingbat circled sans-serif digit four	
technical		2784	dingbat circled sans-serif digit five	
technical		2785	dingbat circled sans-serif digit six	
technical		2786	dingbat circled sans-serif digit seven	
technical		2787	dingbat circled sans-serif digit eight	
technical		2788	dingbat circled sans-serif digit nine	
technical		2789	dingbat circled sans-serif number ten	
technical		278A	dingbat negative circled sans-serif digit one	
technical		278B	dingbat negative circled sans-serif digit two	
technical		278C	dingbat negative circled sans-serif digit three	
technical		278D	dingbat negative circled sans-serif digit four	
technical		278E	dingbat negative circled sans-serif digit five	
technical		278F	dingbat negative circled sans-serif digit six	
technical		2790	dingbat negative circled sans-serif digit seven	
technical		2791	dingbat negative circled sans-serif digit eight	
technical		2792	dingbat negative circled sans-serif digit nine	
technical		2793	dingbat negative circled sans-serif number ten	
technical		2794	heavy wide-headed rightwards arrow	
technical		2798	heavy south east arrow	
technical		2799	heavy rightwards arrow	
technical		279A	heavy north east arrow	
technical		279B	drafting point rightwards arrow	
technical		279C	heavy round-tipped rightwards arrow	
technical		279D	triangle-headed rightwards arrow	
technical		279E	heavy triangle-headed rightwards arrow	
technical		279F	dashed triangle-headed rightwards arrow	
technical		27A0	heavy dashed triangle-headed rightwards arrow	
technical		27A1	black rightwards arrow	
technical		27A2	three-d top-lighted rightwards arrowhead	
technical		27A3	three-d bottom-lighted rightwards arrowhead	
technical		27A4	black rightwards arrowhead	
technical		27A5	heavy black curved downwards and rightwards arrow	
technical		27A6	heavy black curved upwards and rightwards arrow	
technical		27A7	squat black rightwards arrow	
technical		27A8	heavy concave-pointed black rightwards arrow	
technical		27A9	right-shaded white rightwards arrow	
technical		27AA	left-shaded white rightwards arrow	
technical		27AB	back-tilted shadowed white rightwards arrow	
technical		27AC	front-tilted shadowed white rightwards arrow	
technical		27AD	heavy lower right-shadowed white rightwards arrow	
technical		27AE	heavy upper right-shadowed white rightwards arrow	
technical		27AF	notched lower right-shadowed white rightwards arrow	
technical		27B1	notched upper right-shadowed white rightwards arrow	
technical		27B2	circled heavy white rightwards arrow	
technical		27B3	white-feathered rightwards arrow	
technical		27B4	black-feathered south east arrow	
technical		27B5	black-feathered rightwards arrow	
technical		27B6	black-feathered north east arrow	
technical		27B7	heavy black-feathered south east arrow	
technical		27B8	heavy black-feathered rightwards arrow	
technical		27B9	heavy black-feathered north east arrow	
technical		27BA	teardrop-barbed rightwards arrow	
technical		27BB	heavy teardrop-shanked rightwards arrow	
technical		27BC	wedge-tailed rightwards arrow	
technical		27BD	heavy wedge-tailed rightwards arrow	
technical		27BE	open-outlined rightwards arrow	
technical		2800	braille pattern blank	
technical		2801	braille pattern dots-1	
technical		2802	braille pattern dots-2	
technical		2803	braille pattern dots-12	
technical		2804	braille pattern dots-3	
technical		2805	braille pattern dots-13	
technical		2806	braille pattern dots-23	
technical		2807	braille pattern dots-123	
technical		2808	braille pattern dots-4	
technical		2809	braille pattern dots-14	
technical		280A	braille pattern dots-24	
technical		280B	braille pattern dots-124	
technical		280C	braille pattern dots-34	
technical		280D	braille pattern dots-134	
technical		280E	braille pattern dots-234	
technical		280F	braille pattern dots-1234	
technical		2810	braille pattern dots-5	
technical		2811	braille pattern dots-15	
technical		2812	braille pattern dots-25	
technical		2813	braille pattern dots-125	
technical		2814	braille pattern dots-35	
technical		2815	braille pattern dots-135	
technical		2816	braille pattern dots-235	
technical		2817	braille pattern dots-1235	
technical		2818	braille pattern dots-45	
technical		2819	braille pattern dots-145	
technical		281A	braille pattern dots-245	
technical		281B	braille pattern dots-1245	
technical		281C	braille pattern dots-345	
technical		281D	braille pattern dots-1345	
technical		281E	braille pattern dots-2345	
technical		281F	braille pattern dots-12345	
technical		2820	braille pattern dots-6	
technical		2821	braille pattern dots-16	
technical		2822	braille pattern dots-26	
technical		2823	braille pattern dots-126	
technical		2824	braille pattern dots-36	
technical		2825	braille pattern dots-136	
technical		2826	braille pattern dots-236	
technical		2827	braille pattern dots-1236	
technical		2828	braille pattern dots-46	
technical		2829	braille pattern dots-146	
technical		282A	braille pattern dots-246	
technical		282B	braille pattern dots-1246	
technical		282C	braille pattern dots-346	
technical		282D	braille pattern dots-1346	
technical		282E	braille pattern dots-2346	
technical		282F	braille pattern dots-12346	
technical		2830	braille pattern dots-56	
technical		2831	braille pattern dots-156	
technical		2832	braille pattern dots-256	
technical		2833	braille pattern dots-1256	
technical		2834	braille pattern dots-356	
technical		2835	braille pattern dots-1356	
technical		2836	braille pattern dots-2356	
technical		2837	braille pattern dots-12356	
technical		2838	braille pattern dots-456	
technical		2839	braille pattern dots-1456	
technical		283A	braille pattern dots-2456	
technical		283B	braille pattern dots-12456	
technical		283C	braille pattern dots-3456	
technical		283D	braille pattern dots-13456	
technical		283E	braille pattern dots-23456	
technical		283F	braille pattern dots-123456	
technical		2840	braille pattern dots-7	
technical		2841	braille pattern dots-17	
technical		2842	braille pattern dots-27	
technical		2843	braille pattern dots-127	
technical		2844	braille pattern dots-37	
technical		2845	braille pattern dots-137	
technical		2846	braille pattern dots-237	
technical		2847	braille pattern dots-1237	
technical		2848	braille pattern dots-47	
technical		2849	braille pattern dots-147	
technical		284A	braille pattern dots-247	
technical		284B	braille pattern dots-1247	
technical		284C	braille pattern dots-347	
technical		284D	braille pattern dots-1347	
technical		284E	braille pattern dots-2347	
technical		284F	braille pattern dots-12347	
technical		2850	braille pattern dots-57	
technical		2851	braille pattern dots-157	
technical		2852	braille pattern dots-257	
technical		2853	braille pattern dots-1257	
technical		2854	braille pattern dots-357	
technical		2855	braille pattern dots-1357	
technical		2856	braille pattern dots-2357	
technical		2857	braille pattern dots-12357	
technical		2858	braille pattern dots-457	
technical		2859	braille pattern dots-1457	
technical		285A	braille pattern dots-2457	
technical		285B	braille pattern dots-12457	
technical		285C	braille pattern dots-3457	
technical		285D	braille pattern dots-13457	
technical		285E	braille pattern dots-23457	
technical		285F	braille pattern dots-123457	
technical		2860	braille pattern dots-67	
technical		2861	braille pattern dots-167	
technical		2862	braille pattern dots-267	
technical		2863	braille pattern dots-1267	
technical		2864	braille pattern dots-367	
technical		2865	braille pattern dots-1367	
technical		2866	braille pattern dots-2367	
technical		2867	braille pattern dots-12367	
technical		2868	braille pattern dots-467	
technical		2869	braille pattern dots-1467	
technical		286A	braille pattern dots-2467	
technical		286B	braille pattern dots-12467	
technical		286C	braille pattern dots-3467	
technical		286D	braille pattern dots-13467	
technical		286E	braille pattern dots-23467	
technical		286F	braille pattern dots-123467	
technical		2870	braille pattern dots-567	
technical		2871	braille pattern dots-1567	
technical		2872	braille pattern dots-2567	
technical		2873	braille pattern dots-12567	
technical		2874	braille pattern dots-3567	
technical		2875	braille pattern dots-13567	
technical		2876	braille pattern dots-23567	
technical		2877	braille pattern dots-123567	
technical		2878	braille pattern dots-4567	
technical		2879	braille pattern dots-14567	
technical		287A	braille pattern dots-24567	
technical		287B	braille pattern dots-124567	
technical		287C	braille pattern dots-34567	
technical		287D	braille pattern dots-134567	
technical		287E	braille pattern dots-234567	
technical		287F	braille pattern dots-1234567	
technical		2880	braille pattern dots-8	
technical		2881	braille pattern dots-18	
technical		2882	braille pattern dots-28	
technical		2883	braille pattern dots-128	
technical		2884	braille pattern dots-38	
technical		2885	braille pattern dots-138	
technical		2886	braille pattern dots-238	
technical		2887	braille pattern dots-1238	
technical		2888	braille pattern dots-48	
technical		2889	braille pattern dots-148	
technical		288A	braille pattern dots-248	
technical		288B	braille pattern dots-1248	
technical		288C	braille pattern dots-348	
technical		288D	braille pattern dots-1348	
technical		288E	braille pattern dots-2348	
technical		288F	braille pattern dots-12348	
technical		2890	braille pattern dots-58	
technical		2891	braille pattern dots-158	
technical		2892	braille pattern dots-258	
technical		2893	braille pattern dots-1258	
technical		2894	braille pattern dots-358	
technical		2895	braille pattern dots-1358	
technical		2896	braille pattern dots-2358	
technical		2897	braille pattern dots-12358	
technical		2898	braille pattern dots-458	
technical		2899	braille pattern dots-1458	
technical		289A	braille pattern dots-2458	
technical		289B	braille pattern dots-12458	
technical		289C	braille pattern dots-3458	
technical		289D	braille pattern dots-13458	
technical		289E	braille pattern dots-23458	
technical		289F	braille pattern dots-123458	
technical		28A0	braille pattern dots-68	
technical		28A1	braille pattern dots-168	
technical		28A2	braille pattern dots-268	
technical		28A3	braille pattern dots-1268	
technical		28A4	braille pattern dots-368	
technical		28A5	braille pattern dots-1368	
technical		28A6	braille pattern dots-2368	
technical		28A7	braille pattern dots-12368	
technical		28A8	braille pattern dots-468	
technical		28A9	braille pattern dots-1468	
technical		28AA	braille pattern dots-2468	
technical		28AB	braille pattern dots-12468	
technical		28AC	braille pattern dots-3468	
technical		28AD	braille pattern dots-13468	
technical		28AE	braille pattern dots-23468	
technical		28AF	braille pattern dots-123468	
technical		28B0	braille pattern dots-568	
technical		28B1	braille pattern dots-1568	
technical		28B2	braille pattern dots-2568	
technical		28B3	braille pattern dots-12568	
technical		28B4	braille pattern dots-3568	
technical		28B5	braille pattern dots-13568	
technical		28B6	braille pattern dots-23568	
technical		28B7	braille pattern dots-123568	
technical		28B8	braille pattern dots-4568	
technical		28B9	braille pattern dots-14568	
technical		28BA	braille pattern dots-24568	
technical		28BB	braille pattern dots-124568	
technical		28BC	braille pattern dots-34568	
technical		28BD	braille pattern dots-134568	
technical		28BE	braille pattern dots-234568	
technical		28BF	braille pattern dots-1234568	
technical		28C0	braille pattern dots-78	
technical		28C1	braille pattern dots-178	
technical		28C2	braille pattern dots-278	
technical		28C3	braille pattern dots-1278	
technical		28C4	braille pattern dots-378	
technical		28C5	braille pattern dots-1378	
technical		28C6	braille pattern dots-2378	
technical		28C7	braille pattern dots-12378	
technical		28C8	braille pattern dots-478	
technical		28C9	braille pattern dots-1478	
technical		28CA	braille pattern dots-2478	
technical		28CB	braille pattern dots-12478	
technical		28CC	braille pattern dots-3478	
technical		28CD	braille pattern dots-13478	
technical		28CE	braille pattern dots-23478	
technical		28CF	braille pattern dots-123478	
technical		28D0	braille pattern dots-578	
technical		28D1	braille pattern dots-1578	
technical		28D2	braille pattern dots-2578	
technical		28D3	braille pattern dots-12578	
technical		28D4	braille pattern dots-3578	
technical		28D5	braille pattern dots-13578	
technical		28D6	braille pattern dots-23578	
technical		28D7	braille pattern dots-123578	
technical		28D8	braille pattern dots-4578	
technical		28D9	braille pattern dots-14578	
technical		28DA	braille pattern dots-24578	
technical		28DB	braille pattern dots-124578	
technical		28DC	braille pattern dots-34578	
technical		28DD	braille pattern dots-134578	
technical		28DE	braille pattern dots-234578	
technical		28DF	braille pattern dots-1234578	
technical		28E0	braille pattern dots-678	
technical		28E1	braille pattern dots-1678	
technical		28E2	braille pattern dots-2678	
technical		28E3	braille pattern dots-12678	
technical		28E4	braille pattern dots-3678	
technical		28E5	braille pattern dots-13678	
technical		28E6	braille pattern dots-23678	
technical		28E7	braille pattern dots-123678	
technical		28E8	braille pattern dots-4678	
technical		28E9	braille pattern dots-14678	
technical		28EA	braille pattern dots-24678	
technical		28EB	braille pattern dots-124678	
technical		28EC	braille pattern dots-34678	
technical		28ED	braille pattern dots-134678	
technical		28EE	braille pattern dots-234678	
technical		28EF	braille pattern dots-1234678	
technical		28F0	braille pattern dots-5678	
technical		28F1	braille pattern dots-15678	
technical		28F2	braille pattern dots-25678	
technical		28F3	braille pattern dots-125678	
technical		28F4	braille pattern dots-35678	
technical		28F5	braille pattern dots-135678	
technical		28F6	braille pattern dots-235678	
technical		28F7	braille pattern dots-1235678	
technical		28F8	braille pattern dots-45678	
technical		28F9	braille pattern dots-145678	
technical		28FA	braille pattern dots-245678	
technical		28FB	braille pattern dots-1245678	
technical		28FC	braille pattern dots-345678	
technical		28FD	braille pattern dots-1345678	
technical		28FE	braille pattern dots-2345678	
technical		28FF	braille pattern dots-12345678	
